rudiment_number,rudiment,rudiment_supported,video_id,url,title,channel,channel_url,channel_followers,reputable,reputable_reason,license,license_raw,duration_s,width,height,fps,has_60fps,upload_date,view_count,camera_angle,hands_visible,view_source,shoulder_ratio,stated_tempo_bpm,title_match,compilation,content,found_by,notes,score,training_ok,training_skip_reason,cc_search_but_standard,tier
1,Single Stroke Roll,True,mMWfZY_1nOA,https://www.youtube.com/watch?v=mMWfZY_1nOA,320 BPM SINGLE STROKES FOR A MINUTE,Arjun Diwaker ,https://www.youtube.com/channel/UCVGd0NnyBjgzCQ7MPmKo4RQ,78,no,,CC-BY,Creative Commons Attribution license (reuse allowed),60,1080,1536,30.0,False,20210804,3080,three-quarter,yes,thumbnail (auto),0.79,,True,False,demo,CC 'single stroke rudiment',vertical,7.9,True,,False,pick
1,Single Stroke Roll,True,hA5WW-K_sjU,https://www.youtube.com/watch?v=hA5WW-K_sjU,🥁(One-Handed-Rolls/Single Stroke Rolls)Traditional Grip #drums #drumpractice @SoultoneCymbalsusa,Jorge Gabriel Gonçalves drummer ,https://www.youtube.com/channel/UCLZpKvJERRW7zlwNgp4sbHA,32,no,,CC-BY,Creative Commons Attribution license (reuse allowed),51,720,1280,30.0,False,20260813,1088,three-quarter,yes,thumbnail (auto),0.74,,True,False,demo,CC 'Thirteen Stroke Roll tutorial',short; vertical,7.71,True,,False,pick
1,Single Stroke Roll,True,ivbkllDRjHY,https://www.youtube.com/watch?v=ivbkllDRjHY,Single stroke roll builder(wrists only) at the end of the day it’s probably the best way to build it,Freddy Charles,https://www.youtube.com/channel/UC1xkrycozgUqLLCmwSSGAdA,1080,no,,CC-BY,Creative Commons Attribution license (reuse allowed),82,720,1280,30.0,False,20231207,215,three-quarter,yes,thumbnail (auto),0.73,,True,False,demo,CC 'Single Stroke Roll drum'; CC 'Single Stroke Roll lesson'; CC 'Single Stroke Roll snare'; CC 'Single Stroke Roll'; CC 'single strokes rudiment',vertical,7.43,True,,False,pick
1,Single Stroke Roll,True,sWddFidChJ8,https://www.youtube.com/watch?v=sWddFidChJ8,Sticking Exercise Luca Fortunato - single strokes and two strokes roll - 167 bpm,Luca Fortunato Drum,https://www.youtube.com/channel/UCmiV9nU0Up1HOU8xukWFRZw,249,no,,CC-BY,Creative Commons Attribution license (reuse allowed),102,720,1280,30.0,False,20210121,51,front,yes,thumbnail (auto),1.0,167,True,False,demo,CC '11 stroke roll rudiment'; CC 'Eleven Stroke Roll drum'; CC 'Eleven Stroke Roll practice pad'; CC 'Eleven Stroke Roll rudiment'; CC 'Eleven Stroke Roll snare'; CC 'Eleven Stroke Roll tutorial'; CC 'Eleven Stroke Roll'; CC 'Five Stroke Roll practice pad'; CC 'Five Stroke Roll snare'; CC 'Single Pa,vertical,7.19,True,,False,pick
1,Single Stroke Roll,True,fYXx7d2oTSU,https://www.youtube.com/watch?v=fYXx7d2oTSU,Single stroke roll mano destra ( right hand ),Luca Fortunato Drum,https://www.youtube.com/channel/UCmiV9nU0Up1HOU8xukWFRZw,249,no,,CC-BY,Creative Commons Attribution license (reuse allowed),248,720,1280,30.0,False,20191029,22,three-quarter,yes,thumbnail (auto),0.99,,True,False,demo,CC 'Single Stroke Roll',vertical,7.04,True,,False,pick
1,Single Stroke Roll,True,TCWxKEUX5xk,https://www.youtube.com/watch?v=TCWxKEUX5xk,"Single Stroke Roll - Aplicação em Semínima, Colcheia, Semicolcheia e Fusa. Aluno Luiz Mário.",ESTUDE BATERIA,https://www.youtube.com/channel/UCVN6V8fPSRXg1UCWcotqkoA,2280,no,,CC-BY,Creative Commons Attribution license (reuse allowed),57,1920,1072,30.0,False,20200307,697,side,one,thumbnail (auto),0.13,,True,False,demo,CC '15 stroke roll rudiment'; CC '6 stroke roll rudiment'; CC '7 stroke roll rudiment'; CC '9 stroke roll rudiment'; CC 'Fifteen Stroke Roll drum'; CC 'Fifteen Stroke Roll lesson'; CC 'Fifteen Stroke Roll rudiment'; CC 'Fifteen Stroke Roll snare'; CC 'Fifteen Stroke Roll tutorial'; CC 'Fifteen Strok,short,6.64,True,,False,pick
1,Single Stroke Roll,True,VgcCgk3FxS8,https://www.youtube.com/watch?v=VgcCgk3FxS8,Improve Your Single Strokes Speed and Control! 🥁,DrumScoresOnline,https://www.youtube.com/channel/UCqoX1-UytpZkOaWbeSitd4g,5440,no,,CC-BY,Creative Commons Attribution license (reuse allowed),12,720,1280,50.0,True,20241224,8224,unknown,one,thumbnail (auto),,,True,False,demo,CC 'single stroke rudiment',short; vertical,6.57,True,,False,pick
1,Single Stroke Roll,True,i5rhNvDWM34,https://www.youtube.com/watch?v=i5rhNvDWM34,"17 09 05  Drum Video Clip - Single Stroke Combination3,4,3and4 / 드러머 석성주(ドラマー石聖柱)",Agape Church,https://www.youtube.com/channel/UCqa_2NCOhrz6svRmmxFljSw,1870,no,,CC-BY,Creative Commons Attribution license (reuse allowed),122,1920,1080,30.0,False,20170914,26,side,one,thumbnail (auto),0.17,,True,False,demo,CC 'Single Stroke Four drum'; CC 'Single Stroke Four lesson'; CC 'Single Stroke Four tutorial'; CC 'single stroke 4 rudiment',,6.07,True,,False,pick
1,Single Stroke Roll,True,GSVfGJhYUhQ,https://www.youtube.com/watch?v=GSVfGJhYUhQ,Neil Peart of Rush - MASTER of the SINGLE STROKE ROLL,All About Rush,https://www.youtube.com/channel/UCgNAbUDm0V3d6UsBnzI3AAw,2830,no,,CC-BY,Creative Commons Attribution license (reuse allowed),1001,1920,1080,30.0,False,20211105,2434,three-quarter,one,thumbnail (auto),0.74,,True,False,demo,CC '5 stroke roll rudiment'; CC 'Five Stroke Roll drum'; CC 'Five Stroke Roll snare'; CC 'Five Stroke Roll'; CC 'Seven Stroke Roll drum'; CC 'Seven Stroke Roll lesson'; CC 'Seven Stroke Roll rudiment'; CC 'Seven Stroke Roll snare'; CC 'Seven Stroke Roll'; CC 'Single Stroke Four drum'; CC 'Single Str,mentions click or metronome,5.85,True,,False,pick
1,Single Stroke Roll,True,z5UL5K30H0w,https://www.youtube.com/watch?v=z5UL5K30H0w,Single Stroke Roll,null,https://www.youtube.com/channel/UCoiP3HEJH-eicv8O3AqW1AA,17300,no,,CC-BY,Creative Commons Attribution license (reuse allowed),62,1920,1080,30.0,False,20190424,133,hands only,one,thumbnail (auto),,,True,False,demo,CC 'Five Stroke Roll lesson'; CC 'Five Stroke Roll practice pad'; CC 'Five Stroke Roll snare'; CC 'Five Stroke Roll'; CC 'Seven Stroke Roll lesson'; CC 'Seven Stroke Roll practice pad'; CC 'Seven Stroke Roll snare'; CC 'Seven Stroke Roll'; CC 'Single Stroke Four lesson'; CC 'Single Stroke Four pract,,5.85,True,,False,pick
1,Single Stroke Roll,True,nxM7i_GPars,https://www.youtube.com/watch?v=nxM7i_GPars,Vic Firth Rudiment Lessons: Single Stroke Roll,Vic Firth,https://www.youtube.com/channel/UC9N2JaiIWYR2GEN1tgHAczA,634000,yes,known channel (vic firth),Standard,,251,1280,720,60.0,True,20110224,135504,three-quarter,yes,thumbnail (auto),0.82,,True,False,demo,'Single Stroke Roll drum rudiment lesson'; 'Single Stroke Roll rudiment'; 'Single Stroke Roll snare drum'; 'single stroke rudiment'; 'single strokes rudiment'; 'vic firth Double Stroke Open Roll'; 'vic firth Drag'; 'vic firth Eleven Stroke Roll'; 'vic firth Fifteen Stroke Roll'; 'vic firth Five Stro,4 chapters,12.55,False,not Creative Commons (link only),False,pick
1,Single Stroke Roll,True,8LYWfpPUokc,https://www.youtube.com/watch?v=8LYWfpPUokc,Single Stroke Roll Speed - Drum Lesson (DRUMEO),Drumeo,https://www.youtube.com/channel/UCBiJBaDaM3K6vPVggLhTyWA,5630000,yes,known channel (drumeo),Standard,,498,1920,1080,30.0,False,20111206,499984,three-quarter,yes,thumbnail (auto),0.67,,True,False,demo,'Single Stroke Roll rudiment'; 'single stroke rudiment',4 chapters,11.78,False,not Creative Commons (link only),False,pick
1,Single Stroke Roll,True,ynIV2P_trYQ,https://www.youtube.com/watch?v=ynIV2P_trYQ,Single Stroke Roll - Drum Rudiment Lesson (Drumeo),Drumeo,https://www.youtube.com/channel/UCBiJBaDaM3K6vPVggLhTyWA,5630000,yes,known channel (drumeo),Standard,,63,1920,1080,24.0,False,20161209,457631,three-quarter,yes,thumbnail (auto),0.77,,True,False,demo,'10 stroke roll rudiment'; 'Single Stroke Four drum rudiment lesson'; 'Single Stroke Four snare drum'; 'Single Stroke Roll drum rudiment lesson'; 'Single Stroke Roll rudiment practice pad'; 'Single Stroke Roll rudiment'; 'Single Stroke Roll snare drum'; 'Single Stroke Seven drum rudiment lesson'; 'S,,11.76,False,not Creative Commons (link only),False,pick
1,Single Stroke Roll,True,DAcVzdgBQEU,https://www.youtube.com/watch?v=DAcVzdgBQEU,Drum Lesson - How To Build A Fast Single Stroke Roll,Drumeo,https://www.youtube.com/channel/UCBiJBaDaM3K6vPVggLhTyWA,5630000,yes,known channel (drumeo),Standard,,390,1920,1080,24.0,False,20150716,212019,three-quarter,yes,thumbnail (auto),0.51,,True,False,demo,'Single Stroke Roll drum rudiment lesson'; 'Single Stroke Roll rudiment',6 chapters,11.63,False,not Creative Commons (link only),False,pick
1,Single Stroke Roll,True,0_wgVPMRaiM,https://www.youtube.com/watch?v=0_wgVPMRaiM,How To Play A Single Stroke Roll - Drum Rudiment Lesson,Drumeo,https://www.youtube.com/channel/UCBiJBaDaM3K6vPVggLhTyWA,5630000,yes,known channel (drumeo),Standard,,68,2560,1440,24.0,False,20221213,198047,three-quarter,yes,thumbnail (auto),0.66,,True,False,demo,'Single Stroke Four drum rudiment lesson'; 'Single Stroke Four snare drum'; 'Single Stroke Roll drum rudiment lesson'; 'Single Stroke Roll rudiment practice pad'; 'Single Stroke Roll rudiment'; 'Single Stroke Roll snare drum'; 'Single Stroke Seven drum rudiment lesson'; 'Single Stroke Seven rudiment,,11.62,False,not Creative Commons (link only),False,pick
1,Single Stroke Roll,True,8TVSwYIV2FQ,https://www.youtube.com/watch?v=8TVSwYIV2FQ,20 Minute Single Stroke Roll Workout at 80 BPM for Speed & Control,Drum Nation TV,https://www.youtube.com/channel/UCblQku-261MbT260YdTic1w,11500,no,,CC-BY,Creative Commons Attribution license (reuse allowed),1514,1920,1080,60.0,True,20241130,8351,three-quarter,yes,thumbnail (auto),0.66,80,True,False,demo,CC '11 stroke roll rudiment'; CC 'Eleven Stroke Roll drum'; CC 'Eleven Stroke Roll lesson'; CC 'Eleven Stroke Roll practice pad'; CC 'Eleven Stroke Roll rudiment'; CC 'Eleven Stroke Roll snare'; CC 'Eleven Stroke Roll tutorial'; CC 'Eleven Stroke Roll'; CC 'Fifteen Stroke Roll practice pad'; CC 'Les,3 chapters,8.57,False,longer than 20 minutes,False,also found
1,Single Stroke Roll,True,BPJfEhQIkW0,https://www.youtube.com/watch?v=BPJfEhQIkW0,1. Single Stroke Roll - Rulo de Toque Simples - (40 Rudimentos),ESTUDE BATERIA,https://www.youtube.com/channel/UCVN6V8fPSRXg1UCWcotqkoA,2280,no,,CC-BY,Creative Commons Attribution license (reuse allowed),60,1920,1080,60.0,True,20190214,1235,no player found,no,thumbnail (auto),,,True,False,demo,CC '10 stroke roll rudiment'; CC '6 stroke roll rudiment'; CC 'Five Stroke Roll practice pad'; CC 'Five Stroke Roll tutorial'; CC 'Seven Stroke Roll lesson'; CC 'Seven Stroke Roll practice pad'; CC 'Seven Stroke Roll rudiment'; CC 'Seven Stroke Roll tutorial'; CC 'Seven Stroke Roll'; CC 'Single Stro,,7.24,False,no player or hands in the thumbnail,False,also found
1,Single Stroke Roll,True,ZZWgUbR8veU,https://www.youtube.com/watch?v=ZZWgUbR8veU,드럼 싱글스트로크 속도와 소리가 좋아지는 연습법(드럼악보제공) I 쿵푸드럼 드럼레슨 I single stroke speed Up & warm-up,kungfudrum,https://www.youtube.com/channel/UCziTWeyV2BNJMaHcxMN690g,30800,no,,CC-BY,Creative Commons Attribution license (reuse allowed),891,1920,1080,60.0,True,20190226,87359,no player found,no,thumbnail (auto),,,True,False,demo,CC 'Double Stroke Open Roll practice pad'; CC 'Fifteen Stroke Roll practice pad'; CC 'Nine Stroke Roll practice pad'; CC 'Single Stroke Four practice pad'; CC 'how to play Single Stroke Seven',,6.98,False,no player or hands in the thumbnail,False,also found
1,Single Stroke Roll,True,JOFivoNHZVc,https://www.youtube.com/watch?v=JOFivoNHZVc,Best Single-Stroke Roll of All-Time?,sportdrumming,https://www.youtube.com/channel/UCjtZ2E_eDNrF2WmZ40nH9hQ,1410,no,,CC-BY,Creative Commons Attribution license (reuse allowed),13,720,1280,60.0,True,20260904,68106,no player found,no,thumbnail (auto),,,True,False,demo,CC 'Single Stroke Roll',short; vertical,6.93,False,no player or hands in the thumbnail,False,also found
1,Single Stroke Roll,True,wxbEBAPu6YE,https://www.youtube.com/watch?v=wxbEBAPu6YE,THE BEST Single Stroke Play Along Video. Levels 1-5 From 88BPM to 220 BPM. With tips and tricks!,The Studio Drummer,https://www.youtube.com/channel/UCWgCLKFY9lMStEvuR6wrNrw,1490,no,,CC-BY,Creative Commons Attribution license (reuse allowed),266,2560,1440,30.0,False,20250426,405,no player found,no,thumbnail (auto),,88 220,True,False,demo,CC 'Five Stroke Roll snare'; CC 'Single Stroke Four drum'; CC 'Single Stroke Four lesson'; CC 'Single Stroke Four snare'; CC 'Single Stroke Four tutorial'; CC 'Single Stroke Roll drum'; CC 'Single Stroke Roll lesson'; CC 'Single Stroke Roll rudiment'; CC 'Single Stroke Roll snare'; CC 'Single Stroke,,6.54,False,no player or hands in the thumbnail,False,also found
1,Single Stroke Roll,True,d8eQcNHyg4Y,https://www.youtube.com/watch?v=d8eQcNHyg4Y,Drum Exercise - Single Strokes,Lefty Drum Lab,https://www.youtube.com/channel/UCWDT8iJuMJTCaYEtM7th6OQ,311,no,,CC-BY,Creative Commons Attribution license (reuse allowed),28,720,1280,30.0,False,20260427,1799,no player found,no,thumbnail (auto),,,True,False,demo,CC 'single stroke rudiment',short; vertical,6.3,False,no player or hands in the thumbnail,False,also found
1,Single Stroke Roll,True,015N7K0LbE4,https://www.youtube.com/watch?v=015N7K0LbE4,Level Up Your Drumming with Single Stroke Rolls,Kris Drumz Unleashed,https://www.youtube.com/channel/UCmQC-ao3sflTUC2P5zcaNYg,762,no,,CC-BY,Creative Commons Attribution license (reuse allowed),45,1920,1080,24.0,False,20240214,91,three-quarter,no,thumbnail (auto),0.69,,True,False,demo,CC '6 stroke roll rudiment'; CC '7 stroke roll rudiment'; CC 'Seven Stroke Roll drum'; CC 'Seven Stroke Roll lesson'; CC 'Seven Stroke Roll rudiment'; CC 'Seven Stroke Roll snare'; CC 'Seven Stroke Roll tutorial'; CC 'Seven Stroke Roll'; CC 'Single Stroke Roll drum'; CC 'Single Stroke Roll lesson'; ,short,6.29,False,no player or hands in the thumbnail,False,also found
1,Single Stroke Roll,True,uK16fXMbpdg,https://www.youtube.com/watch?v=uK16fXMbpdg,"THE BASICS - Drum Lessons Part 1: Metronome, Single Stroke Roll, Quarter Notes, German Grip & More",Nu Valley Studios,https://www.youtube.com/channel/UC2OoA9twXifqhJCBSfP0ymA,60,no,,CC-BY,Creative Commons Attribution license (reuse allowed),320,1920,1080,24.0,False,20240523,84,three-quarter,no,thumbnail (auto),0.79,,True,False,demo,CC '10 stroke roll rudiment'; CC '13 stroke roll rudiment'; CC '17 stroke roll rudiment'; CC 'Five Stroke Roll lesson'; CC 'Five Stroke Roll practice pad'; CC 'Five Stroke Roll rudiment'; CC 'Five Stroke Roll tutorial'; CC 'Seventeen Stroke Roll drum'; CC 'Seventeen Stroke Roll lesson'; CC 'Seventee,13 chapters; mentions click or metronome,6.27,False,no player or hands in the thumbnail,False,also found
1,Single Stroke Roll,True,AtUuttB-GMw,https://www.youtube.com/watch?v=AtUuttB-GMw,Rudiments 101. The Single Stroke Roll.,Ali (Alipool),https://www.youtube.com/channel/UCIEg5pQYHacshaYoqwremCA,282,no,,CC-BY,Creative Commons Attribution license (reuse allowed),388,320,240,30.0,False,20111219,304,unknown,yes,thumbnail (auto),,,True,False,demo,CC '13 stroke roll rudiment'; CC '7 stroke roll rudiment'; CC 'Double Drag Tap rudiment'; CC 'Double Ratamacue rudiment'; CC 'Drag Paradiddle 1 rudiment'; CC 'Drag Paradiddle 1 snare'; CC 'Drag Paradiddle 2 rudiment'; CC 'Five Stroke Roll drum'; CC 'Five Stroke Roll lesson'; CC 'Five Stroke Roll sna,,5.99,False,only 240p,False,also found
1,Single Stroke Roll,True,0MAV1rKKRzo,https://www.youtube.com/watch?v=0MAV1rKKRzo,How to Master Single Stroke Rolls in 40 seconds!,Kris Drumz Unleashed,https://www.youtube.com/channel/UCmQC-ao3sflTUC2P5zcaNYg,762,no,,CC-BY,Creative Commons Attribution license (reuse allowed),39,1920,1080,24.0,False,20240228,16,no player found,no,thumbnail (auto),,,True,False,demo,CC '40 drum rudiments'; CC '7 stroke roll rudiment'; CC 'Seven Stroke Roll drum'; CC 'Seven Stroke Roll lesson'; CC 'Seven Stroke Roll practice pad'; CC 'Seven Stroke Roll rudiment'; CC 'Seven Stroke Roll snare'; CC 'Seven Stroke Roll tutorial'; CC 'Seven Stroke Roll'; CC 'Single Stroke Roll drum'; ,short,5.49,False,no player or hands in the thumbnail,False,also found
1,Single Stroke Roll,True,c7HTn3ZVerk,https://www.youtube.com/watch?v=c7HTn3ZVerk,Rudiments 301. Single Stroke Accents.,Ali (Alipool),https://www.youtube.com/channel/UCIEg5pQYHacshaYoqwremCA,282,no,,CC-BY,Creative Commons Attribution license (reuse allowed),729,320,240,30.0,False,20120221,852,front,yes,thumbnail (auto),1.14,,True,False,demo,CC '10 stroke roll rudiment'; CC '40 drum rudiments'; CC '5 stroke roll rudiment'; CC '9 stroke roll rudiment'; CC 'Flam Accent practice pad'; CC 'Flam Paradiddle practice pad'; CC 'Flam Paradiddle-Diddle practice pad'; CC 'Nine Stroke Roll practice pad'; CC 'Nine Stroke Roll rudiment'; CC 'Seven St,,5.17,False,only 240p,False,also found
1,Single Stroke Roll,True,gOCrAnQe3a0,https://www.youtube.com/watch?v=gOCrAnQe3a0,バウンドをコントロール。Snare drum solo with only a single stroke.Buddy Rich style.,カバT.m,https://www.youtube.com/channel/UC_PFR0Q6tfeAf5ye61MjSwQ,27,no,,CC-BY,Creative Commons Attribution license (reuse allowed),326,1920,1080,30.0,False,20200901,46,three-quarter,yes,thumbnail (auto),0.69,,True,False,"application (groove, fill or kit)",CC 'Double Stroke Open Roll snare'; CC 'Eleven Stroke Roll snare',,5.17,False,"application (groove, fill or kit)",False,also found
1,Single Stroke Roll,True,Jf_oQaF1hNE,https://www.youtube.com/watch?v=Jf_oQaF1hNE,Adventskalender 24-Tom/Bassdrum Linear Single Stroke Roll Alternierungen,David Krautscheid,https://www.youtube.com/channel/UCbvz_0T-re4D7oXSBCektpg,1470,no,,CC-BY,Creative Commons Attribution license (reuse allowed),272,640,480,30.0,False,20191224,50,three-quarter,yes,thumbnail (auto),0.76,,True,False,"application (groove, fill or kit)",CC 'how to play Seventeen Stroke Roll'; CC 'press roll rudiment',,4.18,False,"application (groove, fill or kit)",False,also found
1,Single Stroke Roll,True,t3SXjEuXB5k,https://www.youtube.com/watch?v=t3SXjEuXB5k,17 09 23 Drum Video Clip - How to play 16Note Single Stroke Fills / 드러머 석성주(ドラマー石聖柱),Agape Church,https://www.youtube.com/channel/UCqa_2NCOhrz6svRmmxFljSw,1870,no,,CC-BY,Creative Commons Attribution license (reuse allowed),108,1920,1080,30.0,False,20171004,45,three-quarter,one,thumbnail (auto),0.93,,True,False,"application (groove, fill or kit)",CC 'Single Stroke Four lesson'; CC 'Single Stroke Four practice pad'; CC 'Single Stroke Four tutorial'; CC 'Single Stroke Four'; CC 'Single Stroke Seven drum'; CC 'Single Stroke Seven lesson'; CC 'Single Stroke Seven practice pad'; CC 'Single Stroke Seven rudiment'; CC 'Single Stroke Seven tutorial',,4.17,False,"application (groove, fill or kit)",False,also found
1,Single Stroke Roll,True,iHxNLdMbW9I,https://www.youtube.com/watch?v=iHxNLdMbW9I,TOQUE SIMPLES-SINGLE STROKE |O rudimentos mais importante que existe|,Cláudio Felix,https://www.youtube.com/channel/UCxnb4njjbdVVfKy5_6oLuqA,11500,no,,CC-BY,Creative Commons Attribution license (reuse allowed),808,640,350,30.0,False,20230113,750,front,no,thumbnail (auto),1.37,,True,False,demo,CC '40 essential rudiments',,4.15,False,only 350p; no player or hands in the thumbnail,False,also found
1,Single Stroke Roll,True,9kuV4YCLYqM,https://www.youtube.com/watch?v=9kuV4YCLYqM,single stroke R 16beat,wakwakdrum k.chikada,https://www.youtube.com/channel/UCxgKo6oWXzY14yvRguu41AA,126,no,,CC-BY,Creative Commons Attribution license (reuse allowed),18,480,320,30.0,False,20111224,401,no player found,no,thumbnail (auto),,,True,False,demo,CC 'Single Stroke Four practice pad',short,4.04,False,only 320p; no player or hands in the thumbnail,False,also found
1,Single Stroke Roll,True,78pyYjI1HvY,https://www.youtube.com/watch?v=78pyYjI1HvY,200 to 300 BPM single strokes double bass drumming (ankle technique),Norman Ceriotti,https://www.youtube.com/channel/UCXdVlVNBpYL4dGk0jdkZuHw,1570,no,,CC-BY,Creative Commons Attribution license (reuse allowed),120,1920,1080,30.0,False,20191104,182680,no player found,no,thumbnail (auto),,260 300,True,False,feet or kit (not hands on a pad),CC 'Seventeen Stroke Roll'; CC 'Single Stroke Roll tutorial'; CC 'Single Stroke Seven drum'; CC 'Single Stroke Seven lesson'; CC 'Single Stroke Seven tutorial'; CC 'Single Stroke Seven'; CC 'Six Stroke Roll lesson'; CC 'Six Stroke Roll snare'; CC 'Six Stroke Roll'; CC 'how to play Seventeen Stroke R,8 chapters,2.6,False,feet or kit (not hands on a pad); no player or hands in the thumbnail,False,also found
1,Single Stroke Roll,True,4RL9Uj8ePUs,https://www.youtube.com/watch?v=4RL9Uj8ePUs,320 BPM single strokes double bass drumming (NO TRIGGER),Norman Ceriotti,https://www.youtube.com/channel/UCXdVlVNBpYL4dGk0jdkZuHw,1570,no,,CC-BY,Creative Commons Attribution license (reuse allowed),56,1920,1080,30.0,False,20200423,30143,no player found,no,thumbnail (auto),,160 240,True,False,feet or kit (not hands on a pad),CC 'Nine Stroke Roll drum'; CC 'Nine Stroke Roll lesson'; CC 'Nine Stroke Roll tutorial'; CC 'Nine Stroke Roll'; CC 'Seventeen Stroke Roll drum'; CC 'Seventeen Stroke Roll snare'; CC 'Seventeen Stroke Roll'; CC 'Single Stroke Four snare'; CC 'Single Stroke Roll drum'; CC 'Single Stroke Roll snare'; ,short; mentions click or metronome,2.29,False,feet or kit (not hands on a pad); no player or hands in the thumbnail,False,also found
1,Single Stroke Roll,True,qdZ1edZrQYY,https://www.youtube.com/watch?v=qdZ1edZrQYY,레슨중영상17/06/23/ Lesson Movie - Single Stroke + Double Kick EX/싱글스트로크와 더블킥 조합의 예,Agape Church,https://www.youtube.com/channel/UCqa_2NCOhrz6svRmmxFljSw,1870,no,,CC-BY,Creative Commons Attribution license (reuse allowed),30,1920,1080,30.0,False,20170625,49,three-quarter,yes,thumbnail (auto),0.84,,True,False,feet or kit (not hands on a pad),CC '17 stroke roll rudiment'; CC 'Seven Stroke Roll practice pad'; CC 'Seventeen Stroke Roll drum'; CC 'Seventeen Stroke Roll lesson'; CC 'Seventeen Stroke Roll practice pad'; CC 'Seventeen Stroke Roll rudiment'; CC 'Seventeen Stroke Roll snare'; CC 'Seventeen Stroke Roll tutorial'; CC 'Seventeen St,short,2.18,False,feet or kit (not hands on a pad),False,also found
1,Single Stroke Roll,True,c7_NUtqUtes,https://www.youtube.com/watch?v=c7_NUtqUtes,Drum Lesson - paradiddle kick and single stroke roll hand exercise,Ronniethedrummer,https://www.youtube.com/channel/UCF_9Rg16pNC3FsWtesRJoww,2660,no,,CC-BY,Creative Commons Attribution license (reuse allowed),659,1920,1080,30.0,False,20240325,67,side,one,thumbnail (auto),0.31,,True,False,feet or kit (not hands on a pad),CC 'Single Paradiddle drum'; CC 'Single Paradiddle lesson'; CC 'Single Paradiddle rudiment'; CC 'Single Paradiddle snare'; CC 'Single Paradiddle tutorial'; CC 'Single Paradiddle'; CC 'Single Paradiddle-Diddle drum'; CC 'Single Paradiddle-Diddle lesson'; CC 'Single Paradiddle-Diddle rudiment'; CC 'Si,,1.23,False,feet or kit (not hands on a pad),False,also found
1,Single Stroke Roll,True,Fj0SeWV5d_c,https://www.youtube.com/watch?v=Fj0SeWV5d_c,Single Stroke Roll: Rudiment Breakdown by Dr. John Wooton,Vic Firth,https://www.youtube.com/channel/UC9N2JaiIWYR2GEN1tgHAczA,634000,yes,known channel (vic firth),Standard,,121,1920,1080,30.0,False,20120413,125614,three-quarter,yes,thumbnail (auto),0.73,,True,False,demo,'single strokes rudiment'; 'vic firth Nine Stroke Roll'; 'vic firth Single Stroke Four'; 'vic firth Single Stroke Roll'; 'vic firth Single Stroke Seven',,11.54,False,not Creative Commons (link only),False,also found
1,Single Stroke Roll,True,YzdWAjMLqAQ,https://www.youtube.com/watch?v=YzdWAjMLqAQ,Vic Firth Rudiment Lessons: Single Stroke Roll,Vic Firth,https://www.youtube.com/channel/UC9N2JaiIWYR2GEN1tgHAczA,634000,yes,known channel (vic firth),Standard,,349,1280,720,30.0,False,20120413,95551,three-quarter,yes,thumbnail (auto),0.78,,True,False,demo,'vic firth Single Paradiddle'; 'vic firth Single Stroke Roll'; 'vic firth Single Stroke Seven'; 'vic firth Triple Stroke Roll',,11.49,False,not Creative Commons (link only),False,also found
1,Single Stroke Roll,True,DM4sQnR9IYA,https://www.youtube.com/watch?v=DM4sQnR9IYA,How To Play A Single Stroke Roll On The Drums - Drum Rudiment Lesson,Drumeo,https://www.youtube.com/channel/UCBiJBaDaM3K6vPVggLhTyWA,5630000,yes,known channel (drumeo),Standard,,177,2560,1440,24.0,False,20230312,39590,three-quarter,yes,thumbnail (auto),0.67,,True,False,demo,'Single Stroke Roll drum rudiment lesson'; 'Single Stroke Roll rudiment'; 'Single Stroke Roll snare drum'; 'single stroke rudiment'; 'single strokes rudiment',3 chapters,11.34,False,not Creative Commons (link only),False,also found
1,Single Stroke Roll,True,KjpGoOq-0gc,https://www.youtube.com/watch?v=KjpGoOq-0gc,Single Stroke Roll: Vic Firth Rudiment Playalong,Vic Firth,https://www.youtube.com/channel/UC9N2JaiIWYR2GEN1tgHAczA,634000,yes,known channel (vic firth),Standard,,255,1280,720,30.0,False,20130322,824471,no player found,no,thumbnail (auto),,,True,False,demo,'Single Stroke Four drum rudiment lesson'; 'Single Stroke Four rudiment practice pad'; 'Single Stroke Four snare drum'; 'Single Stroke Roll drum rudiment lesson'; 'Single Stroke Roll rudiment practice pad'; 'Single Stroke Roll rudiment'; 'Single Stroke Roll snare drum'; 'Single Stroke Seven drum rud,,10.37,False,not Creative Commons (link only),False,also found
1,Single Stroke Roll,True,MQ1r7EECxko,https://www.youtube.com/watch?v=MQ1r7EECxko,A Fresh Approach to Snare Drum: Lesson 1 (B): Single Stroke Roll,Vic Firth,https://www.youtube.com/channel/UC9N2JaiIWYR2GEN1tgHAczA,634000,yes,known channel (vic firth),Standard,,215,720,480,30.0,False,20110822,38981,front,yes,thumbnail (auto),1.2,,True,False,demo,'vic firth Single Stroke Roll'; 'vic firth Ten Stroke Roll',4 chapters,9.84,False,not Creative Commons (link only),False,also found
2,Single Stroke Four,True,farVyxMAtbQ,https://www.youtube.com/watch?v=farVyxMAtbQ,SINGLE STROKE FOUR RUDIMENT WITH NATATION | TACHNICAL MUSICIAN,EAVE,https://www.youtube.com/channel/UCNXjDyAvZetqX_3vaXos_Pw,30,no,,CC-BY,Creative Commons Attribution license (reuse allowed),16,1920,1080,60.0,True,20190802,49,three-quarter,yes,thumbnail (auto),0.68,,True,False,demo,CC '40 drum rudiments'; CC '40 essential rudiments'; CC '5 stroke roll rudiment'; CC '6 stroke roll rudiment'; CC '7 stroke roll rudiment'; CC 'Double Ratamacue drum'; CC 'Double Ratamacue lesson'; CC 'Double Ratamacue practice pad'; CC 'Double Ratamacue rudiment'; CC 'Double Ratamacue snare'; CC 'D,short,7.18,True,,False,pick
2,Single Stroke Four,True,El1-N1wFrH8,https://www.youtube.com/watch?v=El1-N1wFrH8,How to Play a Single Stroke Four 🥁 (Quick Drum Rudiments),DrumScoresOnline,https://www.youtube.com/channel/UCqoX1-UytpZkOaWbeSitd4g,5440,no,,CC-BY,Creative Commons Attribution license (reuse allowed),8,720,1280,50.0,True,20241121,2882,hands only,one,thumbnail (auto),,,True,False,demo,CC 'Single Stroke Four drum'; CC 'Single Stroke Four lesson'; CC 'Single Stroke Four rudiment'; CC 'Single Stroke Four snare'; CC 'Single Stroke Four tutorial'; CC 'Single Stroke Four'; CC 'drum rudiment tutorial'; CC 'how to play Single Stroke Four'; CC 'single stroke 4 rudiment'; CC 'single stroke,short; vertical,6.38,True,,False,pick
2,Single Stroke Four,True,FIKxWE4vdbA,https://www.youtube.com/watch?v=FIKxWE4vdbA,Vic Firth Rudiment Lessons: Single Stroke Four,Vic Firth,https://www.youtube.com/channel/UC9N2JaiIWYR2GEN1tgHAczA,634000,yes,known channel (vic firth),Standard,,318,1280,720,60.0,True,20110426,98725,front,yes,thumbnail (auto),1.03,,True,False,demo,'Single Stroke Four drum rudiment lesson'; 'Single Stroke Four rudiment'; 'Single Stroke Four snare drum'; 'single stroke 4 rudiment'; 'single stroke rudiment'; 'vic firth Eleven Stroke Roll'; 'vic firth Seven Stroke Roll'; 'vic firth Single Flammed Mill'; 'vic firth Single Stroke Four'; 'vic firth ,,12.0,False,not Creative Commons (link only),False,pick
2,Single Stroke Four,True,CTk2p4HnfTQ,https://www.youtube.com/watch?v=CTk2p4HnfTQ,Single Stroke Four - Drum Rudiment Lesson (Drumeo),Drumeo,https://www.youtube.com/channel/UCBiJBaDaM3K6vPVggLhTyWA,5630000,yes,known channel (drumeo),Standard,,55,1920,1080,24.0,False,20161209,271763,three-quarter,yes,thumbnail (auto),0.84,,True,False,demo,'Single Stroke Four drum rudiment lesson'; 'Single Stroke Four rudiment practice pad'; 'Single Stroke Four rudiment'; 'Single Stroke Four snare drum'; 'Single Stroke Roll drum rudiment lesson'; 'Single Stroke Roll rudiment'; 'single stroke 4 rudiment'; 'single stroke rudiment'; 'single strokes rudim,short,11.67,False,not Creative Commons (link only),False,pick
2,Single Stroke Four,True,YGqMJdIBpC0,https://www.youtube.com/watch?v=YGqMJdIBpC0,How To Play A Single Stroke Four - Drum Rudiment Lesson,Drumeo,https://www.youtube.com/channel/UCBiJBaDaM3K6vPVggLhTyWA,5630000,yes,known channel (drumeo),Standard,,75,2560,1440,24.0,False,20230107,79681,three-quarter,yes,thumbnail (auto),0.65,,True,False,demo,'Single Stroke Four drum rudiment lesson'; 'Single Stroke Four rudiment practice pad'; 'Single Stroke Four rudiment'; 'Single Stroke Four snare drum'; 'Single Stroke Roll drum rudiment lesson'; 'Single Stroke Roll rudiment'; 'Single Stroke Seven drum rudiment lesson'; 'Single Stroke Seven snare drum,,11.46,False,not Creative Commons (link only),False,pick
2,Single Stroke Four,True,5A2FOIqJZSI,https://www.youtube.com/watch?v=5A2FOIqJZSI,How To Play A Single Stroke Four On The Drums - Drum Rudiment Lesson,Drumeo,https://www.youtube.com/channel/UCBiJBaDaM3K6vPVggLhTyWA,5630000,yes,known channel (drumeo),Standard,,189,2560,1440,24.0,False,20230312,24218,three-quarter,yes,thumbnail (auto),0.66,,True,False,demo,'Single Stroke Four drum rudiment lesson'; 'Single Stroke Four rudiment practice pad'; 'Single Stroke Four rudiment'; 'single stroke 4 rudiment'; 'vic firth Single Stroke Four',,11.25,False,not Creative Commons (link only),False,pick
2,Single Stroke Four,True,NGfpraaMrpQ,https://www.youtube.com/watch?v=NGfpraaMrpQ,Single Stroke Four: Vic Firth Rudiment Playalong,Vic Firth,https://www.youtube.com/channel/UC9N2JaiIWYR2GEN1tgHAczA,634000,yes,known channel (vic firth),Standard,,304,1280,720,30.0,False,20130516,263730,no player found,no,thumbnail (auto),,,True,False,demo,'Single Stroke Four drum rudiment lesson'; 'Single Stroke Four rudiment practice pad'; 'Single Stroke Four rudiment'; 'single stroke 4 rudiment'; 'vic firth Double Stroke Open Roll'; 'vic firth Seven Stroke Roll'; 'vic firth Single Drag Tap'; 'vic firth Single Dragadiddle'; 'vic firth Single Paradid,,10.17,False,not Creative Commons (link only),False,pick
2,Single Stroke Four,True,wh1IxlfP22E,https://www.youtube.com/watch?v=wh1IxlfP22E,2. Single Stroke Four - (40 Rudimentos).,ESTUDE BATERIA,https://www.youtube.com/channel/UCVN6V8fPSRXg1UCWcotqkoA,2280,no,,CC-BY,Creative Commons Attribution license (reuse allowed),48,1920,1080,60.0,True,20190322,65,no player found,no,thumbnail (auto),,,True,False,demo,CC '11 stroke roll rudiment'; CC '40 drum rudiments'; CC '9 stroke roll rudiment'; CC 'Eleven Stroke Roll drum'; CC 'Eleven Stroke Roll lesson'; CC 'Eleven Stroke Roll practice pad'; CC 'Eleven Stroke Roll rudiment'; CC 'Eleven Stroke Roll snare'; CC 'Eleven Stroke Roll tutorial'; CC 'Eleven Stroke ,short,6.73,False,no player or hands in the thumbnail,False,also found
2,Single Stroke Four,True,qPZe4cSYSXs,https://www.youtube.com/watch?v=qPZe4cSYSXs,シングルストロークフォー、シングルストロークセブン,山背ドラムメソッド　世界最大のフレーズ集(再生リスト)、進化するモーラー奏法とグルーヴ解説,https://www.youtube.com/channel/UCrYpF0pFjQHm7P_ItcyvbKw,6040,no,,CC-BY,Creative Commons Attribution license (reuse allowed),631,1920,1080,30.0,False,20121109,6395,three-quarter,yes,thumbnail (auto),0.86,,False,False,demo,CC 'Seventeen Stroke Roll rudiment'; CC 'Single Stroke Four tutorial'; CC 'Single Stroke Four'; CC 'Single Stroke Seven drum'; CC 'Single Stroke Seven lesson'; CC 'Single Stroke Seven rudiment'; CC 'Single Stroke Seven tutorial'; CC 'Single Stroke Seven'; CC 'single stroke 7 rudiment',,6.02,False,title does not name this rudiment,False,also found
2,Single Stroke Four,True,QKIFTaNooZw,https://www.youtube.com/watch?v=QKIFTaNooZw,Single Stroke 4,null,https://www.youtube.com/channel/UCoiP3HEJH-eicv8O3AqW1AA,17300,no,,CC-BY,Creative Commons Attribution license (reuse allowed),27,1920,1080,30.0,False,20190424,71,no player found,no,thumbnail (auto),,,True,False,demo,CC '6 stroke roll rudiment'; CC 'Single Stroke Four drum'; CC 'Single Stroke Four lesson'; CC 'Single Stroke Four rudiment'; CC 'Single Stroke Four tutorial'; CC 'Single Stroke Four'; CC 'Single Stroke Roll drum'; CC 'Single Stroke Roll lesson'; CC 'Single Stroke Roll rudiment'; CC 'Single Stroke Ro,short,5.74,False,no player or hands in the thumbnail,False,also found
2,Single Stroke Four,True,CU8mzX6Hu5Q,https://www.youtube.com/watch?v=CU8mzX6Hu5Q,Rudiments 101.  The Single Stroke Four.,Ali (Alipool),https://www.youtube.com/channel/UCIEg5pQYHacshaYoqwremCA,282,no,,CC-BY,Creative Commons Attribution license (reuse allowed),440,320,240,30.0,False,20120214,104,no player found,no,thumbnail (auto),,,True,False,demo,CC '13 stroke roll rudiment'; CC '5 stroke roll rudiment'; CC 'Double Ratamacue rudiment'; CC 'Single Paradiddle lesson'; CC 'Single Paradiddle rudiment'; CC 'Single Paradiddle-Diddle rudiment'; CC 'Single Ratamacue drum'; CC 'Single Ratamacue lesson'; CC 'Single Ratamacue rudiment'; CC 'Single Rata,,4.81,False,only 240p; no player or hands in the thumbnail,False,also found
2,Single Stroke Four,True,q7DJM3LeCHQ,https://www.youtube.com/watch?v=q7DJM3LeCHQ,Rudiments 201.  The Single Stroke Four.,Ali (Alipool),https://www.youtube.com/channel/UCIEg5pQYHacshaYoqwremCA,282,no,,CC-BY,Creative Commons Attribution license (reuse allowed),545,320,240,30.0,False,20120214,47,no player found,no,thumbnail (auto),,,True,False,demo,CC '13 stroke roll rudiment'; CC 'Single Stroke Four drum'; CC 'Single Stroke Four lesson'; CC 'Single Stroke Four rudiment'; CC 'Single Stroke Four snare'; CC 'Single Stroke Four tutorial'; CC 'Single Stroke Four'; CC 'Thirteen Stroke Roll rudiment'; CC 'Thirteen Stroke Roll'; CC 'double strokes ru,,4.67,False,only 240p; no player or hands in the thumbnail,False,also found
2,Single Stroke Four,True,pRS5--zTn0c,https://www.youtube.com/watch?v=pRS5--zTn0c,Single Stroke Four - Drum Lessons,Drumeo,https://www.youtube.com/channel/UCBiJBaDaM3K6vPVggLhTyWA,5630000,yes,known channel (drumeo),Standard,,72,640,480,30.0,False,20070810,107887,front,yes,thumbnail (auto),1.03,,True,False,demo,'Single Stroke Four drum rudiment lesson'; 'Single Stroke Four rudiment'; 'single stroke 4 rudiment',,10.01,False,not Creative Commons (link only),False,also found
2,Single Stroke Four,True,mxwr49x2VR0,https://www.youtube.com/watch?v=mxwr49x2VR0,A Fresh Approach to Snare Drum: Lesson 4 (B): Single Stroke 4,Vic Firth,https://www.youtube.com/channel/UC9N2JaiIWYR2GEN1tgHAczA,634000,yes,known channel (vic firth),Standard,,149,720,480,30.0,False,20110822,4846,side,yes,thumbnail (auto),0.13,,True,False,demo,'Single Stroke Four snare drum'; 'vic firth Single Stroke Four',,9.97,False,not Creative Commons (link only),False,also found
2,Single Stroke Four,True,-8fRCOBXO3s,https://www.youtube.com/watch?v=-8fRCOBXO3s,Rudimental Crash Course – Single Stroke Four,Drum Channel,https://www.youtube.com/channel/UC-vQ0o1-FxwJAJGOgGu0bBQ,290000,yes,known channel (drum channel),Standard,,192,854,480,30.0,False,20190322,3293,three-quarter,yes,thumbnail (auto),0.67,,True,False,demo,'Single Stroke Four drum rudiment lesson'; 'Single Stroke Four rudiment practice pad'; 'Single Stroke Four rudiment'; 'Single Stroke Four snare drum'; 'single stroke 4 rudiment',,9.91,False,not Creative Commons (link only),False,also found
2,Single Stroke Four,True,r66CkN-VjzE,https://www.youtube.com/watch?v=r66CkN-VjzE,Single Stroke Four: Rudiment Breakdown by Dr. John Wooton,Vic Firth,https://www.youtube.com/channel/UC9N2JaiIWYR2GEN1tgHAczA,634000,yes,known channel (vic firth),Standard,,114,1920,1080,30.0,False,20120413,35462,no player found,no,thumbnail (auto),,,True,False,demo,'vic firth Single Stroke Four',,9.82,False,not Creative Commons (link only),False,also found
2,Single Stroke Four,True,wJdVbKLpT1g,https://www.youtube.com/watch?v=wJdVbKLpT1g,Pearl Drum Rudiments - Single Stroke 4,Pearl Drums,https://www.youtube.com/channel/UCmGi7DMBXl7aTOG1HDbRWoQ,121000,yes,known channel (pearl),Standard,,91,1280,720,30.0,False,20120813,12134,front,one,thumbnail (auto),2.95,,True,False,demo,'Single Stroke Four rudiment'; 'single stroke 4 rudiment',,9.63,False,not Creative Commons (link only),False,also found
3,Single Stroke Seven,True,diAZhOnoyCw,https://www.youtube.com/watch?v=diAZhOnoyCw,Single Stroke Seven - Drum Rudiment Lesson (Drumeo),Drumeo,https://www.youtube.com/channel/UCBiJBaDaM3K6vPVggLhTyWA,5630000,yes,known channel (drumeo),Standard,,63,1920,1080,24.0,False,20161228,186951,three-quarter,yes,thumbnail (auto),0.8,,True,False,demo,'Single Stroke Roll rudiment'; 'Single Stroke Seven drum rudiment lesson'; 'Single Stroke Seven rudiment practice pad'; 'Single Stroke Seven rudiment'; 'Single Stroke Seven snare drum'; 'single stroke 7 rudiment'; 'single stroke rudiment'; 'vic firth Single Stroke Seven',,11.61,False,not Creative Commons (link only),False,pick
3,Single Stroke Seven,True,VzdS_j_m3iY,https://www.youtube.com/watch?v=VzdS_j_m3iY,How To Play A Single Stroke Seven - Drum Rudiment Lesson,Drumeo,https://www.youtube.com/channel/UCBiJBaDaM3K6vPVggLhTyWA,5630000,yes,known channel (drumeo),Standard,,72,2560,1440,24.0,False,20221213,72284,three-quarter,yes,thumbnail (auto),0.63,,True,False,demo,'7 stroke roll rudiment'; 'Seven Stroke Roll drum rudiment lesson'; 'Seven Stroke Roll rudiment practice pad'; 'Seven Stroke Roll rudiment'; 'Seven Stroke Roll snare drum'; 'Single Stroke Roll rudiment practice pad'; 'Single Stroke Roll rudiment'; 'Single Stroke Roll snare drum'; 'Single Stroke Seve,,11.44,False,not Creative Commons (link only),False,pick
3,Single Stroke Seven,True,fg4ikUlBT3g,https://www.youtube.com/watch?v=fg4ikUlBT3g,Vic Firth Rudiment Lessons: Single Stroke Seven,Vic Firth,https://www.youtube.com/channel/UC9N2JaiIWYR2GEN1tgHAczA,634000,yes,known channel (vic firth),Standard,,268,1280,720,30.0,False,20110511,34697,three-quarter,yes,thumbnail (auto),0.78,,True,False,demo,'Single Stroke Seven drum rudiment lesson'; 'Single Stroke Seven rudiment'; 'Single Stroke Seven snare drum'; 'single stroke 7 rudiment'; 'vic firth Seven Stroke Roll'; 'vic firth Single Stroke Roll'; 'vic firth Single Stroke Seven',,11.32,False,not Creative Commons (link only),False,pick
3,Single Stroke Seven,True,ToWKDtXxIFs,https://www.youtube.com/watch?v=ToWKDtXxIFs,How To Play A Single Stroke Seven On The Drums - Drum Rudiment Lesson,Drumeo,https://www.youtube.com/channel/UCBiJBaDaM3K6vPVggLhTyWA,5630000,yes,known channel (drumeo),Standard,,179,2560,1440,24.0,False,20230312,9020,three-quarter,yes,thumbnail (auto),0.66,,True,False,demo,'Single Stroke Seven rudiment practice pad'; 'Single Stroke Seven rudiment'; 'single stroke 7 rudiment'; 'vic firth Single Stroke Seven',,11.08,False,not Creative Commons (link only),False,pick
3,Single Stroke Seven,True,_qvvKK7dtBU,https://www.youtube.com/watch?v=_qvvKK7dtBU,Single Stroke Seven: Rudiment Breakdown by Dr. John Wooton,Vic Firth,https://www.youtube.com/channel/UC9N2JaiIWYR2GEN1tgHAczA,634000,yes,known channel (vic firth),Standard,,105,1920,1080,30.0,False,20120413,22438,hands only,yes,thumbnail (auto),,,True,False,demo,'Single Stroke Seven drum rudiment lesson'; 'vic firth Seven Stroke Roll'; 'vic firth Single Stroke Seven',,10.74,False,not Creative Commons (link only),False,pick
3,Single Stroke Seven,True,dZAqqWnio8c,https://www.youtube.com/watch?v=dZAqqWnio8c,3. Single Stroke Seven - (40 Rudimentos).,ESTUDE BATERIA,https://www.youtube.com/channel/UCVN6V8fPSRXg1UCWcotqkoA,2280,no,,CC-BY,Creative Commons Attribution license (reuse allowed),50,1920,1080,60.0,True,20190325,45,no player found,no,thumbnail (auto),,,True,False,demo,CC 'Drag Paradiddle 1 practice pad'; CC 'Drag practice pad'; CC 'Seven Stroke Roll practice pad'; CC 'Seven Stroke Roll tutorial'; CC 'Seven Stroke Roll'; CC 'Single Stroke Four practice pad'; CC 'Single Stroke Roll practice pad'; CC 'Single Stroke Seven drum'; CC 'Single Stroke Seven practice pad';,short,6.67,False,no player or hands in the thumbnail,False,also found
3,Single Stroke Seven,True,CV11ezevXPY,https://www.youtube.com/watch?v=CV11ezevXPY,Single Stroke  7,null,https://www.youtube.com/channel/UCoiP3HEJH-eicv8O3AqW1AA,17300,no,,CC-BY,Creative Commons Attribution license (reuse allowed),32,1920,1080,30.0,False,20190424,83,no player found,no,thumbnail (auto),,,True,False,demo,CC 'Single Stroke Seven drum'; CC 'Single Stroke Seven rudiment'; CC 'Single Stroke Seven'; CC 'single stroke 7 rudiment',short,5.77,False,no player or hands in the thumbnail,False,also found
3,Single Stroke Seven,True,_puBgisyz-o,https://www.youtube.com/watch?v=_puBgisyz-o,Pearl Drum Rudiments - Single Stroke 7,Pearl Drums,https://www.youtube.com/channel/UCmGi7DMBXl7aTOG1HDbRWoQ,121000,yes,known channel (pearl),Standard,,90,1280,720,30.0,False,20120813,6669,front,yes,thumbnail (auto),3.46,,True,False,demo,'Single Stroke Seven drum rudiment lesson'; 'Single Stroke Seven rudiment'; 'single stroke 7 rudiment',,10.53,False,not Creative Commons (link only),False,also found
3,Single Stroke Seven,True,X1HIrgp8RMQ,https://www.youtube.com/watch?v=X1HIrgp8RMQ,Single Stroke Seven - Drum Lessons,Drumeo,https://www.youtube.com/channel/UCBiJBaDaM3K6vPVggLhTyWA,5630000,yes,known channel (drumeo),Standard,,76,640,480,30.0,False,20070810,54354,three-quarter,yes,thumbnail (auto),0.87,,True,False,demo,'Single Stroke Seven drum rudiment lesson'; 'Single Stroke Seven rudiment'; 'single stroke 7 rudiment'; 'vic firth Single Stroke Seven',,10.39,False,not Creative Commons (link only),False,also found
3,Single Stroke Seven,True,vXw-01OJ2AU,https://www.youtube.com/watch?v=vXw-01OJ2AU,Single Stroke Seven: Vic Firth Rudiment Playalong,Vic Firth,https://www.youtube.com/channel/UC9N2JaiIWYR2GEN1tgHAczA,634000,yes,known channel (vic firth),Standard,,329,1280,720,30.0,False,20130621,197412,no player found,no,thumbnail (auto),,,True,False,demo,'7 stroke roll rudiment'; 'Seven Stroke Roll rudiment'; 'Single Stroke Seven drum rudiment lesson'; 'Single Stroke Seven rudiment'; 'Single Stroke Seven snare drum'; 'single stroke 7 rudiment'; 'vic firth Five Stroke Roll'; 'vic firth Seven Stroke Roll'; 'vic firth Single Stroke Four'; 'vic firth Si,,10.12,False,not Creative Commons (link only),False,also found
3,Single Stroke Seven,True,jekp0JAaq2w,https://www.youtube.com/watch?v=jekp0JAaq2w,Rudimental Crash Course – Single Stroke Seven,Drum Channel,https://www.youtube.com/channel/UC-vQ0o1-FxwJAJGOgGu0bBQ,290000,yes,known channel (drum channel),Standard,,156,480,270,30.0,False,20190325,1999,three-quarter,yes,thumbnail (auto),0.76,,True,False,demo,'Single Stroke Seven drum rudiment lesson'; 'Single Stroke Seven rudiment'; 'Single Stroke Seven snare drum',,9.82,False,not Creative Commons (link only),False,also found
3,Single Stroke Seven,True,AvaCJXCUXTM,https://www.youtube.com/watch?v=AvaCJXCUXTM,Pearl Drum Rudiments - Single Stroke 7,Pearl Drums,https://www.youtube.com/channel/UCmGi7DMBXl7aTOG1HDbRWoQ,121000,yes,known channel (pearl),Standard,,49,1920,1080,30.0,False,20130726,2057,unknown,no,thumbnail (auto),,,True,False,demo,'single stroke 7 rudiment',short,9.33,False,not Creative Commons (link only),False,also found
4,Multiple Bounce Roll,False,XHA2I4krMrk,https://www.youtube.com/watch?v=XHA2I4krMrk,ロール解説！オープンロール　プレスロール　バズロール　クローズドロール　持ち方　表現方法　Open roll press roll buzz roll closed roll,Jazz drummer Kazuyoshi Kuroda,https://www.youtube.com/channel/UCUdBwGS04F--S5E4I36rt3Q,69800,no,,CC-BY,Creative Commons Attribution license (reuse allowed),586,1920,1080,30.0,False,20210219,30017,front,yes,thumbnail (auto),1.52,,True,False,demo,CC 'how to play Double Stroke Open Roll'; CC 'press roll rudiment',,7.79,True,,False,pick
4,Multiple Bounce Roll,False,GY-e68-ue4o,https://www.youtube.com/watch?v=GY-e68-ue4o,Fibonacci Sequence Rhythmicon - 1:2:3:5:8 polyrhythm with reverse buzz roll,robertinventor,https://www.youtube.com/channel/UCoDTNY169IIPUivH0sI9rrw,11300,no,,CC-BY,Creative Commons Attribution license (reuse allowed),81,1280,720,30.0,False,20110602,14946,three-quarter,one,thumbnail (auto),0.6,,True,False,demo,CC 'how to play Multiple Bounce Roll',mentions click or metronome,7.17,True,,False,pick
4,Multiple Bounce Roll,False,9jqXASpx9Gw,https://www.youtube.com/watch?v=9jqXASpx9Gw,Multiple Bounce Roll,null,https://www.youtube.com/channel/UCoiP3HEJH-eicv8O3AqW1AA,17300,no,,CC-BY,Creative Commons Attribution license (reuse allowed),102,1920,1080,30.0,False,20190424,208,unknown,one,thumbnail (auto),,,True,False,demo,CC '11 stroke roll rudiment'; CC 'Eleven Stroke Roll drum'; CC 'Eleven Stroke Roll snare'; CC 'Eleven Stroke Roll'; CC 'Multiple Bounce Roll drum'; CC 'Multiple Bounce Roll lesson'; CC 'Multiple Bounce Roll rudiment'; CC 'Multiple Bounce Roll snare'; CC 'Multiple Bounce Roll tutorial'; CC 'Multiple ,,5.93,True,,False,pick
4,Multiple Bounce Roll,False,GdJAUN_ziPQ,https://www.youtube.com/watch?v=GdJAUN_ziPQ,Vic Firth Rudiment Lessons: Multiple Bounce Roll,Vic Firth,https://www.youtube.com/channel/UC9N2JaiIWYR2GEN1tgHAczA,634000,yes,known channel (vic firth),Standard,,378,1280,720,60.0,True,20110322,196126,front,yes,thumbnail (auto),1.15,,True,False,demo,'Multiple Bounce Roll drum rudiment lesson'; 'Multiple Bounce Roll rudiment practice pad'; 'Multiple Bounce Roll rudiment'; 'Multiple Bounce Roll snare drum'; 'buzz roll rudiment'; 'vic firth Multiple Bounce Roll',,12.12,False,not Creative Commons (link only),False,pick
4,Multiple Bounce Roll,False,cBy0grsyz8U,https://www.youtube.com/watch?v=cBy0grsyz8U,Multiple Bounce Roll - Drum Rudiment Lesson (Drumeo),Drumeo,https://www.youtube.com/channel/UCBiJBaDaM3K6vPVggLhTyWA,5630000,yes,known channel (drumeo),Standard,,140,1920,1080,24.0,False,20161209,230373,three-quarter,yes,thumbnail (auto),0.84,,True,False,demo,'Multiple Bounce Roll drum rudiment lesson'; 'Multiple Bounce Roll rudiment practice pad'; 'Multiple Bounce Roll rudiment'; 'Multiple Bounce Roll snare drum'; 'buzz roll rudiment'; 'press roll rudiment'; 'vic firth Multiple Bounce Roll',,11.64,False,not Creative Commons (link only),False,pick
4,Multiple Bounce Roll,False,4ma9cS9iWzM,https://www.youtube.com/watch?v=4ma9cS9iWzM,How To Play A Multiple Bounce Roll (Buzz Roll) - Drum Rudiment Lesson,Drumeo,https://www.youtube.com/channel/UCBiJBaDaM3K6vPVggLhTyWA,5630000,yes,known channel (drumeo),Standard,,99,2560,1440,24.0,False,20221213,120175,three-quarter,yes,thumbnail (auto),0.62,,True,False,demo,'Multiple Bounce Roll drum rudiment lesson'; 'Multiple Bounce Roll rudiment practice pad'; 'Multiple Bounce Roll rudiment'; 'Multiple Bounce Roll snare drum'; 'Triple Stroke Roll snare drum'; 'buzz roll rudiment'; 'double stroke roll rudiment'; 'press roll rudiment'; 'vic firth Multiple Bounce Roll',3 chapters,11.53,False,not Creative Commons (link only),False,pick
4,Multiple Bounce Roll,False,ZuDj_ZoJypQ,https://www.youtube.com/watch?v=ZuDj_ZoJypQ,Multiple Bounce Roll: Rudiment Breakdown by Dr. John Wooton,Vic Firth,https://www.youtube.com/channel/UC9N2JaiIWYR2GEN1tgHAczA,634000,yes,known channel (vic firth),Standard,,85,1920,1080,30.0,False,20120413,53252,three-quarter,yes,thumbnail (auto),0.82,,True,False,demo,'Multiple Bounce Roll drum rudiment lesson'; 'Multiple Bounce Roll rudiment practice pad'; 'Multiple Bounce Roll rudiment'; 'Multiple Bounce Roll snare drum'; 'press roll rudiment'; 'vic firth Multiple Bounce Roll',,11.39,False,not Creative Commons (link only),False,pick
4,Multiple Bounce Roll,False,VuxdC-8Lhuw,https://www.youtube.com/watch?v=VuxdC-8Lhuw,How To Play A Multiple Bounce Roll (Buzz Roll) On The Drums - Drum Rudiment Lesson,Drumeo,https://www.youtube.com/channel/UCBiJBaDaM3K6vPVggLhTyWA,5630000,yes,known channel (drumeo),Standard,,188,2560,1440,24.0,False,20230312,13321,three-quarter,yes,thumbnail (auto),0.66,,True,False,demo,'Multiple Bounce Roll rudiment practice pad'; 'Multiple Bounce Roll rudiment'; 'Multiple Bounce Roll snare drum'; 'buzz roll rudiment'; 'vic firth Multiple Bounce Roll',,11.15,False,not Creative Commons (link only),False,pick
4,Multiple Bounce Roll,False,seMJUGh9Wf8,https://www.youtube.com/watch?v=seMJUGh9Wf8,Rudiments 101.  The Buzz Roll.,Ali (Alipool),https://www.youtube.com/channel/UCIEg5pQYHacshaYoqwremCA,282,no,,CC-BY,Creative Commons Attribution license (reuse allowed),553,320,240,30.0,False,20120111,628,three-quarter,yes,thumbnail (auto),0.97,,True,False,demo,CC '10 stroke roll rudiment'; CC 'Double Paradiddle lesson'; CC 'Double Ratamacue lesson'; CC 'Double Ratamacue rudiment'; CC 'Double Ratamacue snare'; CC 'Multiple Bounce Roll drum'; CC 'Multiple Bounce Roll lesson'; CC 'Multiple Bounce Roll rudiment'; CC 'Multiple Bounce Roll snare'; CC 'Multiple ,,6.62,False,only 240p,False,also found
4,Multiple Bounce Roll,False,jVMEj2z6R4U,https://www.youtube.com/watch?v=jVMEj2z6R4U,❮如何做到好聽的輪鼓❯Close Roll（multiple bounce roll）的練習方式☆☆☆☆ «爵士鼓  教學»🔥🔥🔥☆☆☆☆[爵士鼓從零開始＃23],null,https://www.youtube.com/channel/UCoiP3HEJH-eicv8O3AqW1AA,17300,no,,CC-BY,Creative Commons Attribution license (reuse allowed),481,1920,1080,30.0,False,20220424,5670,no player found,no,thumbnail (auto),,,True,False,demo,CC 'Multiple Bounce Roll drum'; CC 'Multiple Bounce Roll lesson'; CC 'Multiple Bounce Roll rudiment'; CC 'Multiple Bounce Roll snare'; CC 'Multiple Bounce Roll tutorial'; CC 'Multiple Bounce Roll'; CC 'how to play Multiple Bounce Roll'; CC 'multiple bounce rudiment',,6.5,False,no player or hands in the thumbnail,False,also found
4,Multiple Bounce Roll,False,8Vxz_AM37ZQ,https://www.youtube.com/watch?v=8Vxz_AM37ZQ,buzz roll effect for 7:8 + 4:3 + 5:6 + 6:7 + 5:9 + 8:9 + 7:9 cycle of harmonic polyrhythms,robertinventor,https://www.youtube.com/channel/UCoDTNY169IIPUivH0sI9rrw,11300,no,,CC-BY,Creative Commons Attribution license (reuse allowed),69,1280,720,30.0,False,20110413,1185,no player found,no,thumbnail (auto),,,True,False,demo,CC 'Multiple Bounce Roll drum'; CC 'Multiple Bounce Roll lesson'; CC 'Multiple Bounce Roll snare'; CC 'Multiple Bounce Roll tutorial'; CC 'Multiple Bounce Roll'; CC 'Nine Stroke Roll'; CC 'Seven Stroke Roll'; CC 'Six Stroke Roll'; CC 'Triple Stroke Roll'; CC 'how to play Multiple Bounce Roll'; CC 'h,mentions click or metronome,6.23,False,no player or hands in the thumbnail,False,also found
4,Multiple Bounce Roll,False,LsnRJLbdGEw,https://www.youtube.com/watch?v=LsnRJLbdGEw,"BUZZ ROLL OR PRESS ROLL, and how to play them.",Karl Lindgren,https://www.youtube.com/channel/UCQ2hybDxhxbfnwBD9coZEbA,685,no,,CC-BY,Creative Commons Attribution license (reuse allowed),368,1920,1080,30.0,False,20241104,643,no player found,no,thumbnail (auto),,,True,False,demo,'buzz roll rudiment'; CC 'buzz roll rudiment'; CC 'double stroke roll rudiment'; CC 'long roll rudiment'; CC 'press roll rudiment',5 chapters,6.12,False,no player or hands in the thumbnail,False,also found
4,Multiple Bounce Roll,False,fq8tsL_JvMY,https://www.youtube.com/watch?v=fq8tsL_JvMY,Drum Lesson-One Handed Press Roll With An Rimshot Accent At The End,David Krautscheid,https://www.youtube.com/channel/UCbvz_0T-re4D7oXSBCektpg,1470,no,,CC-BY,Creative Commons Attribution license (reuse allowed),343,1920,1080,25.0,False,20251015,30,side,no,thumbnail (auto),0.45,,True,False,demo,CC 'long roll rudiment'; CC 'press roll rudiment',,6.1,False,no player or hands in the thumbnail,False,also found
4,Multiple Bounce Roll,False,UEM04eAbMtI,https://www.youtube.com/watch?v=UEM04eAbMtI,Fibonacci Rhythmicon - 1:2:3:5:8:13 polyrhythm with reverse buzz roll,robertinventor,https://www.youtube.com/channel/UCoDTNY169IIPUivH0sI9rrw,11300,no,,CC-BY,Creative Commons Attribution license (reuse allowed),18,1280,720,30.0,False,20110602,10227,no player found,no,thumbnail (auto),,,True,False,demo,CC 'Thirteen Stroke Roll'; CC 'how to play Multiple Bounce Roll'; CC 'how to play Thirteen Stroke Roll',short; mentions click or metronome,5.6,False,no player or hands in the thumbnail,False,also found
4,Multiple Bounce Roll,False,XykPBmrw-8Q,https://www.youtube.com/watch?v=XykPBmrw-8Q,How to play the buzz roll all over the drum kit,Mystical Drumming,https://www.youtube.com/channel/UC4TJlbwJxdt8SYcTike5OCg,197,no,,CC-BY,Creative Commons Attribution license (reuse allowed),409,1920,1080,30.0,False,20140918,370,side,yes,thumbnail (auto),0.29,,True,False,"application (groove, fill or kit)",CC '40 drum rudiments'; CC '40 essential rudiments'; CC '5 stroke roll rudiment'; CC '7 stroke roll rudiment'; CC 'Double Drag Tap drum'; CC 'Double Drag Tap lesson'; CC 'Double Drag Tap rudiment'; CC 'Double Drag Tap snare'; CC 'Double Drag Tap tutorial'; CC 'Double Drag Tap'; CC 'Double Ratamacue ,5 chapters,5.53,False,"application (groove, fill or kit)",False,also found
4,Multiple Bounce Roll,False,RgAdYzmwDPY,https://www.youtube.com/watch?v=RgAdYzmwDPY,"Reverse Buzz Roll for Fibonacci Sequence Inharmonic ""Golden Rhythmicon"" - with Bounce Metronome",robertinventor,https://www.youtube.com/channel/UCoDTNY169IIPUivH0sI9rrw,11300,no,,CC-BY,Creative Commons Attribution license (reuse allowed),105,1280,720,30.0,False,20110606,5426,no player found,no,thumbnail (auto),,,True,False,other instrument or animation,CC 'how to play Multiple Bounce Roll',mentions click or metronome,1.49,False,other instrument or animation; no player or hands in the thumbnail,False,also found
4,Multiple Bounce Roll,False,8UMYQ8GBUes,https://www.youtube.com/watch?v=8UMYQ8GBUes,7:12 harmonic metronome with Bounce Metronome Pro with buzz roll effect,robertinventor,https://www.youtube.com/channel/UCoDTNY169IIPUivH0sI9rrw,11300,no,,CC-BY,Creative Commons Attribution license (reuse allowed),32,1280,720,30.0,False,20111015,563,no player found,no,thumbnail (auto),,,True,False,other instrument or animation,CC 'Double Stroke Open Roll snare'; CC 'Double Stroke Open Roll'; CC 'Seven Stroke Roll',short; mentions click or metronome,1.1,False,other instrument or animation; no player or hands in the thumbnail,False,also found
4,Multiple Bounce Roll,False,skMzNfhw3m8,https://www.youtube.com/watch?v=skMzNfhw3m8,Pearl Drum Rudiments - Multiple Bounce Roll,Pearl Drums,https://www.youtube.com/channel/UCmGi7DMBXl7aTOG1HDbRWoQ,121000,yes,known channel (pearl),Standard,,69,1920,1080,30.0,False,20130726,3440,three-quarter,yes,thumbnail (auto),0.86,,True,False,demo,'Multiple Bounce Roll rudiment',,10.91,False,not Creative Commons (link only),False,also found
4,Multiple Bounce Roll,False,ougnZiw_ZOs,https://www.youtube.com/watch?v=ougnZiw_ZOs,Rudimental Crash Course – Buzz Roll,Drum Channel,https://www.youtube.com/channel/UC-vQ0o1-FxwJAJGOgGu0bBQ,290000,yes,known channel (drum channel),Standard,,180,854,480,30.0,False,20190401,2292,three-quarter,yes,thumbnail (auto),0.7,,True,False,demo,'buzz roll rudiment',5 chapters,9.84,False,not Creative Commons (link only),False,also found
4,Multiple Bounce Roll,False,srgpQ5wLECg,https://www.youtube.com/watch?v=srgpQ5wLECg,"Rudiment Nr. 4 ""The multiple bounce roll"" (Drum Lesson)",Derek’s Drum Channel ,https://www.youtube.com/channel/UCgIjcXsAdMiV3dBBGh4dvlA,13100,yes,known channel (drum channel),Standard,,992,1920,1080,25.0,False,20240609,762,unknown,one,thumbnail (auto),,,True,False,demo,'Multiple Bounce Roll drum rudiment lesson',11 chapters,8.15,False,not Creative Commons (link only),False,also found
4,Multiple Bounce Roll,False,1POZ_LZyLCQ,https://www.youtube.com/watch?v=1POZ_LZyLCQ,Drum Rudiments #4 - Multiple Bounce Roll - DrumRudiments.com,DrumRudiments,https://www.youtube.com/channel/UCFjAPbK0sCk_5TKsgSmSQzQ,32600,no,,Standard,,33,432,360,30.0,False,20070320,793667,no player found,no,thumbnail (auto),,,True,False,demo,'Multiple Bounce Roll rudiment practice pad'; 'Multiple Bounce Roll rudiment'; 'Multiple Bounce Roll snare drum'; 'vic firth Multiple Bounce Roll',short,6.36,False,not Creative Commons (link only),False,also found
4,Multiple Bounce Roll,False,I5rWAP8FhKA,https://www.youtube.com/watch?v=I5rWAP8FhKA,DRUM LESSON - MULTIPLE BOUNCE ROLL,George Shepherd,https://www.youtube.com/channel/UCx6SEzEfSpkdp2cfrSkVM0Q,2700,no,,Standard,,35,320,266,30.0,False,20061209,96443,hands only,one,thumbnail (auto),,,True,False,demo,'Multiple Bounce Roll rudiment practice pad'; 'Multiple Bounce Roll rudiment'; 'Multiple Bounce Roll snare drum',short,5.99,False,not Creative Commons (link only),False,also found
5,Triple Stroke Roll,True,2EGPOl48-oM,https://www.youtube.com/watch?v=2EGPOl48-oM,The Triple Stroke Roll for Beginners! (Quick Lesson)🥁,DrumScoresOnline,https://www.youtube.com/channel/UCqoX1-UytpZkOaWbeSitd4g,5440,no,,CC-BY,Creative Commons Attribution license (reuse allowed),10,720,1280,50.0,True,20241106,2746,hands only,one,thumbnail (auto),,,True,False,demo,CC 'Triple Paradiddle tutorial'; CC 'Triple Stroke Roll lesson'; CC 'Triple Stroke Roll rudiment'; CC 'Triple Stroke Roll tutorial'; CC 'Triple Stroke Roll'; CC 'drum rudiment tutorial'; CC 'triple stroke rudiment',short; vertical,6.38,True,,False,pick
5,Triple Stroke Roll,True,qsF-dUNx0kM,https://www.youtube.com/watch?v=qsF-dUNx0kM,Triple Stroke Roll,null,https://www.youtube.com/channel/UCoiP3HEJH-eicv8O3AqW1AA,17300,no,,CC-BY,Creative Commons Attribution license (reuse allowed),61,1920,1080,30.0,False,20190424,95,three-quarter,one,thumbnail (auto),0.58,,True,False,demo,CC '5 stroke roll rudiment'; CC '6 stroke roll rudiment'; CC '7 stroke roll rudiment'; CC 'Five Stroke Roll rudiment'; CC 'Five Stroke Roll snare'; CC 'Five Stroke Roll'; CC 'Multiple Bounce Roll drum'; CC 'Multiple Bounce Roll lesson'; CC 'Multiple Bounce Roll rudiment'; CC 'Multiple Bounce Roll sn,,6.29,True,,False,pick
5,Triple Stroke Roll,True,Pj483Lim-JI,https://www.youtube.com/watch?v=Pj483Lim-JI,[스티킹 연구회] 7일차  트리플 스트록 Sticking 7Day Triple Stroke,SIWOO DRUM TV,https://www.youtube.com/channel/UCuWLMksl8fee-13HyU8EGSw,22,no,,CC-BY,Creative Commons Attribution license (reuse allowed),112,1920,1080,30.0,False,20200415,125,hands only,one,thumbnail (auto),,,True,False,demo,CC 'Fifteen Stroke Roll practice pad'; CC 'Single Stroke Seven practice pad'; CC 'Triple Stroke Roll'; CC 'how to play Triple Stroke Roll',,5.84,True,,False,pick
5,Triple Stroke Roll,True,-KyAZkWZG20,https://www.youtube.com/watch?v=-KyAZkWZG20,¿QUE ES UN TRIPLE STROKE ROLL? #STICKING,Sala de Música (Musikalische Bildung),https://www.youtube.com/channel/UC_ULWaD7VUirmHaqBIvmyAg,9,no,,CC-BY,Creative Commons Attribution license (reuse allowed),39,1920,1080,25.0,False,20210717,17,hands only,one,thumbnail (auto),,,True,False,demo,CC '17 stroke roll rudiment'; CC 'Seventeen Stroke Roll drum'; CC 'Seventeen Stroke Roll lesson'; CC 'Seventeen Stroke Roll practice pad'; CC 'Seventeen Stroke Roll rudiment'; CC 'Seventeen Stroke Roll snare'; CC 'Seventeen Stroke Roll tutorial'; CC 'Seventeen Stroke Roll'; CC 'Triple Stroke Roll dr,short,5.5,True,,False,pick
5,Triple Stroke Roll,True,Y5ohL0SRi2A,https://www.youtube.com/watch?v=Y5ohL0SRi2A,Triple Stroke Roll - Drum Rudiment Lesson (Drumeo),Drumeo,https://www.youtube.com/channel/UCBiJBaDaM3K6vPVggLhTyWA,5630000,yes,known channel (drumeo),Standard,,56,1920,1080,24.0,False,20161209,165485,three-quarter,yes,thumbnail (auto),0.93,,True,False,demo,'Triple Paradiddle drum rudiment lesson'; 'Triple Stroke Roll drum rudiment lesson'; 'Triple Stroke Roll rudiment practice pad'; 'Triple Stroke Roll rudiment'; 'Triple Stroke Roll snare drum'; 'triple stroke rudiment'; 'triple strokes rudiment',short,11.59,False,not Creative Commons (link only),False,pick
5,Triple Stroke Roll,True,kUDEnUaDYvc,https://www.youtube.com/watch?v=kUDEnUaDYvc,How To Play A Triple Stroke Roll - Drum Rudiment Lesson,Drumeo,https://www.youtube.com/channel/UCBiJBaDaM3K6vPVggLhTyWA,5630000,yes,known channel (drumeo),Standard,,134,2560,1440,24.0,False,20230118,108038,three-quarter,yes,thumbnail (auto),0.65,,True,False,demo,'Seven Stroke Roll rudiment'; 'Seventeen Stroke Roll drum rudiment lesson'; 'Triple Paradiddle drum rudiment lesson'; 'Triple Stroke Roll drum rudiment lesson'; 'Triple Stroke Roll rudiment practice pad'; 'Triple Stroke Roll rudiment'; 'Triple Stroke Roll snare drum'; 'triple stroke rudiment'; 'trip,2 chapters,11.51,False,not Creative Commons (link only),False,pick
5,Triple Stroke Roll,True,j0rxiiJ85y0,https://www.youtube.com/watch?v=j0rxiiJ85y0,Vic Firth Rudiment Lessons: Triple Stroke Roll,Vic Firth,https://www.youtube.com/channel/UC9N2JaiIWYR2GEN1tgHAczA,634000,yes,known channel (vic firth),Standard,,351,1280,720,24.0,False,20120201,86749,three-quarter,yes,thumbnail (auto),0.57,,True,False,demo,'Triple Paradiddle drum rudiment lesson'; 'Triple Stroke Roll drum rudiment lesson'; 'Triple Stroke Roll rudiment'; 'Triple Stroke Roll snare drum'; 'triple stroke rudiment'; 'triple strokes rudiment'; 'vic firth Eleven Stroke Roll'; 'vic firth Nine Stroke Roll'; 'vic firth Seventeen Stroke Roll'; ',5 chapters,11.48,False,not Creative Commons (link only),False,pick
5,Triple Stroke Roll,True,lcdNRAQr3js,https://www.youtube.com/watch?v=lcdNRAQr3js,Pearl Drum Rudiments - Triple Stroke Roll,Pearl Drums,https://www.youtube.com/channel/UCmGi7DMBXl7aTOG1HDbRWoQ,121000,yes,known channel (pearl),Standard,,90,1280,720,30.0,False,20120813,17096,three-quarter,yes,thumbnail (auto),0.78,,True,False,demo,'Triple Stroke Roll drum rudiment lesson',,11.19,False,not Creative Commons (link only),False,pick
5,Triple Stroke Roll,True,QQST0weWRIM,https://www.youtube.com/watch?v=QQST0weWRIM,How To Play A Triple Stroke Roll On The Drums - Drum Rudiment Lesson,Drumeo,https://www.youtube.com/channel/UCBiJBaDaM3K6vPVggLhTyWA,5630000,yes,known channel (drumeo),Standard,,202,2560,1440,24.0,False,20230312,12385,three-quarter,yes,thumbnail (auto),0.67,,True,False,demo,'Triple Stroke Roll drum rudiment lesson'; 'Triple Stroke Roll rudiment practice pad'; 'Triple Stroke Roll rudiment'; 'triple stroke rudiment'; 'triple strokes rudiment',,11.14,False,not Creative Commons (link only),False,pick
5,Triple Stroke Roll,True,MaHPDFak3tI,https://www.youtube.com/watch?v=MaHPDFak3tI,5. Triple Stroke Roll - 40 Rudimentos.,ESTUDE BATERIA,https://www.youtube.com/channel/UCVN6V8fPSRXg1UCWcotqkoA,2280,no,,CC-BY,Creative Commons Attribution license (reuse allowed),46,1920,1080,60.0,True,20190402,75,no player found,no,thumbnail (auto),,,True,False,demo,CC '11 stroke roll rudiment'; CC '15 stroke roll rudiment'; CC '40 drum rudiments'; CC '5 stroke roll rudiment'; CC '9 stroke roll rudiment'; CC 'Double Stroke Open Roll drum'; CC 'Double Stroke Open Roll rudiment'; CC 'Double Stroke Open Roll snare'; CC 'Double Stroke Open Roll tutorial'; CC 'Doubl,short,6.75,False,no player or hands in the thumbnail,False,also found
5,Triple Stroke Roll,True,2Xr0ZteadMY,https://www.youtube.com/watch?v=2Xr0ZteadMY,Polyrhythmic 5-stroke roll over triple stroke roll,robertinventor,https://www.youtube.com/channel/UCoDTNY169IIPUivH0sI9rrw,11300,no,,CC-BY,Creative Commons Attribution license (reuse allowed),40,1280,720,30.0,False,20110522,1101,no player found,no,thumbnail (auto),,,True,False,demo,CC '11 stroke roll rudiment'; CC '13 stroke roll rudiment'; CC '5 stroke roll rudiment'; CC '6 stroke roll rudiment'; CC '9 stroke roll rudiment'; CC 'Eleven Stroke Roll drum'; CC 'Eleven Stroke Roll lesson'; CC 'Eleven Stroke Roll rudiment'; CC 'Eleven Stroke Roll snare'; CC 'Eleven Stroke Roll tut,short; mentions click or metronome,6.22,False,no player or hands in the thumbnail,False,also found
5,Triple Stroke Roll,True,9p_QJ8zt48k,https://www.youtube.com/watch?v=9p_QJ8zt48k,[스티킹 연구회] 8일차 트리플 스트록 그루핑  Day-8 Triple Stroke Grouping in16,SIWOO DRUM TV,https://www.youtube.com/channel/UCuWLMksl8fee-13HyU8EGSw,22,no,,CC-BY,Creative Commons Attribution license (reuse allowed),109,1920,1080,30.0,False,20200416,77,no player found,no,thumbnail (auto),,,True,False,demo,CC 'Triple Stroke Roll'; CC 'how to play Triple Stroke Roll',,5.76,False,no player or hands in the thumbnail,False,also found
5,Triple Stroke Roll,True,388yFMcUTgI,https://www.youtube.com/watch?v=388yFMcUTgI,Triple stroke roll - with Bounce Metronome Pro,robertinventor,https://www.youtube.com/channel/UCoDTNY169IIPUivH0sI9rrw,11300,no,,CC-BY,Creative Commons Attribution license (reuse allowed),19,1280,720,30.0,False,20110522,1016,no player found,no,thumbnail (auto),,,True,False,other instrument or animation,CC '5 stroke roll rudiment'; CC '6 stroke roll rudiment'; CC 'Five Stroke Roll lesson'; CC 'Five Stroke Roll'; CC 'Seven Stroke Roll drum'; CC 'Seven Stroke Roll lesson'; CC 'Seven Stroke Roll rudiment'; CC 'Seven Stroke Roll snare'; CC 'Seven Stroke Roll'; CC 'Single Stroke Seven lesson'; CC 'Singl,short; mentions click or metronome,0.2,False,other instrument or animation; no player or hands in the thumbnail,False,also found
5,Triple Stroke Roll,True,wmNIsU7etNU,https://www.youtube.com/watch?v=wmNIsU7etNU,Triple stroke Roll: Rudiment Breakdown by Dr. John Wooton,Vic Firth,https://www.youtube.com/channel/UC9N2JaiIWYR2GEN1tgHAczA,634000,yes,known channel (vic firth),Standard,,110,1920,1080,30.0,False,20120413,24462,front,yes,thumbnail (auto),1.08,,True,False,demo,'Triple Stroke Roll snare drum'; 'triple stroke rudiment'; 'vic firth Triple Ratamacue'; 'vic firth Triple Stroke Roll',,10.76,False,not Creative Commons (link only),False,also found
5,Triple Stroke Roll,True,W0tSjVKiHTU,https://www.youtube.com/watch?v=W0tSjVKiHTU,Triple Stroke Roll - Drum Lessons,Drumeo,https://www.youtube.com/channel/UCBiJBaDaM3K6vPVggLhTyWA,5630000,yes,known channel (drumeo),Standard,,88,640,480,30.0,False,20070810,298176,three-quarter,yes,thumbnail (auto),0.97,,True,False,demo,'Triple Stroke Roll drum rudiment lesson'; 'Triple Stroke Roll rudiment',,10.69,False,not Creative Commons (link only),False,also found
5,Triple Stroke Roll,True,hu90k_XVyLk,https://www.youtube.com/watch?v=hu90k_XVyLk,Rudimental Crash Course – Triple Stroke Roll,Drum Channel,https://www.youtube.com/channel/UC-vQ0o1-FxwJAJGOgGu0bBQ,290000,yes,known channel (drum channel),Standard,,139,854,480,30.0,False,20190329,4850,three-quarter,yes,thumbnail (auto),0.76,,True,False,demo,'triple strokes rudiment',,9.97,False,not Creative Commons (link only),False,also found
5,Triple Stroke Roll,True,M8_YLh5iyzE,https://www.youtube.com/watch?v=M8_YLh5iyzE,Pearl Drum Rudiments - Triple Stroke Roll,Pearl Drums,https://www.youtube.com/channel/UCmGi7DMBXl7aTOG1HDbRWoQ,121000,yes,known channel (pearl),Standard,,60,1920,1080,30.0,False,20130726,6412,unknown,no,thumbnail (auto),,,True,False,demo,'Triple Stroke Roll rudiment',,9.52,False,not Creative Commons (link only),False,also found
5,Triple Stroke Roll,True,1-bpLFJyiYQ,https://www.youtube.com/watch?v=1-bpLFJyiYQ,Bass Drum Triple Strokes - Drum Lesson (DRUMEO),Drumeo,https://www.youtube.com/channel/UCBiJBaDaM3K6vPVggLhTyWA,5630000,yes,known channel (drumeo),Standard,,302,1920,1080,24.0,False,20130224,266632,no player found,no,thumbnail (auto),,,True,False,feet or kit (not hands on a pad),'Triple Stroke Roll snare drum'; 'triple strokes rudiment',5 chapters,5.17,False,not Creative Commons (link only),False,also found
6,Double Stroke Open Roll,True,JRp_msBVyhQ,https://www.youtube.com/watch?v=JRp_msBVyhQ,#shorts how to double stroke roll really fast! #drum #drums #technique,Vand3rHorst,https://www.youtube.com/channel/UCBVa-CotBhcZggLBG0E9XUA,61500,no,,CC-BY,Creative Commons Attribution license (reuse allowed),41,720,1280,30.0,False,20221104,691,three-quarter,yes,thumbnail (auto),0.92,,True,False,demo,CC '10 stroke roll rudiment'; CC '11 stroke roll rudiment'; CC '13 stroke roll rudiment'; CC '15 stroke roll rudiment'; CC '17 stroke roll rudiment'; CC '7 stroke roll rudiment'; CC 'Double Stroke Open Roll tutorial'; CC 'Eleven Stroke Roll rudiment'; CC 'Eleven Stroke Roll tutorial'; CC 'Fifteen St,short; vertical; mentions click or metronome,7.64,True,,False,pick
6,Double Stroke Open Roll,True,dlSN_gl_9J0,https://www.youtube.com/watch?v=dlSN_gl_9J0,🎶🥁Mastering 200BPM Double Stroke Roll 🥁🔥,D The Drummist,https://www.youtube.com/channel/UC5NiE9PHbc7rsrz0zjWuoMw,105,no,,CC-BY,Creative Commons Attribution license (reuse allowed),10,720,1280,30.0,False,20230812,6965,three-quarter,yes,thumbnail (auto),0.85,200,True,False,demo,CC '10 stroke roll rudiment'; CC '11 stroke roll rudiment'; CC 'Double Paradiddle tutorial'; CC 'Eleven Stroke Roll rudiment'; CC 'Eleven Stroke Roll tutorial'; CC 'Single Stroke Roll tutorial'; CC 'Six Stroke Roll tutorial'; CC 'Triple Stroke Roll rudiment'; CC 'Triple Stroke Roll tutorial'; CC 'Tr,short; vertical; mentions click or metronome,7.54,True,,False,pick
6,Double Stroke Open Roll,True,yTWIt2eSZjY,https://www.youtube.com/watch?v=yTWIt2eSZjY,So klingt dein Doppelschlag endlich sauber! Double Stroke Roll Tutorial (Grundlagenkurs 4. 7.),Dennis Berg Drums,https://www.youtube.com/channel/UCwXzTj0rm42EyEqp6T0d9jw,1260,no,,CC-BY,Creative Commons Attribution license (reuse allowed),618,1920,1080,30.0,False,20260130,2650,side,one,thumbnail (auto),0.43,,True,False,demo,CC '9 stroke roll rudiment'; CC 'Five Stroke Roll practice pad'; CC 'Nine Stroke Roll practice pad'; CC 'Seven Stroke Roll lesson'; CC 'Seven Stroke Roll practice pad'; CC 'Seven Stroke Roll tutorial'; CC 'Six Stroke Roll practice pad',8 chapters,6.87,True,,False,pick
6,Double Stroke Open Roll,True,dLFm7AJxIEY,https://www.youtube.com/watch?v=dLFm7AJxIEY,Double Strokes with Tempo Variation 🥁,DrumScoresOnline,https://www.youtube.com/channel/UCqoX1-UytpZkOaWbeSitd4g,5440,no,,CC-BY,Creative Commons Attribution license (reuse allowed),17,720,1280,50.0,True,20241220,5964,hands only,one,thumbnail (auto),,,True,False,demo,CC '10 stroke roll rudiment',short; vertical,6.51,True,,False,pick
6,Double Stroke Open Roll,True,B3TAladMP_k,https://www.youtube.com/watch?v=B3TAladMP_k,Melatih double strokes,Agung Codil,https://www.youtube.com/channel/UCM5EZTPWPaqUEOKoP7zTvXw,956,no,,CC-BY,Creative Commons Attribution license (reuse allowed),68,608,1080,30.0,False,20170514,303,three-quarter,yes,thumbnail (auto),0.74,,True,False,demo,CC 'Eleven Stroke Roll practice pad'; CC 'Flam Paradiddle-Diddle practice pad',vertical,6.49,True,,False,pick
6,Double Stroke Open Roll,True,Y0uZKZo4BHc,https://www.youtube.com/watch?v=Y0uZKZo4BHc,Sticking ¿Qué son los DOUBLE STROKES?,Sala de Música (Musikalische Bildung),https://www.youtube.com/channel/UC_ULWaD7VUirmHaqBIvmyAg,9,no,,CC-BY,Creative Commons Attribution license (reuse allowed),47,1920,1080,25.0,False,20210716,14,hands only,one,thumbnail (auto),,,True,False,demo,CC 'Triple Paradiddle'; CC 'double strokes rudiment',short,5.47,True,,False,pick
6,Double Stroke Open Roll,True,-o5cmboS7BE,https://www.youtube.com/watch?v=-o5cmboS7BE,Vic Firth Rudiment Lessons: Double Stroke Roll,Vic Firth,https://www.youtube.com/channel/UC9N2JaiIWYR2GEN1tgHAczA,634000,yes,known channel (vic firth),Standard,,311,1280,720,60.0,True,20110224,239782,three-quarter,yes,thumbnail (auto),0.62,,True,False,demo,'vic firth Double Stroke Open Roll',5 chapters,12.65,False,not Creative Commons (link only),False,pick
6,Double Stroke Open Roll,True,EL9dQeofEmY,https://www.youtube.com/watch?v=EL9dQeofEmY,"Double Stroke ""Open"" Roll: Rudiment Breakdown by Dr. John Wooton",Vic Firth,https://www.youtube.com/channel/UC9N2JaiIWYR2GEN1tgHAczA,634000,yes,known channel (vic firth),Standard,,118,1920,1080,30.0,False,20120413,141526,three-quarter,yes,thumbnail (auto),0.89,,True,False,demo,'Double Stroke Open Roll drum rudiment lesson'; 'Double Stroke Open Roll rudiment'; 'Double Stroke Open Roll snare drum'; 'vic firth Double Stroke Open Roll',,11.56,False,not Creative Commons (link only),False,pick
6,Double Stroke Open Roll,True,IP_AzJIeYl4,https://www.youtube.com/watch?v=IP_AzJIeYl4,How To Play A Double Stroke Roll - Drum Rudiment Lesson,Drumeo,https://www.youtube.com/channel/UCBiJBaDaM3K6vPVggLhTyWA,5630000,yes,known channel (drumeo),Standard,,71,2560,1440,24.0,False,20221213,128575,three-quarter,yes,thumbnail (auto),0.62,,True,False,demo,'Double Stroke Open Roll drum rudiment lesson'; 'Double Stroke Open Roll rudiment practice pad'; 'Double Stroke Open Roll rudiment'; 'Double Stroke Open Roll snare drum'; 'Triple Stroke Roll snare drum'; 'double stroke roll rudiment'; 'double strokes rudiment'; 'press roll rudiment'; 'vic firth Doub,4 chapters,11.54,False,not Creative Commons (link only),False,pick
6,Double Stroke Open Roll,True,kIj-tn8yg_s,https://www.youtube.com/watch?v=kIj-tn8yg_s,How To Play A Double Stroke Roll On The Drums - Drum Rudiment Lesson - Drum Rudiment Lesson,Drumeo,https://www.youtube.com/channel/UCBiJBaDaM3K6vPVggLhTyWA,5630000,yes,known channel (drumeo),Standard,,177,2560,1440,24.0,False,20230312,16030,three-quarter,yes,thumbnail (auto),0.66,,True,False,demo,'Double Stroke Open Roll drum rudiment lesson'; 'double stroke roll rudiment',4 chapters,11.18,False,not Creative Commons (link only),False,pick
6,Double Stroke Open Roll,True,jyFvE5hA2Vw,https://www.youtube.com/watch?v=jyFvE5hA2Vw,Pearl Drum Rudiments - Double Stroke Open Roll,Pearl Drums,https://www.youtube.com/channel/UCmGi7DMBXl7aTOG1HDbRWoQ,121000,yes,known channel (pearl),Standard,,66,1920,1080,30.0,False,20130726,5249,three-quarter,yes,thumbnail (auto),0.79,,True,False,demo,'Double Stroke Open Roll drum rudiment lesson'; 'Double Stroke Open Roll rudiment'; 'Double Stroke Open Roll snare drum',,10.99,False,not Creative Commons (link only),False,pick
6,Double Stroke Open Roll,True,VuKFPbifzGQ,https://www.youtube.com/watch?v=VuKFPbifzGQ,Motion video of Double Stroke Roll,Alexander Refsum Jensenius,https://www.youtube.com/channel/UCO_Yw4-CUPRHb1ghXEXYiGA,465,no,,CC-BY,Creative Commons Attribution license (reuse allowed),86,1280,720,60.0,True,20210128,18921,unknown,no,thumbnail (auto),,,True,False,demo,CC '10 stroke roll rudiment'; CC '13 stroke roll rudiment'; CC '6 stroke roll rudiment'; CC 'Double Stroke Open Roll drum'; CC 'Double Stroke Open Roll lesson'; CC 'Double Stroke Open Roll rudiment'; CC 'Double Stroke Open Roll snare'; CC 'Double Stroke Open Roll tutorial'; CC 'Double Stroke Open Ro,,7.71,False,no player or hands in the thumbnail,False,also found
6,Double Stroke Open Roll,True,m2nUJpNRLWg,https://www.youtube.com/watch?v=m2nUJpNRLWg,Double Stroke Roll - Toque Duplo - 40 Rudimentos.,ESTUDE BATERIA,https://www.youtube.com/channel/UCVN6V8fPSRXg1UCWcotqkoA,2280,no,,CC-BY,Creative Commons Attribution license (reuse allowed),50,1920,1080,60.0,True,20190328,104,no player found,no,thumbnail (auto),,,True,False,demo,CC '11 stroke roll rudiment'; CC 'Eleven Stroke Roll lesson'; CC 'Eleven Stroke Roll practice pad'; CC 'Eleven Stroke Roll snare'; CC 'Eleven Stroke Roll tutorial'; CC 'Eleven Stroke Roll'; CC 'Seven Stroke Roll practice pad'; CC 'Seven Stroke Roll tutorial'; CC 'Seven Stroke Roll'; CC 'how to play ,short,6.81,False,no player or hands in the thumbnail,False,also found
6,Double Stroke Open Roll,True,pZfqyIjtzsQ,https://www.youtube.com/watch?v=pZfqyIjtzsQ,How Double Strokes & Accents Actually Work,Italiandrummer,https://www.youtube.com/channel/UCHGBQKVnOAQMLuRvZeFSzJA,189,no,,CC-BY,Creative Commons Attribution license (reuse allowed),56,1920,1080,30.0,False,20211206,478,no player found,no,thumbnail (auto),,,True,False,demo,CC '5 stroke roll rudiment'; CC 'Double Stroke Open Roll drum'; CC 'Double Stroke Open Roll lesson'; CC 'Double Stroke Open Roll rudiment'; CC 'Double Stroke Open Roll snare'; CC 'Double Stroke Open Roll tutorial'; CC 'Double Stroke Open Roll'; CC 'Flam Accent rudiment'; CC 'Flam Accent'; CC 'double,short,6.07,False,no player or hands in the thumbnail,False,also found
6,Double Stroke Open Roll,True,R4bq74t2Wf0,https://www.youtube.com/watch?v=R4bq74t2Wf0,더블스트로크 드럼세트응용 연습팁4가지 feat.Five Stroke (드럼악보다운),kungfudrum,https://www.youtube.com/channel/UCziTWeyV2BNJMaHcxMN690g,30800,no,,CC-BY,Creative Commons Attribution license (reuse allowed),443,1920,1080,60.0,True,20190105,46026,unknown,one,thumbnail (auto),,,False,False,demo,CC 'Double Stroke Open Roll drum'; CC 'Double Stroke Open Roll rudiment'; CC 'Double Stroke Open Roll tutorial'; CC 'Double Stroke Open Roll'; CC 'Fifteen Stroke Roll lesson'; CC 'Fifteen Stroke Roll tutorial'; CC 'Fifteen Stroke Roll'; CC 'Five Stroke Roll drum'; CC 'Five Stroke Roll lesson'; CC 'F,,5.87,False,title does not name this rudiment,False,also found
6,Double Stroke Open Roll,True,HPTatLzE0y4,https://www.youtube.com/watch?v=HPTatLzE0y4,Double Stroke Open Roll,null,https://www.youtube.com/channel/UCoiP3HEJH-eicv8O3AqW1AA,17300,no,,CC-BY,Creative Commons Attribution license (reuse allowed),84,1920,1080,30.0,False,20190424,84,no player found,no,thumbnail (auto),,,True,False,demo,CC 'Double Stroke Open Roll drum'; CC 'Double Stroke Open Roll rudiment'; CC 'Double Stroke Open Roll snare'; CC 'Double Stroke Open Roll tutorial'; CC 'Double Stroke Open Roll'; CC 'Five Stroke Roll'; CC 'Multiple Bounce Roll drum'; CC 'Multiple Bounce Roll rudiment'; CC 'Multiple Bounce Roll snare,,5.77,False,no player or hands in the thumbnail,False,also found
6,Double Stroke Open Roll,True,fN6POzDPbx4,https://www.youtube.com/watch?v=fN6POzDPbx4,How To Double Stroke Roll Demo.,Drummer Chops,https://www.youtube.com/channel/UCmGzFL4pLFnOP8ZLoCKJY2w,121,no,,CC-BY,Creative Commons Attribution license (reuse allowed),23,1920,1080,10.0,False,20211210,47,no player found,no,thumbnail (auto),,,True,False,demo,CC '10 stroke roll rudiment'; CC 'Ten Stroke Roll drum'; CC 'Ten Stroke Roll snare'; CC 'Ten Stroke Roll'; CC 'double stroke roll rudiment'; CC 'double strokes rudiment'; CC 'how to play Ten Stroke Roll'; CC 'long roll rudiment'; CC 'rudiment slow motion',short,5.67,False,10.0 fps; no player or hands in the thumbnail,False,also found
6,Double Stroke Open Roll,True,EchgGUJ3blE,https://www.youtube.com/watch?v=EchgGUJ3blE,Long Roll (Double Strokes) am Schlagzeug | Übungen und Anwendungen | N.A.R.D. Rudiments,Dennis Berg Drums,https://www.youtube.com/channel/UCwXzTj0rm42EyEqp6T0d9jw,1260,no,,CC-BY,Creative Commons Attribution license (reuse allowed),1119,1920,1080,30.0,False,20260918,565,three-quarter,no,thumbnail (auto),0.57,,True,False,demo,CC 'Double Stroke Open Roll drum'; CC 'Double Stroke Open Roll tutorial'; CC 'double strokes rudiment'; CC 'long roll rudiment',6 chapters,5.6,False,no player or hands in the thumbnail,False,also found
6,Double Stroke Open Roll,True,q-Qt06XnVDI,https://www.youtube.com/watch?v=q-Qt06XnVDI,如何演奏雙擊/Double Stroke?❮雙擊Open Roll細部動作分解❯訓練流程說明☆☆☆☆ «爵士鼓＆吉他 線上課程»🔥🔥🔥,null,https://www.youtube.com/channel/UCoiP3HEJH-eicv8O3AqW1AA,17300,no,,CC-BY,Creative Commons Attribution license (reuse allowed),771,1920,1080,30.0,False,20240509,3855,no player found,no,thumbnail (auto),,,True,False,demo,CC 'Double Stroke Open Roll drum'; CC 'Double Stroke Open Roll lesson'; CC 'Double Stroke Open Roll rudiment'; CC 'Double Stroke Open Roll tutorial'; CC 'Double Stroke Open Roll',,5.43,False,no player or hands in the thumbnail,False,also found
6,Double Stroke Open Roll,True,qeg56SxEwFc,https://www.youtube.com/watch?v=qeg56SxEwFc,Drum Fills | Double Stroke Roll and Flam - Alessandro Cafagna,"Alessandro ""Kafa"" Cafagna (Official Channel)",https://www.youtube.com/channel/UCEQlndf6JC6S5B4mCUDwKuQ,1930,no,,CC-BY,Creative Commons Attribution license (reuse allowed),36,2560,1440,30.0,False,20231122,638,front,yes,thumbnail (auto),1.34,,True,False,"application (groove, fill or kit)",CC 'Flam drum'; CC 'Flam lesson'; CC 'Flam rudiment'; CC 'Flam snare',short,5.12,False,"application (groove, fill or kit)",False,also found
6,Double Stroke Open Roll,True,HuWI3aJzqAU,https://www.youtube.com/watch?v=HuWI3aJzqAU,DOUBLE STROKES TECHNIQUE / HEEL-TOE [Extreme Drumming],Thomas Crémier,https://www.youtube.com/channel/UCyhU5Cadcnmh_p7DZl3oa0g,52200,no,,CC-BY,Creative Commons Attribution license (reuse allowed),436,1920,1080,50.0,True,20190522,2598422,no player found,no,thumbnail (auto),,280,True,False,feet or kit (not hands on a pad),CC 'Nine Stroke Roll practice pad'; CC 'Nine Stroke Roll'; CC 'Seven Stroke Roll practice pad'; CC 'Seventeen Stroke Roll drum'; CC 'Seventeen Stroke Roll lesson'; CC 'Seventeen Stroke Roll practice pad'; CC 'Seventeen Stroke Roll tutorial'; CC 'Seventeen Stroke Roll'; CC 'Six Stroke Roll lesson'; C,8 chapters,4.07,False,feet or kit (not hands on a pad); no player or hands in the thumbnail,False,also found
6,Double Stroke Open Roll,True,hegsZ4D3jwA,https://www.youtube.com/watch?v=hegsZ4D3jwA,Kick Drum Workout - Fast Double Strokes With Single Pedal | Drum Lesson | AC Drums 94,AC Drums 94,https://www.youtube.com/channel/UCk5SqHGzqIdNTA3sd3CuMMg,657,no,,CC-BY,Creative Commons Attribution license (reuse allowed),56,1080,1080,60.0,True,20210905,1590,front,yes,thumbnail (auto),1.86,140 160,True,False,feet or kit (not hands on a pad),CC 'single stroke rudiment',4 chapters; short,3.78,False,feet or kit (not hands on a pad),False,also found
6,Double Stroke Open Roll,True,r89XcU9NZtA,https://www.youtube.com/watch?v=r89XcU9NZtA,Double Stroke Roll - Drum Rudiment Lesson (Drumeo),Drumeo,https://www.youtube.com/channel/UCBiJBaDaM3K6vPVggLhTyWA,5630000,yes,known channel (drumeo),Standard,,79,1920,1080,24.0,False,20161209,341068,no player found,no,thumbnail (auto),,,True,False,demo,'Double Stroke Open Roll drum rudiment lesson'; 'Double Stroke Open Roll rudiment practice pad'; 'Double Stroke Open Roll rudiment'; 'Double Stroke Open Roll snare drum'; 'double stroke roll rudiment'; 'double strokes rudiment'; 'vic firth Double Stroke Open Roll',,10.21,False,not Creative Commons (link only),False,also found
6,Double Stroke Open Roll,True,Gu-Bx25bi_Q,https://www.youtube.com/watch?v=Gu-Bx25bi_Q,Double Stroke Roll: Vic Firth Rudiment Playalong,Vic Firth,https://www.youtube.com/channel/UC9N2JaiIWYR2GEN1tgHAczA,634000,yes,known channel (vic firth),Standard,,298,1280,720,30.0,False,20130329,303510,no player found,no,thumbnail (auto),,,True,False,demo,'Double Stroke Open Roll rudiment practice pad'; 'Double Stroke Open Roll rudiment'; 'double stroke roll rudiment'; 'double strokes rudiment'; 'vic firth Double Paradiddle'; 'vic firth Double Stroke Open Roll'; 'vic firth Five Stroke Roll'; 'vic firth Multiple Bounce Roll'; 'vic firth Nine Stroke Ro,,10.19,False,not Creative Commons (link only),False,also found
6,Double Stroke Open Roll,True,RkvNkoI8Grw,https://www.youtube.com/watch?v=RkvNkoI8Grw,Pearl Drum Rudiments - Double Stroke Open Roll,Pearl Drums,https://www.youtube.com/channel/UCmGi7DMBXl7aTOG1HDbRWoQ,121000,yes,known channel (pearl),Standard,,81,1280,720,30.0,False,20120813,181714,hands only,one,thumbnail (auto),,,True,False,demo,'Double Stroke Open Roll drum rudiment lesson'; 'Double Stroke Open Roll rudiment practice pad'; 'Double Stroke Open Roll rudiment'; 'Double Stroke Open Roll snare drum',,10.1,False,not Creative Commons (link only),False,also found
6,Double Stroke Open Roll,True,Budau72MDfY,https://www.youtube.com/watch?v=Budau72MDfY,A Fresh Approach to Snare Drum: Lesson 1 (C): Double Stroke Roll,Vic Firth,https://www.youtube.com/channel/UC9N2JaiIWYR2GEN1tgHAczA,634000,yes,known channel (vic firth),Standard,,192,720,480,30.0,False,20110822,36368,front,yes,thumbnail (auto),1.26,,True,False,demo,'vic firth Double Stroke Open Roll',,9.82,False,not Creative Commons (link only),False,also found
6,Double Stroke Open Roll,True,AS4TU66l5ik,https://www.youtube.com/watch?v=AS4TU66l5ik,4800 DOUBLE STROKES!! - 20 Minute Workout w/ Beatdown Brown,Rob Brown,https://www.youtube.com/channel/UChR2UZr__AZjYV1dHGUp-Mg,359000,yes,known channel (rob brown),Standard,,1579,1920,1080,30.0,False,20180115,374647,front,one,thumbnail (auto),1.27,,True,False,demo,'double stroke roll rudiment',mentions click or metronome,9.23,False,not Creative Commons (link only),False,also found
7,Five Stroke Roll,True,g6W52-ouirk,https://www.youtube.com/watch?v=g6W52-ouirk,Essential drum rudiment: The Five Stroke Roll 🥁,DrumScoresOnline,https://www.youtube.com/channel/UCqoX1-UytpZkOaWbeSitd4g,5440,no,,CC-BY,Creative Commons Attribution license (reuse allowed),11,720,1280,50.0,True,20241216,14240,hands only,yes,thumbnail (auto),,,True,False,demo,CC '10 stroke roll rudiment'; CC 'Five Stroke Roll rudiment'; CC 'Five Stroke Roll tutorial'; CC 'Flam tutorial'; CC 'Single Stroke Roll lesson'; CC 'Single Stroke Roll rudiment'; CC 'Single Stroke Roll tutorial'; CC 'Single Stroke Roll'; CC 'Ten Stroke Roll rudiment'; CC 'Ten Stroke Roll tutorial';,short; vertical,7.66,True,,False,pick
7,Five Stroke Roll,True,UfO-tFrqd-0,https://www.youtube.com/watch?v=UfO-tFrqd-0,How to properly play the 5 stroke roll,Mystical Drumming,https://www.youtube.com/channel/UC4TJlbwJxdt8SYcTike5OCg,197,no,,CC-BY,Creative Commons Attribution license (reuse allowed),542,1920,1080,30.0,False,20140918,33,three-quarter,yes,thumbnail (auto),0.7,,True,False,demo,CC '40 drum rudiments'; CC '40 essential rudiments'; CC '5 stroke roll rudiment'; CC 'Double Drag Tap drum'; CC 'Double Drag Tap lesson'; CC 'Double Drag Tap rudiment'; CC 'Double Drag Tap snare'; CC 'Double Drag Tap tutorial'; CC 'Double Drag Tap'; CC 'Double Ratamacue drum'; CC 'Double Ratamacue l,,7.11,True,,False,pick
7,Five Stroke Roll,True,fQgLVkF8fwI,https://www.youtube.com/watch?v=fQgLVkF8fwI,Five Stroke roll,Luca Fortunato Drum,https://www.youtube.com/channel/UCmiV9nU0Up1HOU8xukWFRZw,249,no,,CC-BY,Creative Commons Attribution license (reuse allowed),168,810,1440,30.0,False,20200317,22,three-quarter,yes,thumbnail (auto),0.74,,True,False,demo,CC 'Five Stroke Roll drum'; CC 'Five Stroke Roll practice pad'; CC 'Five Stroke Roll'; CC 'Seventeen Stroke Roll practice pad'; CC 'Seventeen Stroke Roll rudiment'; CC 'Seventeen Stroke Roll snare'; CC 'Seventeen Stroke Roll',vertical,7.04,True,,False,pick
7,Five Stroke Roll,True,LuSSMElXQf8,https://www.youtube.com/watch?v=LuSSMElXQf8,How to Play a 5 Stroke Roll Drum Rudiment 🥁,DrumScoresOnline,https://www.youtube.com/channel/UCqoX1-UytpZkOaWbeSitd4g,5440,no,,CC-BY,Creative Commons Attribution license (reuse allowed),16,720,1280,50.0,True,20241022,5428,hands only,one,thumbnail (auto),,,True,False,demo,CC 'Five Stroke Roll rudiment'; CC 'Five Stroke Roll tutorial'; CC 'drum rudiment tutorial'; CC 'how to play Five Stroke Roll',short; vertical,6.49,True,,False,pick
7,Five Stroke Roll,True,D2wm555X_8Q,https://www.youtube.com/watch?v=D2wm555X_8Q,5 Stroke Roll Practice,null,https://www.youtube.com/channel/UCoiP3HEJH-eicv8O3AqW1AA,17300,no,,CC-BY,Creative Commons Attribution license (reuse allowed),34,1920,1080,30.0,False,20190328,72,hands only,one,thumbnail (auto),,,True,False,demo,CC '5 stroke roll rudiment'; CC 'Five Stroke Roll drum'; CC 'Five Stroke Roll practice pad'; CC 'Five Stroke Roll rudiment',short,5.75,True,,False,pick
7,Five Stroke Roll,True,hpsxXElHieE,https://www.youtube.com/watch?v=hpsxXElHieE,Vic Firth Rudiment Lessons: Five Stroke Roll,Vic Firth,https://www.youtube.com/channel/UC9N2JaiIWYR2GEN1tgHAczA,634000,yes,known channel (vic firth),Standard,,538,1280,720,60.0,True,20110427,159616,three-quarter,yes,thumbnail (auto),0.73,,True,False,demo,'5 stroke roll rudiment'; 'Five Stroke Roll drum rudiment lesson'; 'Five Stroke Roll rudiment practice pad'; 'Five Stroke Roll rudiment'; 'Five Stroke Roll snare drum'; 'vic firth Double Stroke Open Roll'; 'vic firth Drag'; 'vic firth Fifteen Stroke Roll'; 'vic firth Five Stroke Roll'; 'vic firth Mu,9 chapters,12.58,False,not Creative Commons (link only),False,pick
7,Five Stroke Roll,True,GQ0fLfwJSJ0,https://www.youtube.com/watch?v=GQ0fLfwJSJ0,Five Stroke Roll - Drum Rudiment Lesson (Drumeo),Drumeo,https://www.youtube.com/channel/UCBiJBaDaM3K6vPVggLhTyWA,5630000,yes,known channel (drumeo),Standard,,80,1920,1080,24.0,False,20161209,212696,three-quarter,yes,thumbnail (auto),0.88,,True,False,demo,'10 stroke roll rudiment'; '5 stroke roll rudiment'; 'Five Stroke Roll drum rudiment lesson'; 'Five Stroke Roll rudiment practice pad'; 'Five Stroke Roll rudiment'; 'Five Stroke Roll snare drum'; 'Ten Stroke Roll snare drum',,11.63,False,not Creative Commons (link only),False,pick
7,Five Stroke Roll,True,M5TpSYM3184,https://www.youtube.com/watch?v=M5TpSYM3184,How To Play A Five Stroke Roll - Drum Rudiment Lesson,Drumeo,https://www.youtube.com/channel/UCBiJBaDaM3K6vPVggLhTyWA,5630000,yes,known channel (drumeo),Standard,,103,2560,1440,24.0,False,20221213,103085,three-quarter,yes,thumbnail (auto),0.6,,True,False,demo,'5 stroke roll rudiment'; 'Five Stroke Roll drum rudiment lesson'; 'Five Stroke Roll rudiment practice pad'; 'Five Stroke Roll rudiment'; 'Five Stroke Roll snare drum',4 chapters,11.51,False,not Creative Commons (link only),False,pick
7,Five Stroke Roll,True,GWoix3ZQHz4,https://www.youtube.com/watch?v=GWoix3ZQHz4,5 Stroke Roll (Duple Interpretation): Rudiment Breakdown by Dr. John Wooton,Vic Firth,https://www.youtube.com/channel/UC9N2JaiIWYR2GEN1tgHAczA,634000,yes,known channel (vic firth),Standard,,124,1920,1080,30.0,False,20120413,26522,three-quarter,yes,thumbnail (auto),0.83,,True,False,demo,'vic firth Five Stroke Roll',,11.27,False,not Creative Commons (link only),False,pick
7,Five Stroke Roll,True,aFw4jzYjVyA,https://www.youtube.com/watch?v=aFw4jzYjVyA,How To Play A Five Stroke Roll On The Drums - Drum Rudiment Lesson,Drumeo,https://www.youtube.com/channel/UCBiJBaDaM3K6vPVggLhTyWA,5630000,yes,known channel (drumeo),Standard,,200,2560,1440,24.0,False,20230312,21013,three-quarter,yes,thumbnail (auto),0.66,,True,False,demo,'5 stroke roll rudiment'; 'Five Stroke Roll drum rudiment lesson'; 'Five Stroke Roll rudiment'; 'Five Stroke Roll snare drum',,11.23,False,not Creative Commons (link only),False,pick
7,Five Stroke Roll,True,jszS2nbH2G8,https://www.youtube.com/watch?v=jszS2nbH2G8,7. Five Stroke Roll. 40 Rudimentos.,ESTUDE BATERIA,https://www.youtube.com/channel/UCVN6V8fPSRXg1UCWcotqkoA,2280,no,,CC-BY,Creative Commons Attribution license (reuse allowed),48,1920,1080,60.0,True,20190403,30,no player found,no,thumbnail (auto),,,True,False,demo,CC '5 stroke roll rudiment'; CC '7 stroke roll rudiment'; CC 'Five Stroke Roll drum'; CC 'Five Stroke Roll lesson'; CC 'Five Stroke Roll rudiment'; CC 'Five Stroke Roll snare'; CC 'Five Stroke Roll tutorial'; CC 'Five Stroke Roll'; CC 'Seven Stroke Roll rudiment'; CC 'Seven Stroke Roll tutorial'; CC,short,6.6,False,no player or hands in the thumbnail,False,also found
7,Five Stroke Roll,True,WLn68Q7xHro,https://www.youtube.com/watch?v=WLn68Q7xHro,Rudiments 101.  The Five Stroke Roll.,Ali (Alipool),https://www.youtube.com/channel/UCIEg5pQYHacshaYoqwremCA,282,no,,CC-BY,Creative Commons Attribution license (reuse allowed),417,320,240,30.0,False,20111215,347,hands only,yes,thumbnail (auto),,,True,False,demo,CC '10 stroke roll rudiment'; CC '13 stroke roll rudiment'; CC '40 drum rudiments'; CC '40 essential rudiments'; CC '5 stroke roll rudiment'; CC '7 stroke roll rudiment'; CC '9 stroke roll rudiment'; CC 'Double Drag Tap lesson'; CC 'Double Drag Tap rudiment'; CC 'Double Drag Tap snare'; CC 'Double P,,6.02,False,only 240p,False,also found
7,Five Stroke Roll,True,7myf4elnu5w,https://www.youtube.com/watch?v=7myf4elnu5w,5 Stroke Roll,null,https://www.youtube.com/channel/UCoiP3HEJH-eicv8O3AqW1AA,17300,no,,CC-BY,Creative Commons Attribution license (reuse allowed),24,1920,1080,30.0,False,20190328,112,no player found,no,thumbnail (auto),,,True,False,demo,CC '5 stroke roll rudiment'; CC 'Five Stroke Roll drum'; CC 'Five Stroke Roll lesson'; CC 'Five Stroke Roll rudiment'; CC 'Five Stroke Roll snare',short,5.82,False,no player or hands in the thumbnail,False,also found
7,Five Stroke Roll,True,GO2-fU1LsDg,https://www.youtube.com/watch?v=GO2-fU1LsDg,How play the 5 stroke roll around the kit,Mystical Drumming,https://www.youtube.com/channel/UC4TJlbwJxdt8SYcTike5OCg,197,no,,CC-BY,Creative Commons Attribution license (reuse allowed),542,1920,1080,30.0,False,20140918,225,three-quarter,yes,thumbnail (auto),0.66,,True,False,"application (groove, fill or kit)",CC '11 stroke roll rudiment'; CC '40 drum rudiments'; CC '40 essential rudiments'; CC '5 stroke roll rudiment'; CC '6 stroke roll rudiment'; CC '9 stroke roll rudiment'; CC 'Double Drag Tap drum'; CC 'Double Drag Tap lesson'; CC 'Double Drag Tap rudiment'; CC 'Double Drag Tap snare'; CC 'Double Drag,,5.44,False,"application (groove, fill or kit)",False,also found
7,Five Stroke Roll,True,z3CQU7Mnbp0,https://www.youtube.com/watch?v=z3CQU7Mnbp0,How to Play a Five Stroke Roll Drum Fill! 🥁,DrumScoresOnline,https://www.youtube.com/channel/UCqoX1-UytpZkOaWbeSitd4g,5440,no,,CC-BY,Creative Commons Attribution license (reuse allowed),15,720,1280,50.0,True,20250103,14450,no player found,no,thumbnail (auto),,,True,False,"application (groove, fill or kit)",CC '10 stroke roll rudiment'; CC 'Five Stroke Roll rudiment'; CC 'Five Stroke Roll tutorial'; CC 'Single Stroke Four drum'; CC 'Single Stroke Four lesson'; CC 'Single Stroke Four tutorial'; CC 'Single Stroke Roll lesson'; CC 'Single Stroke Roll rudiment'; CC 'Single Stroke Roll'; CC 'Ten Stroke Roll,short; vertical,4.66,False,"application (groove, fill or kit); no player or hands in the thumbnail",False,also found
7,Five Stroke Roll,True,EwBkz_SC3Jc,https://www.youtube.com/watch?v=EwBkz_SC3Jc,Five Stroke Roll Insanity - Drum Lesson (DRUMEO),Drumeo,https://www.youtube.com/channel/UCBiJBaDaM3K6vPVggLhTyWA,5630000,yes,known channel (drumeo),Standard,,547,1920,1080,24.0,False,20120525,301752,three-quarter,one,thumbnail (auto),0.64,,True,False,demo,'Five Stroke Roll rudiment',7 chapters,10.69,False,not Creative Commons (link only),False,also found
7,Five Stroke Roll,True,09edKPFxIeA,https://www.youtube.com/watch?v=09edKPFxIeA,Five Stroke Roll: Vic Firth Rudiment Playalong,Vic Firth,https://www.youtube.com/channel/UC9N2JaiIWYR2GEN1tgHAczA,634000,yes,known channel (vic firth),Standard,,303,1280,720,30.0,False,20130523,145951,no player found,no,thumbnail (auto),,,True,False,demo,'5 stroke roll rudiment'; 'Five Stroke Roll drum rudiment lesson'; 'Five Stroke Roll rudiment practice pad'; 'Five Stroke Roll rudiment'; 'Five Stroke Roll snare drum'; 'vic firth Five Stroke Roll'; 'vic firth Multiple Bounce Roll'; 'vic firth Nine Stroke Roll'; 'vic firth Seven Stroke Roll'; 'vic f,,10.07,False,not Creative Commons (link only),False,also found
7,Five Stroke Roll,True,jAZRhzTWgCI,https://www.youtube.com/watch?v=jAZRhzTWgCI,Five Stroke Roll - Triplet Interpretation: Vic Firth Rudiment Playalong,Vic Firth,https://www.youtube.com/channel/UC9N2JaiIWYR2GEN1tgHAczA,634000,yes,known channel (vic firth),Standard,,262,1280,720,30.0,False,20130523,76211,no player found,no,thumbnail (auto),,,True,False,demo,'vic firth Five Stroke Roll'; 'vic firth Triple Stroke Roll',,9.95,False,not Creative Commons (link only),False,also found
7,Five Stroke Roll,True,xuvU8hjFNWs,https://www.youtube.com/watch?v=xuvU8hjFNWs,3 Variations of the 5-Stroke Roll,Mike Johnston,https://www.youtube.com/channel/UC-g2PhDGnFibudkgkWhZj3w,270000,yes,known channel (mike johnston),Standard,,412,2560,1440,24.0,False,20231021,61014,hands only,one,thumbnail (auto),,,True,False,demo,'5 stroke roll rudiment'; 'Five Stroke Roll drum rudiment lesson'; 'Five Stroke Roll rudiment'; 'Five Stroke Roll snare drum',8 chapters; mentions click or metronome,9.91,False,not Creative Commons (link only),False,also found
7,Five Stroke Roll,True,f5dYK__1Bo8,https://www.youtube.com/watch?v=f5dYK__1Bo8,Pearl Drum Rudiments - 5 Stroke Roll,Pearl Drums,https://www.youtube.com/channel/UCmGi7DMBXl7aTOG1HDbRWoQ,121000,yes,known channel (pearl),Standard,,78,1280,720,30.0,False,20120813,46918,no player found,no,thumbnail (auto),,,True,False,demo,'5 stroke roll rudiment'; 'Five Stroke Roll drum rudiment lesson'; 'Five Stroke Roll rudiment practice pad'; 'Five Stroke Roll rudiment',,9.87,False,not Creative Commons (link only),False,also found
8,Six Stroke Roll,True,Szy-K3dz97I,https://www.youtube.com/watch?v=Szy-K3dz97I,Paradiddle rudiments with 6 stroke roll,Luca Fortunato Drum,https://www.youtube.com/channel/UCmiV9nU0Up1HOU8xukWFRZw,249,no,,CC-BY,Creative Commons Attribution license (reuse allowed),51,720,1280,30.0,False,20201029,372,three-quarter,yes,thumbnail (auto),0.97,190,True,False,demo,CC '7 stroke roll rudiment'; CC 'Double Stroke Open Roll tutorial'; CC 'Drag Paradiddle 2 tutorial'; CC 'Five Stroke Roll rudiment'; CC 'Single Stroke Seven rudiment'; CC 'Six Stroke Roll tutorial'; CC 'Triple Stroke Roll rudiment'; CC 'how to play Five Stroke Roll'; CC 'how to play Single Stroke Ro,short; vertical,8.03,True,,False,pick
8,Six Stroke Roll,True,DbfDs_atNYg,https://www.youtube.com/watch?v=DbfDs_atNYg,Six Stroke Roll#drums #tutorial #shortsvideo #drummer #drums #tutorialyoutube #drumming,Dario Drums&Music,https://www.youtube.com/channel/UCwsm0tRBXHHNqEbR4AJqCpw,299,no,,CC-BY,Creative Commons Attribution license (reuse allowed),63,720,1280,30.0,False,20241214,619,three-quarter,yes,thumbnail (auto),0.8,,True,False,demo,CC '13 stroke roll rudiment'; CC 'Six Stroke Roll tutorial'; CC 'Thirteen Stroke Roll tutorial',vertical,7.62,True,,False,pick
8,Six Stroke Roll,True,iptKZld1EvM,https://www.youtube.com/watch?v=iptKZld1EvM,Essential Drum Rudiment : The Six Stroke Roll 🥁,DrumScoresOnline,https://www.youtube.com/channel/UCqoX1-UytpZkOaWbeSitd4g,5440,no,,CC-BY,Creative Commons Attribution license (reuse allowed),11,720,1280,50.0,True,20250105,17279,hands only,one,thumbnail (auto),,,True,False,demo,CC '10 stroke roll rudiment'; CC 'Flam Accent tutorial'; CC 'Single Stroke Four drum'; CC 'Single Stroke Four lesson'; CC 'Single Stroke Four snare'; CC 'Single Stroke Four tutorial'; CC 'Single Stroke Roll lesson'; CC 'Single Stroke Roll rudiment'; CC 'Single Stroke Roll'; CC 'Six Stroke Roll tutor,short; vertical,6.7,True,,False,pick
8,Six Stroke Roll,True,_hW8rZwtV_8,https://www.youtube.com/watch?v=_hW8rZwtV_8,Vic Firth Rudiment Lessons: Six Stroke Roll,Vic Firth,https://www.youtube.com/channel/UC9N2JaiIWYR2GEN1tgHAczA,634000,yes,known channel (vic firth),Standard,,302,1280,720,60.0,True,20111017,70673,three-quarter,yes,thumbnail (auto),0.8,,True,False,demo,'6 stroke roll rudiment'; 'Six Stroke Roll drum rudiment lesson'; 'Six Stroke Roll rudiment'; 'Six Stroke Roll snare drum'; 'vic firth Double Stroke Open Roll'; 'vic firth Drag'; 'vic firth Eleven Stroke Roll'; 'vic firth Fifteen Stroke Roll'; 'vic firth Five Stroke Roll'; 'vic firth Flam Drag'; 'vi,,12.44,False,not Creative Commons (link only),False,pick
8,Six Stroke Roll,True,6JPWDmEYOTQ,https://www.youtube.com/watch?v=6JPWDmEYOTQ,Six Stroke Roll - Drum Rudiment Lesson (Drumeo),Drumeo,https://www.youtube.com/channel/UCBiJBaDaM3K6vPVggLhTyWA,5630000,yes,known channel (drumeo),Standard,,108,1920,1080,24.0,False,20161209,275203,three-quarter,yes,thumbnail (auto),0.74,,True,False,demo,'6 stroke roll rudiment'; 'Six Stroke Roll drum rudiment lesson'; 'Six Stroke Roll rudiment practice pad'; 'Six Stroke Roll rudiment'; 'Six Stroke Roll snare drum'; 'triple strokes rudiment',,11.68,False,not Creative Commons (link only),False,pick
8,Six Stroke Roll,True,7zQmMK7uUAU,https://www.youtube.com/watch?v=7zQmMK7uUAU,How To Play A Six Stroke Roll - Drum Rudiment Lesson,Drumeo,https://www.youtube.com/channel/UCBiJBaDaM3K6vPVggLhTyWA,5630000,yes,known channel (drumeo),Standard,,115,2560,1440,24.0,False,20230118,131330,three-quarter,yes,thumbnail (auto),0.63,,True,False,demo,'6 stroke roll rudiment'; 'Seven Stroke Roll snare drum'; 'Single Stroke Roll snare drum'; 'Six Stroke Roll drum rudiment lesson'; 'Six Stroke Roll rudiment practice pad'; 'Six Stroke Roll rudiment'; 'Six Stroke Roll snare drum'; 'Ten Stroke Roll rudiment practice pad'; 'Ten Stroke Roll snare drum';,,11.55,False,not Creative Commons (link only),False,pick
8,Six Stroke Roll,True,Q5J1p1f3C4g,https://www.youtube.com/watch?v=Q5J1p1f3C4g,Elise Trouw Demonstrates Six-Stroke Roll Variations,Drum Channel,https://www.youtube.com/channel/UC-vQ0o1-FxwJAJGOgGu0bBQ,290000,yes,known channel (drum channel),Standard,,207,2560,1440,24.0,False,20220121,115982,three-quarter,yes,thumbnail (auto),0.61,,True,False,demo,'6 stroke roll rudiment'; 'Six Stroke Roll drum rudiment lesson'; 'Six Stroke Roll rudiment practice pad'; 'Six Stroke Roll rudiment'; 'Six Stroke Roll snare drum',mentions click or metronome,11.53,False,not Creative Commons (link only),False,pick
8,Six Stroke Roll,True,Biwetpk4cN4,https://www.youtube.com/watch?v=Biwetpk4cN4,Mike Johnston Six-Stroke Roll Warm Up,Vic Firth,https://www.youtube.com/channel/UC9N2JaiIWYR2GEN1tgHAczA,634000,yes,known channel (vic firth),Standard,,419,1920,1080,30.0,False,20230206,39978,three-quarter,yes,thumbnail (auto),0.73,,True,False,demo,'6 stroke roll rudiment'; 'Six Stroke Roll drum rudiment lesson'; 'Six Stroke Roll rudiment practice pad'; 'Six Stroke Roll rudiment'; 'Six Stroke Roll snare drum'; 'vic firth Five Stroke Roll'; 'vic firth Seven Stroke Roll'; 'vic firth Six Stroke Roll',5 chapters,11.34,False,not Creative Commons (link only),False,pick
8,Six Stroke Roll,True,lE4dpyOFknQ,https://www.youtube.com/watch?v=lE4dpyOFknQ,8. Six Stroke Roll. 40 Rudimentos,ESTUDE BATERIA,https://www.youtube.com/channel/UCVN6V8fPSRXg1UCWcotqkoA,2280,no,,CC-BY,Creative Commons Attribution license (reuse allowed),44,1920,1080,60.0,True,20190409,41,no player found,no,thumbnail (auto),,,True,False,demo,CC '6 stroke roll rudiment'; CC '7 stroke roll rudiment'; CC 'Double Stroke Open Roll drum'; CC 'Double Stroke Open Roll rudiment'; CC 'Double Stroke Open Roll snare'; CC 'Double Stroke Open Roll tutorial'; CC 'Double Stroke Open Roll'; CC 'Five Stroke Roll'; CC 'Nine Stroke Roll drum'; CC 'Nine Str,short,6.65,False,no player or hands in the thumbnail,False,also found
8,Six Stroke Roll,True,Ln799g_fzfA,https://www.youtube.com/watch?v=Ln799g_fzfA,How To Play A Six Stroke Roll On The Drums - Drum Rudiment Lesson,Drumeo,https://www.youtube.com/channel/UCBiJBaDaM3K6vPVggLhTyWA,5630000,yes,known channel (drumeo),Standard,,207,2560,1440,24.0,False,20230312,21462,three-quarter,yes,thumbnail (auto),0.66,,True,False,demo,'6 stroke roll rudiment'; 'Six Stroke Roll drum rudiment lesson'; 'Six Stroke Roll rudiment',,11.23,False,not Creative Commons (link only),False,also found
8,Six Stroke Roll,True,cbZYy-fENFc,https://www.youtube.com/watch?v=cbZYy-fENFc,6 Stroke Roll: Rudiment Breakdown by Dr. John Wooton,Vic Firth,https://www.youtube.com/channel/UC9N2JaiIWYR2GEN1tgHAczA,634000,yes,known channel (vic firth),Standard,,108,1920,1080,30.0,False,20120413,15776,three-quarter,yes,thumbnail (auto),0.79,,True,False,demo,'vic firth Six Stroke Roll',,11.18,False,not Creative Commons (link only),False,also found
8,Six Stroke Roll,True,t9G49Mtm6Kc,https://www.youtube.com/watch?v=t9G49Mtm6Kc,Six Stroke Roll Chops - Drum Lesson (DRUMEO),Drumeo,https://www.youtube.com/channel/UCBiJBaDaM3K6vPVggLhTyWA,5630000,yes,known channel (drumeo),Standard,,578,1920,1080,24.0,False,20121206,270232,three-quarter,no,thumbnail (auto),0.65,,True,False,demo,'Six Stroke Roll rudiment',5 chapters,10.67,False,not Creative Commons (link only),False,also found
8,Six Stroke Roll,True,0hWMSkhn9uo,https://www.youtube.com/watch?v=0hWMSkhn9uo,How To PRACTICE And MASTER The 6 STROKE ROLL - Pt.1,Rob Brown,https://www.youtube.com/channel/UChR2UZr__AZjYV1dHGUp-Mg,359000,yes,known channel (rob brown),Standard,,982,1920,1080,30.0,False,20180521,252055,three-quarter,yes,thumbnail (auto),0.56,,True,False,demo,'6 stroke roll rudiment'; 'Six Stroke Roll drum rudiment lesson'; 'Six Stroke Roll rudiment practice pad'; 'Six Stroke Roll rudiment'; 'Six Stroke Roll snare drum',8 chapters,10.66,False,not Creative Commons (link only),False,also found
8,Six Stroke Roll,True,7AL2QKyjKIk,https://www.youtube.com/watch?v=7AL2QKyjKIk,Rudimental Crash Course – Six Stroke Roll,Drum Channel,https://www.youtube.com/channel/UC-vQ0o1-FxwJAJGOgGu0bBQ,290000,yes,known channel (drum channel),Standard,,138,854,480,30.0,False,20190428,3264,three-quarter,yes,thumbnail (auto),0.72,,True,False,demo,'6 stroke roll rudiment'; 'Six Stroke Roll drum rudiment lesson'; 'Six Stroke Roll rudiment practice pad'; 'Six Stroke Roll rudiment',,9.91,False,not Creative Commons (link only),False,also found
9,Seven Stroke Roll,True,PgJ8TaOVoTA,https://www.youtube.com/watch?v=PgJ8TaOVoTA,Badass Gospel Chops Seven Stroke Roll Exercise - Advanced Drum Lessons,Aaron Edgar,https://www.youtube.com/channel/UCPXUUdXAZeYQa0RZQgFM7Fw,13600,yes,known channel (aaron edgar),CC-BY,Creative Commons Attribution license (reuse allowed),230,1920,1080,30.0,False,20110627,21959,hands only,one,thumbnail (auto),,,True,False,demo,CC '13 stroke roll rudiment'; CC '6 stroke roll rudiment'; CC '7 stroke roll rudiment'; CC '9 stroke roll rudiment'; CC 'Double Stroke Open Roll drum'; CC 'Double Stroke Open Roll rudiment'; CC 'Double Stroke Open Roll snare'; CC 'Double Stroke Open Roll tutorial'; CC 'Double Stroke Open Roll'; CC ',7 chapters,9.74,True,,False,pick
9,Seven Stroke Roll,True,kjuDsxgsh3I,https://www.youtube.com/watch?v=kjuDsxgsh3I,Badass Flammed Gospel Chops Seven Stroke Roll - Advanced Drum Lessons,Aaron Edgar,https://www.youtube.com/channel/UCPXUUdXAZeYQa0RZQgFM7Fw,13600,yes,known channel (aaron edgar),CC-BY,Creative Commons Attribution license (reuse allowed),213,1920,1080,30.0,False,20110630,3602,front,one,thumbnail (auto),1.78,,True,False,demo,CC '11 stroke roll rudiment'; CC '13 stroke roll rudiment'; CC '15 stroke roll rudiment'; CC '5 stroke roll rudiment'; CC '6 stroke roll rudiment'; CC '7 stroke roll rudiment'; CC '9 stroke roll rudiment'; CC 'Eleven Stroke Roll drum'; CC 'Eleven Stroke Roll lesson'; CC 'Eleven Stroke Roll rudiment',5 chapters,9.42,True,,False,pick
9,Seven Stroke Roll,True,RXzVWo7kZQY,https://www.youtube.com/watch?v=RXzVWo7kZQY,"I 4 RULLI PIÙ IMPORTANTI! Double, Five, Six & Seven Stroke Roll (+ PDF Gratuito) #003",The GasTube Drums,https://www.youtube.com/channel/UCMoO9UpH6tzNk0FyuQh30bw,51700,no,,CC-BY,Creative Commons Attribution license (reuse allowed),282,1920,1080,50.0,True,20180929,15388,three-quarter,yes,thumbnail (auto),0.64,,True,False,demo,CC 'Eleven Stroke Roll practice pad'; CC 'Fifteen Stroke Roll practice pad'; CC 'Five Stroke Roll'; CC 'Nine Stroke Roll practice pad'; CC 'Seven Stroke Roll practice pad'; CC 'Seven Stroke Roll tutorial'; CC 'Six Stroke Roll practice pad'; CC 'Six Stroke Roll'; CC 'Thirteen Stroke Roll practice pad,,9.17,True,,False,pick
9,Seven Stroke Roll,True,E_TdI3WoBIo,https://www.youtube.com/watch?v=E_TdI3WoBIo,7-Stroke Roll: A Drummer's Secret Weapon! 👀,Kseniia Levchenko ,https://www.youtube.com/channel/UCQIZrdDpnkHsu62yWX65vsA,320,no,,CC-BY,Creative Commons Attribution license (reuse allowed),25,720,1280,30.0,False,20240816,598,side,yes,thumbnail (auto),0.39,,True,False,demo,CC '7 stroke roll rudiment'; CC 'Seven Stroke Roll tutorial',short; vertical,7.61,True,,False,pick
9,Seven Stroke Roll,True,t_vYGjjvNTQ,https://www.youtube.com/watch?v=t_vYGjjvNTQ,Simplicity. 7 stroke roll. LL RR LL R. Check out the doggie cameo at the end. #Drummer #Drums,Freddy Charles,https://www.youtube.com/channel/UC1xkrycozgUqLLCmwSSGAdA,1080,no,,CC-BY,Creative Commons Attribution license (reuse allowed),38,720,1280,30.0,False,20231103,223,three-quarter,yes,thumbnail (auto),0.84,,True,False,demo,CC '7 stroke roll rudiment'; CC 'Seven Stroke Roll tutorial'; CC 'Single Stroke Roll lesson'; CC 'Single Stroke Seven tutorial'; CC 'single stroke 7 rudiment',short; vertical,7.44,True,,False,pick
9,Seven Stroke Roll,True,ARrwY8vkgE4,https://www.youtube.com/watch?v=ARrwY8vkgE4,How to properly play the 7 stroke roll,Mystical Drumming,https://www.youtube.com/channel/UC4TJlbwJxdt8SYcTike5OCg,197,no,,CC-BY,Creative Commons Attribution license (reuse allowed),365,1920,1080,30.0,False,20140918,43,three-quarter,yes,thumbnail (auto),0.75,,True,False,demo,CC '40 drum rudiments'; CC '40 essential rudiments'; CC '6 stroke roll rudiment'; CC '7 stroke roll rudiment'; CC 'Double Drag Tap drum'; CC 'Double Drag Tap lesson'; CC 'Double Drag Tap rudiment'; CC 'Double Drag Tap snare'; CC 'Double Drag Tap tutorial'; CC 'Double Drag Tap'; CC 'Double Ratamacue ,,7.16,True,,False,pick
9,Seven Stroke Roll,True,3-X144f6S-w,https://www.youtube.com/watch?v=3-X144f6S-w,SEVEN STROKE ROLL RUDIMENT WITH NATATION,EAVE,https://www.youtube.com/channel/UCNXjDyAvZetqX_3vaXos_Pw,30,no,,CC-BY,Creative Commons Attribution license (reuse allowed),18,1920,1080,60.0,True,20190801,30,three-quarter,yes,thumbnail (auto),0.62,,True,False,demo,CC '6 stroke roll rudiment'; CC 'Seven Stroke Roll drum'; CC 'Seven Stroke Roll lesson'; CC 'Seven Stroke Roll rudiment'; CC 'Seven Stroke Roll snare'; CC 'Seven Stroke Roll tutorial'; CC 'Seven Stroke Roll'; CC 'Six Stroke Roll drum'; CC 'Six Stroke Roll rudiment'; CC 'Six Stroke Roll tutorial'; CC,short,7.1,True,,False,pick
9,Seven Stroke Roll,True,a3kR5YVce8M,https://www.youtube.com/watch?v=a3kR5YVce8M,How to Play a Seven Stroke Roll 🥁 (Quick Drum Lesson),DrumScoresOnline,https://www.youtube.com/channel/UCqoX1-UytpZkOaWbeSitd4g,5440,no,,CC-BY,Creative Commons Attribution license (reuse allowed),11,720,1280,50.0,True,20241205,17999,unknown,one,thumbnail (auto),,,True,False,demo,CC '10 stroke roll rudiment'; CC '17 stroke roll rudiment'; CC '7 stroke roll rudiment'; CC 'Double Paradiddle tutorial'; CC 'Double Stroke Open Roll tutorial'; CC 'Five Stroke Roll rudiment'; CC 'Five Stroke Roll tutorial'; CC 'Flam Accent tutorial'; CC 'Flam tutorial'; CC 'Nine Stroke Roll tutoria,short; vertical,6.7,True,,False,pick
9,Seven Stroke Roll,True,SB55Ptf8W-8,https://www.youtube.com/watch?v=SB55Ptf8W-8,7 Stroke Roll,null,https://www.youtube.com/channel/UCoiP3HEJH-eicv8O3AqW1AA,17300,no,,CC-BY,Creative Commons Attribution license (reuse allowed),29,1920,1080,30.0,False,20190414,48,front,one,thumbnail (auto),3.99,,True,False,demo,CC '7 stroke roll rudiment'; CC 'Five Stroke Roll'; CC 'Seven Stroke Roll drum'; CC 'Seven Stroke Roll lesson'; CC 'Seven Stroke Roll rudiment'; CC 'Seven Stroke Roll snare'; CC 'Seven Stroke Roll tutorial'; CC 'Seven Stroke Roll',short,5.68,True,,False,pick
9,Seven Stroke Roll,True,xa5mXmFDZQU,https://www.youtube.com/watch?v=xa5mXmFDZQU,Pearl Drum Rudiments - 7 Stroke Roll,Pearl Drums,https://www.youtube.com/channel/UCmGi7DMBXl7aTOG1HDbRWoQ,121000,yes,known channel (pearl),Standard,,99,1280,720,30.0,False,20120813,251581,three-quarter,yes,thumbnail (auto),0.62,,True,False,demo,'7 stroke roll rudiment'; 'Seven Stroke Roll drum rudiment lesson'; 'Seven Stroke Roll rudiment practice pad'; 'Seven Stroke Roll rudiment'; 'Seven Stroke Roll snare drum',,11.66,False,not Creative Commons (link only),False,pick
9,Seven Stroke Roll,True,R3U8St9WW-U,https://www.youtube.com/watch?v=R3U8St9WW-U,Seven Stroke Roll - Drum Rudiment Lesson (Drumeo),Drumeo,https://www.youtube.com/channel/UCBiJBaDaM3K6vPVggLhTyWA,5630000,yes,known channel (drumeo),Standard,,110,1920,1080,24.0,False,20161209,137518,three-quarter,yes,thumbnail (auto),0.89,,True,False,demo,'7 stroke roll rudiment'; 'Seven Stroke Roll drum rudiment lesson'; 'Seven Stroke Roll rudiment practice pad'; 'Seven Stroke Roll rudiment'; 'Seven Stroke Roll snare drum'; 'Single Stroke Seven drum rudiment lesson'; 'Single Stroke Seven rudiment practice pad'; 'Single Stroke Seven snare drum',,11.56,False,not Creative Commons (link only),False,pick
9,Seven Stroke Roll,True,uB80Xhwmhp0,https://www.youtube.com/watch?v=uB80Xhwmhp0,Vic Firth Rudiment Lessons: Seven Stroke Roll,Vic Firth,https://www.youtube.com/channel/UC9N2JaiIWYR2GEN1tgHAczA,634000,yes,known channel (vic firth),Standard,,262,1280,720,30.0,False,20110502,61473,three-quarter,yes,thumbnail (auto),0.62,,True,False,demo,'7 stroke roll rudiment'; 'Seven Stroke Roll drum rudiment lesson'; 'Seven Stroke Roll rudiment practice pad'; 'Seven Stroke Roll rudiment'; 'Seven Stroke Roll snare drum'; 'Seventeen Stroke Roll rudiment'; 'vic firth Eleven Stroke Roll'; 'vic firth Nine Stroke Roll'; 'vic firth Seven Stroke Roll'; ,,11.42,False,not Creative Commons (link only),False,pick
9,Seven Stroke Roll,True,84CF8eH4bZw,https://www.youtube.com/watch?v=84CF8eH4bZw,How To Play A Seven Stroke Roll - Drum Rudiment Lesson,Drumeo,https://www.youtube.com/channel/UCBiJBaDaM3K6vPVggLhTyWA,5630000,yes,known channel (drumeo),Standard,,108,2560,1440,24.0,False,20221213,42083,three-quarter,yes,thumbnail (auto),0.6,,True,False,demo,'7 stroke roll rudiment'; 'Eleven Stroke Roll drum rudiment lesson'; 'Eleven Stroke Roll rudiment practice pad'; 'Eleven Stroke Roll rudiment'; 'Eleven Stroke Roll snare drum'; 'Five Stroke Roll drum rudiment lesson'; 'Nine Stroke Roll snare drum'; 'Seven Stroke Roll drum rudiment lesson'; 'Seven St,,11.35,False,not Creative Commons (link only),False,pick
9,Seven Stroke Roll,True,BAuPRqO0zsY,https://www.youtube.com/watch?v=BAuPRqO0zsY,How To Play A Seven Stroke Roll On The Drums - Drum Rudiment Lesson,Drumeo,https://www.youtube.com/channel/UCBiJBaDaM3K6vPVggLhTyWA,5630000,yes,known channel (drumeo),Standard,,198,2560,1440,24.0,False,20230312,9105,three-quarter,yes,thumbnail (auto),0.66,,True,False,demo,'7 stroke roll rudiment'; 'Seven Stroke Roll drum rudiment lesson'; 'Seven Stroke Roll rudiment'; 'Seven Stroke Roll snare drum',,11.08,False,not Creative Commons (link only),False,pick
9,Seven Stroke Roll,True,BnO_jwLoHv0,https://www.youtube.com/watch?v=BnO_jwLoHv0,9. Seven Stroke Roll - #40rudiments.,ESTUDE BATERIA,https://www.youtube.com/channel/UCVN6V8fPSRXg1UCWcotqkoA,2280,no,,CC-BY,Creative Commons Attribution license (reuse allowed),52,1920,1080,60.0,True,20210119,34,no player found,no,thumbnail (auto),,,True,False,demo,CC '9 stroke roll rudiment'; CC 'Nine Stroke Roll drum'; CC 'Nine Stroke Roll lesson'; CC 'Nine Stroke Roll rudiment'; CC 'Nine Stroke Roll'; CC 'Seven Stroke Roll drum'; CC 'Seven Stroke Roll lesson'; CC 'Seven Stroke Roll rudiment'; CC 'Seven Stroke Roll snare'; CC 'Seven Stroke Roll tutorial'; CC,short,6.62,False,no player or hands in the thumbnail,False,also found
9,Seven Stroke Roll,True,Yl18q1RqYdA,https://www.youtube.com/watch?v=Yl18q1RqYdA,"A Roll Rudiments - Single, Four and Seven Stroke Roll. (40 Rudimentos).",ESTUDE BATERIA,https://www.youtube.com/channel/UCVN6V8fPSRXg1UCWcotqkoA,2280,no,,CC-BY,Creative Commons Attribution license (reuse allowed),212,1920,1080,30.0,False,20200122,228,no player found,no,thumbnail (auto),,,True,False,demo,CC '10 stroke roll rudiment'; CC '15 stroke roll rudiment'; CC '40 drum rudiments'; CC '5 stroke roll rudiment'; CC '6 stroke roll rudiment'; CC '7 stroke roll rudiment'; CC 'Double Stroke Open Roll rudiment'; CC 'Double Stroke Open Roll tutorial'; CC 'Double Stroke Open Roll'; CC 'Fifteen Stroke Ro,,5.94,False,no player or hands in the thumbnail,False,also found
9,Seven Stroke Roll,True,XGgC58TU34g,https://www.youtube.com/watch?v=XGgC58TU34g,Playing the 7 stroke roll around the kit,Mystical Drumming,https://www.youtube.com/channel/UC4TJlbwJxdt8SYcTike5OCg,197,no,,CC-BY,Creative Commons Attribution license (reuse allowed),518,1920,1080,30.0,False,20140918,115,three-quarter,one,thumbnail (auto),0.76,,True,False,"application (groove, fill or kit)",CC '40 drum rudiments'; CC '40 essential rudiments'; CC '5 stroke roll rudiment'; CC '6 stroke roll rudiment'; CC '7 stroke roll rudiment'; CC '9 stroke roll rudiment'; CC 'Double Drag Tap drum'; CC 'Double Drag Tap lesson'; CC 'Double Drag Tap rudiment'; CC 'Double Drag Tap snare'; CC 'Double Drag ,,4.33,False,"application (groove, fill or kit)",False,also found
9,Seven Stroke Roll,True,jq8k8Z0WQMQ,https://www.youtube.com/watch?v=jq8k8Z0WQMQ,7 Stroke Roll (Traditional Interpretation): Rudiment Breakdown by Dr. John Wooton,Vic Firth,https://www.youtube.com/channel/UC9N2JaiIWYR2GEN1tgHAczA,634000,yes,known channel (vic firth),Standard,,119,1920,1080,30.0,False,20120413,16374,hands only,yes,thumbnail (auto),,,True,False,demo,'vic firth Seven Stroke Roll'; 'vic firth Seventeen Stroke Roll'; 'vic firth Single Stroke Seven',,10.69,False,not Creative Commons (link only),False,also found
9,Seven Stroke Roll,True,YKoyj_7sa-s,https://www.youtube.com/watch?v=YKoyj_7sa-s,7 Stroke Roll (Duple Interpretation): Vic Firth Rudiment Playalong,Vic Firth,https://www.youtube.com/channel/UC9N2JaiIWYR2GEN1tgHAczA,634000,yes,known channel (vic firth),Standard,,293,1280,720,30.0,False,20130809,61099,no player found,no,thumbnail (auto),,,True,False,demo,'7 stroke roll rudiment'; 'Seven Stroke Roll rudiment'; 'vic firth Seven Stroke Roll'; 'vic firth Single Stroke Seven'; 'vic firth Triple Stroke Roll',,9.91,False,not Creative Commons (link only),False,also found
9,Seven Stroke Roll,True,y-ChaSoddlA,https://www.youtube.com/watch?v=y-ChaSoddlA,7 Stroke Roll (Triplet Interpretation): Vic Firth Rudiment Playalong,Vic Firth,https://www.youtube.com/channel/UC9N2JaiIWYR2GEN1tgHAczA,634000,yes,known channel (vic firth),Standard,,318,1280,720,30.0,False,20130809,40921,no player found,no,thumbnail (auto),,,True,False,demo,'vic firth Seven Stroke Roll'; 'vic firth Single Stroke Seven'; 'vic firth Triple Stroke Roll',,9.84,False,not Creative Commons (link only),False,also found
9,Seven Stroke Roll,True,Pf7YanXpEPc,https://www.youtube.com/watch?v=Pf7YanXpEPc,Seven Stroke Roll - Duple Interpretation: Rudiment Breakdown by Dr. John Wooton,Vic Firth,https://www.youtube.com/channel/UC9N2JaiIWYR2GEN1tgHAczA,634000,yes,known channel (vic firth),Standard,,110,1920,1080,30.0,False,20120413,9554,no player found,no,thumbnail (auto),,,True,False,demo,'vic firth Double Ratamacue'; 'vic firth Seven Stroke Roll'; 'vic firth Single Stroke Seven'; 'vic firth Ten Stroke Roll',,9.59,False,not Creative Commons (link only),False,also found
9,Seven Stroke Roll,True,n7KtIA4TPF0,https://www.youtube.com/watch?v=n7KtIA4TPF0,Pearl Drum Rudiments - 7 Stroke Roll,Pearl Drums,https://www.youtube.com/channel/UCmGi7DMBXl7aTOG1HDbRWoQ,121000,yes,known channel (pearl),Standard,,56,1920,1080,30.0,False,20130726,1829,unknown,no,thumbnail (auto),,,True,False,demo,'7 stroke roll rudiment'; 'Seven Stroke Roll drum rudiment lesson'; 'Seven Stroke Roll rudiment'; 'Seven Stroke Roll snare drum',short,9.3,False,not Creative Commons (link only),False,also found
10,Nine Stroke Roll,True,85LvdqotLdE,https://www.youtube.com/watch?v=85LvdqotLdE,9 Stroke Roll,null,https://www.youtube.com/channel/UCoiP3HEJH-eicv8O3AqW1AA,17300,no,,CC-BY,Creative Commons Attribution license (reuse allowed),31,1920,1080,30.0,False,20190414,58,three-quarter,yes,thumbnail (auto),0.72,,True,False,demo,CC '9 stroke roll rudiment'; CC 'Nine Stroke Roll drum'; CC 'Nine Stroke Roll lesson'; CC 'Nine Stroke Roll rudiment'; CC 'Nine Stroke Roll',short,7.21,True,,False,pick
10,Nine Stroke Roll,True,PhQ351x9kSg,https://www.youtube.com/watch?v=PhQ351x9kSg,9 Stroke Roll rudiment on Drums #drumrudiment,Kseniia Levchenko ,https://www.youtube.com/channel/UCQIZrdDpnkHsu62yWX65vsA,320,no,,CC-BY,Creative Commons Attribution license (reuse allowed),27,720,1280,30.0,False,20241122,694,side,one,thumbnail (auto),0.11,,True,False,demo,CC 'Nine Stroke Roll tutorial'; CC 'single stroke rudiment',short; vertical,6.64,True,,False,pick
10,Nine Stroke Roll,True,m_4aT9tZCN0,https://www.youtube.com/watch?v=m_4aT9tZCN0,Nine Stroke Roll - Drum Rudiment Lesson (Drumeo),Drumeo,https://www.youtube.com/channel/UCBiJBaDaM3K6vPVggLhTyWA,5630000,yes,known channel (drumeo),Standard,,126,1920,1080,24.0,False,20161209,104191,three-quarter,yes,thumbnail (auto),0.74,,True,False,demo,'10 stroke roll rudiment'; '9 stroke roll rudiment'; 'Nine Stroke Roll drum rudiment lesson'; 'Nine Stroke Roll rudiment practice pad'; 'Nine Stroke Roll rudiment'; 'Nine Stroke Roll snare drum'; 'Ten Stroke Roll rudiment'; 'Triple Stroke Roll rudiment'; 'press roll rudiment'; 'vic firth Nine Stroke,1 chapters,11.51,False,not Creative Commons (link only),False,pick
10,Nine Stroke Roll,True,BeeD25IkYVk,https://www.youtube.com/watch?v=BeeD25IkYVk,How To Play A Nine Stroke Roll - Drum Rudiment Lesson,Drumeo,https://www.youtube.com/channel/UCBiJBaDaM3K6vPVggLhTyWA,5630000,yes,known channel (drumeo),Standard,,95,2560,1440,24.0,False,20221213,46451,three-quarter,yes,thumbnail (auto),0.6,,True,False,demo,'11 stroke roll rudiment'; '17 stroke roll rudiment'; '9 stroke roll rudiment'; 'Eleven Stroke Roll snare drum'; 'Fifteen Stroke Roll snare drum'; 'Nine Stroke Roll drum rudiment lesson'; 'Nine Stroke Roll rudiment practice pad'; 'Nine Stroke Roll rudiment'; 'Nine Stroke Roll snare drum'; 'Seventeen,,11.37,False,not Creative Commons (link only),False,pick
10,Nine Stroke Roll,True,1La1VhnmiUw,https://www.youtube.com/watch?v=1La1VhnmiUw,Vic Firth Rudiment Lessons: Nine Stroke Roll,Vic Firth,https://www.youtube.com/channel/UC9N2JaiIWYR2GEN1tgHAczA,634000,yes,known channel (vic firth),Standard,,269,1280,720,30.0,False,20110502,43918,three-quarter,yes,thumbnail (auto),0.85,,True,False,demo,'9 stroke roll rudiment'; 'Nine Stroke Roll drum rudiment lesson'; 'Nine Stroke Roll rudiment practice pad'; 'Nine Stroke Roll rudiment'; 'Nine Stroke Roll snare drum'; 'vic firth Five Stroke Roll'; 'vic firth Nine Stroke Roll'; 'vic firth Ten Stroke Roll',,11.36,False,not Creative Commons (link only),False,pick
10,Nine Stroke Roll,True,pUA7nEPlrVM,https://www.youtube.com/watch?v=pUA7nEPlrVM,9 Stroke Roll: Rudiment Breakdown by Dr. John Wooton,Vic Firth,https://www.youtube.com/channel/UC9N2JaiIWYR2GEN1tgHAczA,634000,yes,known channel (vic firth),Standard,,133,1920,1080,30.0,False,20120413,20677,three-quarter,yes,thumbnail (auto),0.8,,True,False,demo,'9 stroke roll rudiment'; 'Nine Stroke Roll rudiment'; 'Nine Stroke Roll snare drum'; 'vic firth Fifteen Stroke Roll'; 'vic firth Nine Stroke Roll',,11.23,False,not Creative Commons (link only),False,pick
10,Nine Stroke Roll,True,FJWhsfbm-W4,https://www.youtube.com/watch?v=FJWhsfbm-W4,How To Play A Nine Stroke Roll On The Drums - Drum Rudiment Lesson,Drumeo,https://www.youtube.com/channel/UCBiJBaDaM3K6vPVggLhTyWA,5630000,yes,known channel (drumeo),Standard,,186,2560,1440,24.0,False,20230312,4822,three-quarter,yes,thumbnail (auto),0.66,,True,False,demo,'10 stroke roll rudiment'; '9 stroke roll rudiment'; 'Nine Stroke Roll drum rudiment lesson'; 'Nine Stroke Roll rudiment',,10.97,False,not Creative Commons (link only),False,pick
10,Nine Stroke Roll,True,t7nxlVipLoY,https://www.youtube.com/watch?v=t7nxlVipLoY,Essential drum rudiment: The Nine Stroke Roll 🥁 (for Beginners),DrumScoresOnline,https://www.youtube.com/channel/UCqoX1-UytpZkOaWbeSitd4g,5440,no,,CC-BY,Creative Commons Attribution license (reuse allowed),14,720,1280,50.0,True,20241214,9761,no player found,no,thumbnail (auto),,,True,False,demo,CC '10 stroke roll rudiment'; CC 'Five Stroke Roll rudiment'; CC 'Five Stroke Roll tutorial'; CC 'Nine Stroke Roll tutorial'; CC 'Single Stroke Roll lesson'; CC 'Single Stroke Roll rudiment'; CC 'Single Stroke Roll'; CC 'Ten Stroke Roll rudiment'; CC 'Ten Stroke Roll tutorial'; CC 'Ten Stroke Roll';,short; vertical,6.6,False,no player or hands in the thumbnail,False,also found
10,Nine Stroke Roll,True,fd2gwzBvrSw,https://www.youtube.com/watch?v=fd2gwzBvrSw,Long Tone Chromatic Warm-up for Band-Ascending F-Concert to Bb w-9 Stroke Roll Development,David Woodard,https://www.youtube.com/channel/UCwQVCQRvfM3xsM5eGeVNk1A,67,no,,CC-BY,Creative Commons Attribution license (reuse allowed),101,1280,718,8.0,False,20141230,1402,no player found,no,thumbnail (auto),,,True,False,demo,CC 'Nine Stroke Roll lesson'; CC 'Nine Stroke Roll snare'; CC 'Nine Stroke Roll tutorial'; CC 'Nine Stroke Roll'; CC 'Ten Stroke Roll snare'; CC 'how to play Nine Stroke Roll',,5.26,False,8.0 fps; no player or hands in the thumbnail,False,also found
10,Nine Stroke Roll,True,b7i11h7s80o,https://www.youtube.com/watch?v=b7i11h7s80o,RUDIMENTAL NIGHTS N.E. - Solo #10:NINE STROKE ROLL -  NINER FORTYNINER by Lalo Davila,TheDrumBooster,https://www.youtube.com/channel/UCLLLKQpaDZSsCoctfhIw9XQ,631,no,,CC-BY,Creative Commons Attribution license (reuse allowed),6286,1280,720,30.0,False,20220421,41,three-quarter,no,thumbnail (auto),0.9,,True,False,"application (groove, fill or kit)",CC '9 stroke roll rudiment'; CC 'Nine Stroke Roll drum'; CC 'Nine Stroke Roll lesson'; CC 'Nine Stroke Roll rudiment'; CC 'Nine Stroke Roll'; CC 'Ten Stroke Roll lesson'; CC 'Ten Stroke Roll',live: was_live,3.15,False,"application (groove, fill or kit); longer than 20 minutes; no player or hands in the thumbnail",False,also found
10,Nine Stroke Roll,True,_-ZaWU1kRTM,https://www.youtube.com/watch?v=_-ZaWU1kRTM,Pearl Drum Rudiments - 9 Stroke Roll,Pearl Drums,https://www.youtube.com/channel/UCmGi7DMBXl7aTOG1HDbRWoQ,121000,yes,known channel (pearl),Standard,,68,1920,1080,30.0,False,20130726,2060,three-quarter,yes,thumbnail (auto),0.9,,True,False,demo,'9 stroke roll rudiment',,10.83,False,not Creative Commons (link only),False,also found
10,Nine Stroke Roll,True,6Mt6j9vM82E,https://www.youtube.com/watch?v=6Mt6j9vM82E,Pearl Drum Rudiments - 9 Stroke Roll,Pearl Drums,https://www.youtube.com/channel/UCmGi7DMBXl7aTOG1HDbRWoQ,121000,yes,known channel (pearl),Standard,,91,1280,720,30.0,False,20120813,28175,front,yes,thumbnail (auto),2.02,,True,False,demo,'9 stroke roll rudiment'; 'Nine Stroke Roll drum rudiment lesson'; 'Nine Stroke Roll rudiment practice pad'; 'Nine Stroke Roll rudiment'; 'Nine Stroke Roll snare drum',,10.78,False,not Creative Commons (link only),False,also found
10,Nine Stroke Roll,True,u5JWKt2qmbY,https://www.youtube.com/watch?v=u5JWKt2qmbY,9 Stroke Roll: Vic Firth Rudiment Playalong,Vic Firth,https://www.youtube.com/channel/UC9N2JaiIWYR2GEN1tgHAczA,634000,yes,known channel (vic firth),Standard,,245,1280,720,30.0,False,20130628,52284,no player found,no,thumbnail (auto),,,True,False,demo,'9 stroke roll rudiment'; 'Nine Stroke Roll drum rudiment lesson'; 'Nine Stroke Roll rudiment'; 'vic firth Nine Stroke Roll'; 'vic firth Seven Stroke Roll'; 'vic firth Single Stroke Roll'; 'vic firth Ten Stroke Roll'; 'vic firth Triple Stroke Roll',,9.89,False,not Creative Commons (link only),False,also found
10,Nine Stroke Roll,True,c5ug7K_GSiY,https://www.youtube.com/watch?v=c5ug7K_GSiY,Nine Stroke Roll - Drum Lessons,Drumeo,https://www.youtube.com/channel/UCBiJBaDaM3K6vPVggLhTyWA,5630000,yes,known channel (drumeo),Standard,,89,640,480,30.0,False,20070810,19571,three-quarter,no,thumbnail (auto),0.94,,True,False,demo,'9 stroke roll rudiment'; 'Nine Stroke Roll rudiment'; 'Nine Stroke Roll snare drum',,9.22,False,not Creative Commons (link only),False,also found
10,Nine Stroke Roll,True,WctzSO7auJc,https://www.youtube.com/watch?v=WctzSO7auJc,"A Fresh Approach to Snare Drum: Lesson 5 (C): Paradiddle, 9 Stroke Roll",Vic Firth,https://www.youtube.com/channel/UC9N2JaiIWYR2GEN1tgHAczA,634000,yes,known channel (vic firth),Standard,,270,720,480,30.0,False,20110822,5199,no player found,no,thumbnail (auto),,,True,False,demo,'Nine Stroke Roll rudiment practice pad'; 'Nine Stroke Roll snare drum'; 'vic firth Nine Stroke Roll',5 chapters,8.49,False,not Creative Commons (link only),False,also found
11,Ten Stroke Roll,True,QLN9rY1wfJA,https://www.youtube.com/watch?v=QLN9rY1wfJA,10 Stroke Roll,null,https://www.youtube.com/channel/UCoiP3HEJH-eicv8O3AqW1AA,17300,no,,CC-BY,Creative Commons Attribution license (reuse allowed),31,1920,1080,30.0,False,20190414,44,unknown,one,thumbnail (auto),,,True,False,demo,CC '10 stroke roll rudiment'; CC '11 stroke roll rudiment'; CC 'Eleven Stroke Roll drum'; CC 'Eleven Stroke Roll lesson'; CC 'Eleven Stroke Roll rudiment'; CC 'Eleven Stroke Roll snare'; CC 'Eleven Stroke Roll tutorial'; CC 'Eleven Stroke Roll'; CC 'Seven Stroke Roll drum'; CC 'Seven Stroke Roll les,short,5.66,True,,False,pick
11,Ten Stroke Roll,True,w6Xp3yTMkuw,https://www.youtube.com/watch?v=w6Xp3yTMkuw,Ten Stroke Roll - Drum Rudiment Lesson (Drumeo),Drumeo,https://www.youtube.com/channel/UCBiJBaDaM3K6vPVggLhTyWA,5630000,yes,known channel (drumeo),Standard,,105,1920,1080,24.0,False,20161209,72917,three-quarter,yes,thumbnail (auto),0.84,,True,False,demo,'10 stroke roll rudiment'; 'Ten Stroke Roll drum rudiment lesson'; 'Ten Stroke Roll rudiment practice pad'; 'Ten Stroke Roll rudiment'; 'Ten Stroke Roll snare drum'; 'vic firth Ten Stroke Roll',,11.45,False,not Creative Commons (link only),False,pick
11,Ten Stroke Roll,True,9Mr6r2Fa_hk,https://www.youtube.com/watch?v=9Mr6r2Fa_hk,How To Play A Ten Stroke Roll - Drum Rudiment Lesson,Drumeo,https://www.youtube.com/channel/UCBiJBaDaM3K6vPVggLhTyWA,5630000,yes,known channel (drumeo),Standard,,103,2560,1440,24.0,False,20230118,17096,three-quarter,yes,thumbnail (auto),0.62,,True,False,demo,'10 stroke roll rudiment'; 'Eleven Stroke Roll drum rudiment lesson'; 'Eleven Stroke Roll snare drum'; 'Ten Stroke Roll drum rudiment lesson'; 'Ten Stroke Roll rudiment practice pad'; 'Ten Stroke Roll rudiment'; 'Ten Stroke Roll snare drum',,11.19,False,not Creative Commons (link only),False,pick
11,Ten Stroke Roll,True,HmoTk7Jf-9A,https://www.youtube.com/watch?v=HmoTk7Jf-9A,10 Stroke Roll: Rudiment Breakdown by Dr. John Wooton,Vic Firth,https://www.youtube.com/channel/UC9N2JaiIWYR2GEN1tgHAczA,634000,yes,known channel (vic firth),Standard,,114,1920,1080,30.0,False,20120413,10187,three-quarter,yes,thumbnail (auto),0.78,,True,False,demo,'vic firth Nine Stroke Roll'; 'vic firth Ten Stroke Roll',,11.1,False,not Creative Commons (link only),False,pick
11,Ten Stroke Roll,True,WfWxPElJkGI,https://www.youtube.com/watch?v=WfWxPElJkGI,How To Play A Ten Stroke Roll On The Drums - Drum Rudiment Lesson,Drumeo,https://www.youtube.com/channel/UCBiJBaDaM3K6vPVggLhTyWA,5630000,yes,known channel (drumeo),Standard,,188,2560,1440,24.0,False,20230312,3900,three-quarter,yes,thumbnail (auto),0.67,,True,False,demo,'10 stroke roll rudiment'; 'Ten Stroke Roll drum rudiment lesson'; 'Ten Stroke Roll rudiment',,10.94,False,not Creative Commons (link only),False,pick
11,Ten Stroke Roll,True,jcxv-6Qk0ws,https://www.youtube.com/watch?v=jcxv-6Qk0ws,Pearl Drum Rudiments - 10 Stroke Roll,Pearl Drums,https://www.youtube.com/channel/UCmGi7DMBXl7aTOG1HDbRWoQ,121000,yes,known channel (pearl),Standard,,81,1280,720,30.0,False,20120813,9376,no player found,no,thumbnail (auto),,,True,False,demo,'Ten Stroke Roll rudiment',,9.59,False,not Creative Commons (link only),False,pick
11,Ten Stroke Roll,True,l8NJMz6hggg,https://www.youtube.com/watch?v=l8NJMz6hggg,11. Ten Stroke Roll. #40rudimentos,ESTUDE BATERIA,https://www.youtube.com/channel/UCVN6V8fPSRXg1UCWcotqkoA,2280,no,,CC-BY,Creative Commons Attribution license (reuse allowed),153,1920,1080,25.0,False,20210309,63,unknown,no,thumbnail (auto),,50 160,True,False,demo,CC '10 stroke roll rudiment'; CC '11 stroke roll rudiment'; CC '13 stroke roll rudiment'; CC '15 stroke roll rudiment'; CC '17 stroke roll rudiment'; CC '40 drum rudiments'; CC '6 stroke roll rudiment'; CC '9 stroke roll rudiment'; CC 'Eleven Stroke Roll drum'; CC 'Eleven Stroke Roll lesson'; CC 'El,,6.22,False,no player or hands in the thumbnail,False,also found
11,Ten Stroke Roll,True,frq80gt_ybE,https://www.youtube.com/watch?v=frq80gt_ybE,RUDIMENTAL NIGHTS N.E. - Solo #11: TEN STROKE ROLL -  RIN TEN TEN by Lalo Davila,TheDrumBooster,https://www.youtube.com/channel/UCLLLKQpaDZSsCoctfhIw9XQ,631,no,,CC-BY,Creative Commons Attribution license (reuse allowed),6939,1280,720,30.0,False,20220428,48,three-quarter,no,thumbnail (auto),0.97,,True,False,"application (groove, fill or kit)",CC '10 stroke roll rudiment'; CC '11 stroke roll rudiment'; CC 'Eleven Stroke Roll drum'; CC 'Eleven Stroke Roll lesson'; CC 'Eleven Stroke Roll snare'; CC 'Eleven Stroke Roll'; CC 'Ten Stroke Roll drum'; CC 'Ten Stroke Roll lesson'; CC 'Ten Stroke Roll rudiment'; CC 'Ten Stroke Roll snare'; CC 'Ten,live: was_live,3.18,False,"application (groove, fill or kit); longer than 20 minutes; no player or hands in the thumbnail",False,also found
11,Ten Stroke Roll,True,YnMj_ERyLEc,https://www.youtube.com/watch?v=YnMj_ERyLEc,"26 Rudiments on the Drums, Vol . 6: Ten Stroke Roll #shorts #drums #beats #music",Good Muse Music,https://www.youtube.com/channel/UC40V15LDtWqQ7_dhUntOSZA,7420,no,,CC-BY,Creative Commons Attribution license (reuse allowed),13,720,900,30.0,False,20250104,716,no player found,no,thumbnail (auto),,,True,False,"application (groove, fill or kit)",CC 'Ten Stroke Roll rudiment'; CC 'Ten Stroke Roll tutorial'; CC 'Ten Stroke Roll'; CC 'drum rudiment tutorial',short; vertical,3.14,False,"application (groove, fill or kit); no player or hands in the thumbnail",False,also found
11,Ten Stroke Roll,True,XwmwWNMcHwQ,https://www.youtube.com/watch?v=XwmwWNMcHwQ,Pearl Drum Rudiments - 10 Stroke Roll,Pearl Drums,https://www.youtube.com/channel/UCmGi7DMBXl7aTOG1HDbRWoQ,121000,yes,known channel (pearl),Standard,,225,2560,1440,30.0,False,20221003,2183,no player found,no,thumbnail (auto),,,True,False,demo,'10 stroke roll rudiment'; 'Ten Stroke Roll rudiment',6 chapters,9.34,False,not Creative Commons (link only),False,also found
11,Ten Stroke Roll,True,OHMvDOAhPU4,https://www.youtube.com/watch?v=OHMvDOAhPU4,Pearl Drum Rudiments - 10 Stroke Roll,Pearl Drums,https://www.youtube.com/channel/UCmGi7DMBXl7aTOG1HDbRWoQ,121000,yes,known channel (pearl),Standard,,66,1920,1080,30.0,False,20130725,1409,unknown,no,thumbnail (auto),,,True,False,demo,'10 stroke roll rudiment'; 'Ten Stroke Roll drum rudiment lesson'; 'Ten Stroke Roll rudiment',,9.26,False,not Creative Commons (link only),False,also found
11,Ten Stroke Roll,True,tT9Xw9B6py0,https://www.youtube.com/watch?v=tT9Xw9B6py0,Ten Stroke Roll - FreeDrumLessons.com,Drumeo,https://www.youtube.com/channel/UCBiJBaDaM3K6vPVggLhTyWA,5630000,yes,known channel (drumeo),Standard,,77,640,480,30.0,False,20070810,64756,front,no,thumbnail (auto),1.13,,True,False,demo,'10 stroke roll rudiment'; 'Ten Stroke Roll drum rudiment lesson'; 'Ten Stroke Roll rudiment'; 'Ten Stroke Roll snare drum',,8.92,False,not Creative Commons (link only),False,also found
11,Ten Stroke Roll,True,9FYTuGO7Mf0,https://www.youtube.com/watch?v=9FYTuGO7Mf0,Ten Stroke Roll - Drum Rudiment Lessons,Niels Myrner,https://www.youtube.com/channel/UCC4I4qtkFIObozZ0D6XNGPw,57200,no,,Standard,,100,1920,1080,24.0,False,20120512,10472,hands only,one,thumbnail (auto),,,True,False,demo,'Ten Stroke Roll drum rudiment lesson'; 'Ten Stroke Roll rudiment practice pad',,6.61,False,not Creative Commons (link only),False,also found
11,Ten Stroke Roll,True,E8I5mcHsyTc,https://www.youtube.com/watch?v=E8I5mcHsyTc,Drum Rudiments #11 - Ten Stroke Roll - DrumRudiments.com,DrumRudiments,https://www.youtube.com/channel/UCFjAPbK0sCk_5TKsgSmSQzQ,32600,no,,Standard,,24,432,360,30.0,False,20070320,298286,hands only,one,thumbnail (auto),,,True,False,demo,'10 stroke roll rudiment'; '11 stroke roll rudiment'; 'Eleven Stroke Roll drum rudiment lesson'; 'Eleven Stroke Roll rudiment practice pad'; 'Eleven Stroke Roll rudiment'; 'Eleven Stroke Roll snare drum'; 'Ten Stroke Roll drum rudiment lesson'; 'Ten Stroke Roll rudiment practice pad'; 'Ten Stroke Ro,short,6.19,False,not Creative Commons (link only),False,also found
12,Eleven Stroke Roll,True,Q79GtI3D-c0,https://www.youtube.com/watch?v=Q79GtI3D-c0,Eleven Stroke Roll 250 bpm - Esercizio  - Luca Fortunato,Luca Fortunato Drum,https://www.youtube.com/channel/UCmiV9nU0Up1HOU8xukWFRZw,249,no,,CC-BY,Creative Commons Attribution license (reuse allowed),51,720,1280,30.0,False,20201109,152,three-quarter,yes,thumbnail (auto),0.92,250,True,False,demo,CC 'how to play Eleven Stroke Roll',short; vertical,7.87,True,,False,pick
12,Eleven Stroke Roll,True,gRn2822R6Hg,https://www.youtube.com/watch?v=gRn2822R6Hg,11 Stroke Roll,null,https://www.youtube.com/channel/UCoiP3HEJH-eicv8O3AqW1AA,17300,no,,CC-BY,Creative Commons Attribution license (reuse allowed),41,1920,1080,30.0,False,20190414,32,unknown,one,thumbnail (auto),,,True,False,demo,CC '11 stroke roll rudiment'; CC 'Eleven Stroke Roll drum'; CC 'Eleven Stroke Roll lesson'; CC 'Eleven Stroke Roll rudiment'; CC 'Eleven Stroke Roll snare'; CC 'Eleven Stroke Roll tutorial'; CC 'Eleven Stroke Roll'; CC 'Ten Stroke Roll drum'; CC 'Ten Stroke Roll lesson'; CC 'Ten Stroke Roll'; CC 'ho,short,5.61,True,,False,pick
12,Eleven Stroke Roll,True,DU7CXH00suk,https://www.youtube.com/watch?v=DU7CXH00suk,Eleven Stroke Roll - Drum Rudiment Lesson (Drumeo),Drumeo,https://www.youtube.com/channel/UCBiJBaDaM3K6vPVggLhTyWA,5630000,yes,known channel (drumeo),Standard,,116,1920,1080,24.0,False,20161219,66948,three-quarter,yes,thumbnail (auto),0.77,,True,False,demo,'11 stroke roll rudiment'; 'Eleven Stroke Roll drum rudiment lesson'; 'Eleven Stroke Roll rudiment practice pad'; 'Eleven Stroke Roll rudiment'; 'Eleven Stroke Roll snare drum'; 'vic firth Eleven Stroke Roll',,11.43,False,not Creative Commons (link only),False,pick
12,Eleven Stroke Roll,True,lTvXpve-WR4,https://www.youtube.com/watch?v=lTvXpve-WR4,How To Play An Eleven Stroke Roll - Drum Rudiment Lesson,Drumeo,https://www.youtube.com/channel/UCBiJBaDaM3K6vPVggLhTyWA,5630000,yes,known channel (drumeo),Standard,,129,2560,1440,24.0,False,20230118,12836,three-quarter,yes,thumbnail (auto),0.64,,True,False,demo,'11 stroke roll rudiment'; 'Eleven Stroke Roll drum rudiment lesson'; 'Eleven Stroke Roll rudiment practice pad'; 'Eleven Stroke Roll rudiment'; 'Eleven Stroke Roll snare drum'; 'vic firth Eleven Stroke Roll',,11.14,False,not Creative Commons (link only),False,pick
12,Eleven Stroke Roll,True,ckP08Qi79a0,https://www.youtube.com/watch?v=ckP08Qi79a0,The Ten Stroke Roll and the Eleven Stroke Roll: Michael Carvin Breaks Down Drumming Rudiments,Jazz at Lincoln Center's JAZZ ACADEMY,https://www.youtube.com/channel/UC8ycFlguVIToxRB34x3g1eQ,255000,yes,255k subscribers,Standard,,194,1920,1080,24.0,False,20140521,12112,three-quarter,yes,thumbnail (auto),0.88,,True,False,demo,'11 stroke roll rudiment'; 'Eleven Stroke Roll drum rudiment lesson'; 'Eleven Stroke Roll rudiment'; 'Eleven Stroke Roll snare drum'; 'Ten Stroke Roll drum rudiment lesson',,11.13,False,not Creative Commons (link only),False,pick
12,Eleven Stroke Roll,True,qqPsK5BuQrI,https://www.youtube.com/watch?v=qqPsK5BuQrI,11 Stroke Roll: Rudiment Breakdown by Dr. John Wooton,Vic Firth,https://www.youtube.com/channel/UC9N2JaiIWYR2GEN1tgHAczA,634000,yes,known channel (vic firth),Standard,,117,1920,1080,30.0,False,20120413,6698,three-quarter,yes,thumbnail (auto),0.77,,True,False,demo,'Eleven Stroke Roll snare drum'; 'vic firth Eleven Stroke Roll'; 'vic firth Fifteen Stroke Roll'; 'vic firth Nine Stroke Roll'; 'vic firth Ten Stroke Roll',,11.03,False,not Creative Commons (link only),False,pick
12,Eleven Stroke Roll,True,YkC5tdzbrJ8,https://www.youtube.com/watch?v=YkC5tdzbrJ8,How To Play An Eleven Stroke Roll On The Drums - Drum Rudiment Lesson,Drumeo,https://www.youtube.com/channel/UCBiJBaDaM3K6vPVggLhTyWA,5630000,yes,known channel (drumeo),Standard,,188,2560,1440,24.0,False,20230312,3624,three-quarter,yes,thumbnail (auto),0.66,,True,False,demo,'11 stroke roll rudiment'; 'Eleven Stroke Roll drum rudiment lesson'; 'Eleven Stroke Roll rudiment',,10.92,False,not Creative Commons (link only),False,pick
12,Eleven Stroke Roll,True,7g3F4VP16SI,https://www.youtube.com/watch?v=7g3F4VP16SI,❮經典基礎打擊手法 /11連音❯Essential Rudiments➜ 11 Stroke Roll☆☆☆☆ «爵士鼓線上課程»🔥🔥,null,https://www.youtube.com/channel/UCoiP3HEJH-eicv8O3AqW1AA,17300,no,,CC-BY,Creative Commons Attribution license (reuse allowed),461,1920,1080,30.0,False,20240111,752,no player found,no,thumbnail (auto),,,True,True,demo,CC '11 stroke roll rudiment'; CC 'Eleven Stroke Roll drum'; CC 'Eleven Stroke Roll lesson'; CC 'Eleven Stroke Roll rudiment'; CC 'Eleven Stroke Roll snare'; CC 'Eleven Stroke Roll',compilation of several rudiments: needs trimming,4.15,False,compilation; no player or hands in the thumbnail,False,also found
12,Eleven Stroke Roll,True,5Yo5Pq0Ts1s,https://www.youtube.com/watch?v=5Yo5Pq0Ts1s,鼓手必備的Solo 詞彙❮11 Stroke Roll w/ Swing Groove❯☆☆☆ «爵士鼓 線上課程»🔥🔥🔥🔥,null,https://www.youtube.com/channel/UCoiP3HEJH-eicv8O3AqW1AA,17300,no,,CC-BY,Creative Commons Attribution license (reuse allowed),328,1920,1080,30.0,False,20240209,409,no player found,no,thumbnail (auto),,,True,False,"application (groove, fill or kit)",CC 'Eleven Stroke Roll drum'; CC 'Eleven Stroke Roll lesson'; CC 'Eleven Stroke Roll snare'; CC 'Eleven Stroke Roll',,4.05,False,"application (groove, fill or kit); no player or hands in the thumbnail",False,also found
12,Eleven Stroke Roll,True,oRDfxARUcpo,https://www.youtube.com/watch?v=oRDfxARUcpo,"26 Rudiments on the Drums, Vol. 7:  Eleven Stroke Roll  #shorts #drums #beats #music",Good Muse Music,https://www.youtube.com/channel/UC40V15LDtWqQ7_dhUntOSZA,7420,no,,CC-BY,Creative Commons Attribution license (reuse allowed),16,720,900,30.0,False,20250111,485,no player found,no,thumbnail (auto),,,True,False,"application (groove, fill or kit)",CC '11 stroke roll rudiment'; CC '7 stroke roll rudiment'; CC 'Eleven Stroke Roll rudiment'; CC 'Eleven Stroke Roll tutorial'; CC 'Seven Stroke Roll tutorial'; CC 'drum rudiment tutorial',short; vertical,3.07,False,"application (groove, fill or kit); no player or hands in the thumbnail",False,also found
12,Eleven Stroke Roll,True,htOnsCKAlIs,https://www.youtube.com/watch?v=htOnsCKAlIs,Pearl Drum Rudiments - 11 Stroke Roll,Pearl Drums,https://www.youtube.com/channel/UCmGi7DMBXl7aTOG1HDbRWoQ,121000,yes,known channel (pearl),Standard,,72,1920,1080,30.0,False,20130725,2070,three-quarter,yes,thumbnail (auto),0.95,,True,False,demo,'11 stroke roll rudiment'; 'Eleven Stroke Roll drum rudiment lesson'; 'Eleven Stroke Roll rudiment',,10.83,False,not Creative Commons (link only),False,also found
12,Eleven Stroke Roll,True,XPeWSznUFi8,https://www.youtube.com/watch?v=XPeWSznUFi8,Pearl Drum Rudiments - 11 Stroke Roll,Pearl Drums,https://www.youtube.com/channel/UCmGi7DMBXl7aTOG1HDbRWoQ,121000,yes,known channel (pearl),Standard,,109,1280,720,30.0,False,20120813,20603,front,yes,thumbnail (auto),1.29,,True,False,demo,'11 stroke roll rudiment'; 'Eleven Stroke Roll drum rudiment lesson'; 'Eleven Stroke Roll rudiment practice pad'; 'Eleven Stroke Roll rudiment',,10.73,False,not Creative Commons (link only),False,also found
12,Eleven Stroke Roll,True,BRnJwaxEHSo,https://www.youtube.com/watch?v=BRnJwaxEHSo,Eleven Stroke Roll - Drum Lessons,Drumeo,https://www.youtube.com/channel/UCBiJBaDaM3K6vPVggLhTyWA,5630000,yes,known channel (drumeo),Standard,,75,640,480,30.0,False,20070810,16378,front,yes,thumbnail (auto),1.21,,True,False,demo,'11 stroke roll rudiment'; 'Eleven Stroke Roll drum rudiment lesson'; 'Eleven Stroke Roll rudiment'; 'Eleven Stroke Roll snare drum',,9.69,False,not Creative Commons (link only),False,also found
12,Eleven Stroke Roll,True,rSXyvhCZs3s,https://www.youtube.com/watch?v=rSXyvhCZs3s,Drum Rudiments #12 - Eleven Stroke Roll - DrumRudiments.com,DrumRudiments,https://www.youtube.com/channel/UCFjAPbK0sCk_5TKsgSmSQzQ,32600,no,,Standard,,36,432,360,30.0,False,20070320,204783,no player found,no,thumbnail (auto),,,True,False,demo,'11 stroke roll rudiment'; 'Eleven Stroke Roll drum rudiment lesson'; 'Eleven Stroke Roll rudiment practice pad'; 'Eleven Stroke Roll rudiment'; 'vic firth Eleven Stroke Roll',short,6.12,False,not Creative Commons (link only),False,also found
12,Eleven Stroke Roll,True,Rc2GDw1NmQo,https://www.youtube.com/watch?v=Rc2GDw1NmQo,DRUM LESSON - 11 STROKE ROLL,George Shepherd,https://www.youtube.com/channel/UCx6SEzEfSpkdp2cfrSkVM0Q,2700,no,,Standard,,38,320,266,30.0,False,20061209,12519,no player found,no,thumbnail (auto),,,True,False,demo,'Eleven Stroke Roll snare drum',short,5.64,False,not Creative Commons (link only),False,also found
13,Thirteen Stroke Roll,True,xqiY2TF-WI8,https://www.youtube.com/watch?v=xqiY2TF-WI8,13 Stroke Roll Practice,null,https://www.youtube.com/channel/UCoiP3HEJH-eicv8O3AqW1AA,17300,no,,CC-BY,Creative Commons Attribution license (reuse allowed),73,1920,1080,30.0,False,20190102,83,hands only,one,thumbnail (auto),,,True,False,demo,CC '11 stroke roll rudiment'; CC '13 stroke roll rudiment'; CC 'Eleven Stroke Roll drum'; CC 'Eleven Stroke Roll lesson'; CC 'Eleven Stroke Roll rudiment'; CC 'Eleven Stroke Roll snare'; CC 'Eleven Stroke Roll tutorial'; CC 'Eleven Stroke Roll'; CC 'Thirteen Stroke Roll drum'; CC 'Thirteen Stroke Ro,,5.77,True,,False,pick
13,Thirteen Stroke Roll,True,YM1QU8Qpll4,https://www.youtube.com/watch?v=YM1QU8Qpll4,13 Stroke Roll,null,https://www.youtube.com/channel/UCoiP3HEJH-eicv8O3AqW1AA,17300,no,,CC-BY,Creative Commons Attribution license (reuse allowed),57,1920,1080,30.0,False,20190414,28,front,one,thumbnail (auto),2.91,,True,False,demo,CC '13 stroke roll rudiment'; CC 'Thirteen Stroke Roll drum'; CC 'Thirteen Stroke Roll lesson'; CC 'Thirteen Stroke Roll rudiment'; CC 'Thirteen Stroke Roll snare'; CC 'Thirteen Stroke Roll tutorial'; CC 'Thirteen Stroke Roll',short,5.58,True,,False,pick
13,Thirteen Stroke Roll,True,-L6dqs1kZ0k,https://www.youtube.com/watch?v=-L6dqs1kZ0k,Thirteen Stroke Roll - Drum Rudiment Lesson (Drumeo),Drumeo,https://www.youtube.com/channel/UCBiJBaDaM3K6vPVggLhTyWA,5630000,yes,known channel (drumeo),Standard,,121,1920,1080,24.0,False,20161209,46973,three-quarter,yes,thumbnail (auto),0.79,,True,False,demo,'13 stroke roll rudiment'; 'Five Stroke Roll rudiment'; 'Thirteen Stroke Roll drum rudiment lesson'; 'Thirteen Stroke Roll rudiment practice pad'; 'Thirteen Stroke Roll rudiment'; 'Thirteen Stroke Roll snare drum'; 'vic firth Thirteen Stroke Roll',,11.37,False,not Creative Commons (link only),False,pick
13,Thirteen Stroke Roll,True,q2XS4v61Lp4,https://www.youtube.com/watch?v=q2XS4v61Lp4,How To Play A Thirteen Stroke Roll On The Drums - Drum Rudiment Lesson,Drumeo,https://www.youtube.com/channel/UCBiJBaDaM3K6vPVggLhTyWA,5630000,yes,known channel (drumeo),Standard,,190,2560,1440,24.0,False,20230312,16329,three-quarter,yes,thumbnail (auto),0.66,,True,False,demo,'13 stroke roll rudiment'; 'Thirteen Stroke Roll drum rudiment lesson'; 'Thirteen Stroke Roll rudiment'; 'Thirteen Stroke Roll snare drum',,11.19,False,not Creative Commons (link only),False,pick
13,Thirteen Stroke Roll,True,jt0VE9cxUBE,https://www.youtube.com/watch?v=jt0VE9cxUBE,How To Play A Thirteen Stroke Roll - Drum Rudiment Lesson,Drumeo,https://www.youtube.com/channel/UCBiJBaDaM3K6vPVggLhTyWA,5630000,yes,known channel (drumeo),Standard,,82,2560,1440,24.0,False,20230107,14395,three-quarter,yes,thumbnail (auto),0.63,,True,False,demo,'13 stroke roll rudiment'; '15 stroke roll rudiment'; 'Thirteen Stroke Roll drum rudiment lesson'; 'Thirteen Stroke Roll rudiment practice pad'; 'Thirteen Stroke Roll rudiment'; 'Thirteen Stroke Roll snare drum'; 'vic firth Thirteen Stroke Roll',,11.16,False,not Creative Commons (link only),False,pick
13,Thirteen Stroke Roll,True,uRG1YRkSD60,https://www.youtube.com/watch?v=uRG1YRkSD60,13 Stroke Roll: Rudiment Breakdown by Dr. John Wooton,Vic Firth,https://www.youtube.com/channel/UC9N2JaiIWYR2GEN1tgHAczA,634000,yes,known channel (vic firth),Standard,,119,1920,1080,30.0,False,20120413,5615,three-quarter,yes,thumbnail (auto),0.78,,True,False,demo,'vic firth Fifteen Stroke Roll'; 'vic firth Thirteen Stroke Roll',,11.0,False,not Creative Commons (link only),False,pick
13,Thirteen Stroke Roll,True,RxePkugLpOM,https://www.youtube.com/watch?v=RxePkugLpOM,13 Stroke Roll: Vic Firth Rudiment Playalong,Vic Firth,https://www.youtube.com/channel/UC9N2JaiIWYR2GEN1tgHAczA,634000,yes,known channel (vic firth),Standard,,293,1280,720,30.0,False,20130830,13672,no player found,no,thumbnail (auto),,,True,False,demo,'11 stroke roll rudiment'; '13 stroke roll rudiment'; 'Thirteen Stroke Roll drum rudiment lesson'; 'Thirteen Stroke Roll rudiment practice pad'; 'Thirteen Stroke Roll rudiment'; 'vic firth Eleven Stroke Roll'; 'vic firth Fifteen Stroke Roll'; 'vic firth Five Stroke Roll'; 'vic firth Nine Stroke Roll,,9.65,False,not Creative Commons (link only),False,pick
13,Thirteen Stroke Roll,True,9B2f9xgElUM,https://www.youtube.com/watch?v=9B2f9xgElUM,Pearl Drum Rudiments - 13 Stroke Roll,Pearl Drums,https://www.youtube.com/channel/UCmGi7DMBXl7aTOG1HDbRWoQ,121000,yes,known channel (pearl),Standard,,91,1280,720,30.0,False,20120813,4348,unknown,one,thumbnail (auto),,,True,False,demo,'13 stroke roll rudiment',,9.46,False,not Creative Commons (link only),False,also found
13,Thirteen Stroke Roll,True,z6oPBGlr8Sg,https://www.youtube.com/watch?v=z6oPBGlr8Sg,Pearl Drum Rudiments - 13 Stroke Roll,Pearl Drums,https://www.youtube.com/channel/UCmGi7DMBXl7aTOG1HDbRWoQ,121000,yes,known channel (pearl),Standard,,69,1920,1080,30.0,False,20130725,1219,unknown,no,thumbnail (auto),,,True,False,demo,'13 stroke roll rudiment'; 'Thirteen Stroke Roll drum rudiment lesson'; 'Thirteen Stroke Roll rudiment',,9.23,False,not Creative Commons (link only),False,also found
13,Thirteen Stroke Roll,True,KSgV9tQbPCg,https://www.youtube.com/watch?v=KSgV9tQbPCg,Thirteen Stroke Roll - Drum Lessons,Drumeo,https://www.youtube.com/channel/UCBiJBaDaM3K6vPVggLhTyWA,5630000,yes,known channel (drumeo),Standard,,80,640,480,30.0,False,20070810,15283,three-quarter,one,thumbnail (auto),0.74,,True,False,demo,'13 stroke roll rudiment'; 'Thirteen Stroke Roll drum rudiment lesson'; 'Thirteen Stroke Roll rudiment'; 'Thirteen Stroke Roll snare drum',,9.17,False,not Creative Commons (link only),False,also found
13,Thirteen Stroke Roll,True,4kKibhi-btY,https://www.youtube.com/watch?v=4kKibhi-btY,Drum Rudiments #13 - Thirteen Stroke Roll -DrumRudiments.com,DrumRudiments,https://www.youtube.com/channel/UCFjAPbK0sCk_5TKsgSmSQzQ,32600,no,,Standard,,41,432,360,30.0,False,20070320,183702,hands only,one,thumbnail (auto),,,True,False,demo,'13 stroke roll rudiment'; 'Thirteen Stroke Roll rudiment practice pad'; 'Thirteen Stroke Roll rudiment',short,6.11,False,not Creative Commons (link only),False,also found
14,Fifteen Stroke Roll,True,ghkAaDhFEe4,https://www.youtube.com/watch?v=ghkAaDhFEe4,15 Stroke Roll,null,https://www.youtube.com/channel/UCoiP3HEJH-eicv8O3AqW1AA,17300,no,,CC-BY,Creative Commons Attribution license (reuse allowed),70,1920,1080,30.0,False,20190414,45,three-quarter,one,thumbnail (auto),0.71,,True,False,demo,CC '15 stroke roll rudiment'; CC 'Fifteen Stroke Roll drum'; CC 'Fifteen Stroke Roll lesson'; CC 'Fifteen Stroke Roll rudiment'; CC 'Fifteen Stroke Roll snare'; CC 'Fifteen Stroke Roll tutorial'; CC 'Fifteen Stroke Roll',,6.17,True,,False,pick
14,Fifteen Stroke Roll,True,xEOzYDjA-bw,https://www.youtube.com/watch?v=xEOzYDjA-bw,Fifteen Stroke Roll - Drum Rudiment Lesson (Drumeo),Drumeo,https://www.youtube.com/channel/UCBiJBaDaM3K6vPVggLhTyWA,5630000,yes,known channel (drumeo),Standard,,126,1920,1080,24.0,False,20161209,40369,three-quarter,yes,thumbnail (auto),0.85,,True,False,demo,'15 stroke roll rudiment'; 'Fifteen Stroke Roll drum rudiment lesson'; 'Fifteen Stroke Roll rudiment practice pad'; 'Fifteen Stroke Roll rudiment'; 'Fifteen Stroke Roll snare drum'; 'Thirteen Stroke Roll rudiment'; 'vic firth Fifteen Stroke Roll',,11.34,False,not Creative Commons (link only),False,pick
14,Fifteen Stroke Roll,True,0uXH5JRCVzM,https://www.youtube.com/watch?v=0uXH5JRCVzM,How To Play A Fifteen Stroke Roll - Drum Rudiment Lesson,Drumeo,https://www.youtube.com/channel/UCBiJBaDaM3K6vPVggLhTyWA,5630000,yes,known channel (drumeo),Standard,,96,2560,1440,24.0,False,20230107,29060,three-quarter,yes,thumbnail (auto),0.62,,True,False,demo,'15 stroke roll rudiment'; 'Fifteen Stroke Roll drum rudiment lesson'; 'Fifteen Stroke Roll rudiment practice pad'; 'Fifteen Stroke Roll rudiment'; 'Fifteen Stroke Roll snare drum'; 'Single Stroke Four drum rudiment lesson'; 'vic firth Fifteen Stroke Roll',,11.29,False,not Creative Commons (link only),False,pick
14,Fifteen Stroke Roll,True,cwJacjcQMbg,https://www.youtube.com/watch?v=cwJacjcQMbg,How To Play A Fifteen Stroke Roll On The Drums - Drum Rudiment Lesson,Drumeo,https://www.youtube.com/channel/UCBiJBaDaM3K6vPVggLhTyWA,5630000,yes,known channel (drumeo),Standard,,194,2560,1440,24.0,False,20230312,11983,three-quarter,yes,thumbnail (auto),0.67,,True,False,demo,'Fifteen Stroke Roll drum rudiment lesson'; 'Fifteen Stroke Roll rudiment'; 'Fifteen Stroke Roll snare drum',,11.13,False,not Creative Commons (link only),False,pick
14,Fifteen Stroke Roll,True,3QV7oSEhzi8,https://www.youtube.com/watch?v=3QV7oSEhzi8,15 Stroke Roll: Rudiment Breakdown by Dr. John Wooton,Vic Firth,https://www.youtube.com/channel/UC9N2JaiIWYR2GEN1tgHAczA,634000,yes,known channel (vic firth),Standard,,111,1920,1080,30.0,False,20120413,5361,three-quarter,yes,thumbnail (auto),0.75,,True,False,demo,'15 stroke roll rudiment'; 'Fifteen Stroke Roll rudiment'; 'Fifteen Stroke Roll snare drum'; 'Seventeen Stroke Roll snare drum'; 'vic firth Fifteen Stroke Roll',,10.99,False,not Creative Commons (link only),False,pick
14,Fifteen Stroke Roll,True,GDaDd3bKki8,https://www.youtube.com/watch?v=GDaDd3bKki8,15 Stroke Roll (Traditional Interpretation): Rudiment Breakdown by Dr. John Wooton,Vic Firth,https://www.youtube.com/channel/UC9N2JaiIWYR2GEN1tgHAczA,634000,yes,known channel (vic firth),Standard,,111,1920,1080,30.0,False,20120413,2295,three-quarter,yes,thumbnail (auto),0.86,,True,False,demo,'15 stroke roll rudiment'; 'Fifteen Stroke Roll rudiment'; 'Fifteen Stroke Roll snare drum'; 'vic firth Fifteen Stroke Roll'; 'vic firth Nine Stroke Roll'; 'vic firth Seventeen Stroke Roll'; 'vic firth Six Stroke Roll'; 'vic firth Thirteen Stroke Roll',,10.84,False,not Creative Commons (link only),False,pick
14,Fifteen Stroke Roll,True,EWAU0osFKgY,https://www.youtube.com/watch?v=EWAU0osFKgY,Pearl Drum Rudiments - 15 Stroke Roll,Pearl Drums,https://www.youtube.com/channel/UCmGi7DMBXl7aTOG1HDbRWoQ,121000,yes,known channel (pearl),Standard,,77,1920,1080,30.0,False,20130725,1522,three-quarter,yes,thumbnail (auto),0.92,,True,False,demo,'10 stroke roll rudiment'; '15 stroke roll rudiment'; 'Fifteen Stroke Roll drum rudiment lesson'; 'Fifteen Stroke Roll rudiment'; 'Fifteen Stroke Roll snare drum'; 'Seventeen Stroke Roll rudiment'; 'Thirteen Stroke Roll rudiment',,10.77,False,not Creative Commons (link only),False,also found
14,Fifteen Stroke Roll,True,Dn2KdOkDdis,https://www.youtube.com/watch?v=Dn2KdOkDdis,Pearl Drum Rudiments - 15 Stroke Roll,Pearl Drums,https://www.youtube.com/channel/UCmGi7DMBXl7aTOG1HDbRWoQ,121000,yes,known channel (pearl),Standard,,117,1280,720,30.0,False,20120813,96039,side,one,thumbnail (auto),0.44,,True,False,demo,'15 stroke roll rudiment'; 'Fifteen Stroke Roll drum rudiment lesson'; 'Fifteen Stroke Roll rudiment practice pad'; 'Fifteen Stroke Roll rudiment'; 'Fifteen Stroke Roll snare drum',,10.49,False,not Creative Commons (link only),False,also found
14,Fifteen Stroke Roll,True,3_WPpF6_Nm0,https://www.youtube.com/watch?v=3_WPpF6_Nm0,Fifteen Stroke Roll - Drum Lessons,Drumeo,https://www.youtube.com/channel/UCBiJBaDaM3K6vPVggLhTyWA,5630000,yes,known channel (drumeo),Standard,,83,640,480,30.0,False,20070810,44362,three-quarter,yes,thumbnail (auto),0.88,,True,False,demo,'15 stroke roll rudiment'; 'Fifteen Stroke Roll drum rudiment lesson'; 'Fifteen Stroke Roll rudiment'; 'Fifteen Stroke Roll snare drum'; 'vic firth Fifteen Stroke Roll',,10.36,False,not Creative Commons (link only),False,also found
14,Fifteen Stroke Roll,True,fFYTm6lMYXo,https://www.youtube.com/watch?v=fFYTm6lMYXo,Drum Rudiments #14 - Fifteen Stroke Roll - DrumRudiments.com,DrumRudiments,https://www.youtube.com/channel/UCFjAPbK0sCk_5TKsgSmSQzQ,32600,no,,Standard,,44,432,360,30.0,False,20070320,188529,no player found,no,thumbnail (auto),,,True,False,demo,'15 stroke roll rudiment'; 'Fifteen Stroke Roll drum rudiment lesson'; 'Fifteen Stroke Roll rudiment practice pad'; 'Fifteen Stroke Roll rudiment',short,6.11,False,not Creative Commons (link only),False,also found
14,Fifteen Stroke Roll,True,5_1iiFSHUqw,https://www.youtube.com/watch?v=5_1iiFSHUqw,DRUM LESSON - 15 STROKE ROLL,George Shepherd,https://www.youtube.com/channel/UCx6SEzEfSpkdp2cfrSkVM0Q,2700,no,,Standard,,46,320,266,30.0,False,20061209,99866,hands only,one,thumbnail (auto),,,True,False,demo,'Fifteen Stroke Roll snare drum',short,6.0,False,not Creative Commons (link only),False,also found
15,Seventeen Stroke Roll,True,_LIfQhUsnaw,https://www.youtube.com/watch?v=_LIfQhUsnaw,17 Stroke Roll,null,https://www.youtube.com/channel/UCoiP3HEJH-eicv8O3AqW1AA,17300,no,,CC-BY,Creative Commons Attribution license (reuse allowed),55,1920,1080,30.0,False,20190414,62,front,one,thumbnail (auto),1.67,,True,False,demo,CC '13 stroke roll rudiment'; CC '15 stroke roll rudiment'; CC '17 stroke roll rudiment'; CC 'Double Stroke Open Roll drum'; CC 'Double Stroke Open Roll rudiment'; CC 'Double Stroke Open Roll snare'; CC 'Double Stroke Open Roll tutorial'; CC 'Double Stroke Open Roll'; CC 'Eleven Stroke Roll drum'; C,short,5.72,True,,False,pick
15,Seventeen Stroke Roll,True,EI-uT_n5AeM,https://www.youtube.com/watch?v=EI-uT_n5AeM,Seventeen Stroke Roll - Drum Rudiment Lesson (Drumeo),Drumeo,https://www.youtube.com/channel/UCBiJBaDaM3K6vPVggLhTyWA,5630000,yes,known channel (drumeo),Standard,,119,1920,1080,24.0,False,20161209,58322,three-quarter,yes,thumbnail (auto),0.85,,True,False,demo,'17 stroke roll rudiment'; 'Seventeen Stroke Roll drum rudiment lesson'; 'Seventeen Stroke Roll rudiment practice pad'; 'Seventeen Stroke Roll rudiment'; 'Seventeen Stroke Roll snare drum'; 'Single Stroke Seven drum rudiment lesson'; 'vic firth Seventeen Stroke Roll',,11.41,False,not Creative Commons (link only),False,pick
15,Seventeen Stroke Roll,True,MDGJRNbQBgg,https://www.youtube.com/watch?v=MDGJRNbQBgg,How To Play A Seventeen Stroke Roll - Drum Rudiment Lesson,Drumeo,https://www.youtube.com/channel/UCBiJBaDaM3K6vPVggLhTyWA,5630000,yes,known channel (drumeo),Standard,,111,2560,1440,24.0,False,20230118,14171,three-quarter,yes,thumbnail (auto),0.66,,True,False,demo,'17 stroke roll rudiment'; '7 stroke roll rudiment'; 'Eleven Stroke Roll rudiment'; 'Eleven Stroke Roll snare drum'; 'Seven Stroke Roll drum rudiment lesson'; 'Seven Stroke Roll rudiment practice pad'; 'Seven Stroke Roll rudiment'; 'Seventeen Stroke Roll drum rudiment lesson'; 'Seventeen Stroke Roll,,11.16,False,not Creative Commons (link only),False,pick
15,Seventeen Stroke Roll,True,kIZNq2u2DiM,https://www.youtube.com/watch?v=kIZNq2u2DiM,17 Stroke Roll: Rudiment Breakdown by Dr. John Wooton,Vic Firth,https://www.youtube.com/channel/UC9N2JaiIWYR2GEN1tgHAczA,634000,yes,known channel (vic firth),Standard,,156,1920,1080,30.0,False,20120413,10069,three-quarter,yes,thumbnail (auto),0.86,,True,False,demo,'17 stroke roll rudiment'; 'Seventeen Stroke Roll drum rudiment lesson'; 'Seventeen Stroke Roll rudiment'; 'Seventeen Stroke Roll snare drum'; 'vic firth Fifteen Stroke Roll'; 'vic firth Five Stroke Roll'; 'vic firth Nine Stroke Roll'; 'vic firth Seven Stroke Roll'; 'vic firth Seventeen Stroke Roll',,11.1,False,not Creative Commons (link only),False,pick
15,Seventeen Stroke Roll,True,6LBFuXeR9mI,https://www.youtube.com/watch?v=6LBFuXeR9mI,How To Play A Seventeen Stroke Roll On The Drums - Drum Rudiment Lesson,Drumeo,https://www.youtube.com/channel/UCBiJBaDaM3K6vPVggLhTyWA,5630000,yes,known channel (drumeo),Standard,,191,2560,1440,24.0,False,20230312,4403,three-quarter,yes,thumbnail (auto),0.66,,True,False,demo,'17 stroke roll rudiment'; 'Seventeen Stroke Roll drum rudiment lesson'; 'Seventeen Stroke Roll rudiment'; 'Seventeen Stroke Roll snare drum',,10.96,False,not Creative Commons (link only),False,pick
15,Seventeen Stroke Roll,True,IllQ8rjkZ-g,https://www.youtube.com/watch?v=IllQ8rjkZ-g,Pearl Drum Rudiments - 17 Stroke Roll,Pearl Drums,https://www.youtube.com/channel/UCmGi7DMBXl7aTOG1HDbRWoQ,121000,yes,known channel (pearl),Standard,,82,1920,1080,30.0,False,20130725,3761,front,yes,thumbnail (auto),1.04,,True,False,demo,'17 stroke roll rudiment'; 'Seventeen Stroke Roll drum rudiment lesson'; 'Seventeen Stroke Roll rudiment'; 'Seventeen Stroke Roll snare drum',,10.43,False,not Creative Commons (link only),False,pick
15,Seventeen Stroke Roll,True,WjuDKWCt3f8,https://www.youtube.com/watch?v=WjuDKWCt3f8,Pearl Drum Rudiments - 17 Stroke Roll,Pearl Drums,https://www.youtube.com/channel/UCmGi7DMBXl7aTOG1HDbRWoQ,121000,yes,known channel (pearl),Standard,,110,1280,720,30.0,False,20120813,5619,hands only,one,thumbnail (auto),,,True,False,demo,'17 stroke roll rudiment'; 'Seventeen Stroke Roll drum rudiment lesson'; 'Seventeen Stroke Roll rudiment practice pad'; 'Seventeen Stroke Roll rudiment'; 'Seventeen Stroke Roll snare drum'; 'vic firth Seventeen Stroke Roll',,9.5,False,not Creative Commons (link only),False,also found
15,Seventeen Stroke Roll,True,w5fRxMVWxD4,https://www.youtube.com/watch?v=w5fRxMVWxD4,Seventeen Stroke Roll - Drum Lessons,Drumeo,https://www.youtube.com/channel/UCBiJBaDaM3K6vPVggLhTyWA,5630000,yes,known channel (drumeo),Standard,,94,640,480,30.0,False,20070810,36528,hands only,one,thumbnail (auto),,,True,False,demo,'15 stroke roll rudiment'; '17 stroke roll rudiment'; 'Seventeen Stroke Roll drum rudiment lesson'; 'Seventeen Stroke Roll rudiment'; 'Seventeen Stroke Roll snare drum',,8.83,False,not Creative Commons (link only),False,also found
15,Seventeen Stroke Roll,True,OyeE91tUQzg,https://www.youtube.com/watch?v=OyeE91tUQzg,Seventeen Stroke Roll - Drum Rudiment,40drumrudiments,https://www.youtube.com/channel/UCcHtLkthqaA1EeSvkizkAyg,1510,no,,Standard,,318,1280,720,30.0,False,20110325,12174,front,yes,thumbnail (auto),1.07,,True,False,demo,'Seventeen Stroke Roll drum rudiment lesson'; 'Seventeen Stroke Roll snare drum',,7.63,False,not Creative Commons (link only),False,also found
15,Seventeen Stroke Roll,True,_0P8mMOvfOY,https://www.youtube.com/watch?v=_0P8mMOvfOY,Drum Rudiments #15 - Seventeen Stroke Roll DrumRudiments.com,DrumRudiments,https://www.youtube.com/channel/UCFjAPbK0sCk_5TKsgSmSQzQ,32600,no,,Standard,,37,432,360,30.0,False,20070320,194678,no player found,no,thumbnail (auto),,,True,False,demo,'Fifteen Stroke Roll rudiment practice pad'; 'Seventeen Stroke Roll drum rudiment lesson'; 'Seventeen Stroke Roll rudiment practice pad'; 'Seventeen Stroke Roll rudiment',short,6.12,False,not Creative Commons (link only),False,also found
15,Seventeen Stroke Roll,True,aSqa7YKADYI,https://www.youtube.com/watch?v=aSqa7YKADYI,DRUM LESSON - 17 STROKE ROLL,George Shepherd,https://www.youtube.com/channel/UCx6SEzEfSpkdp2cfrSkVM0Q,2700,no,,Standard,,39,320,266,30.0,False,20061209,19548,no player found,no,thumbnail (auto),,,True,False,demo,'Seventeen Stroke Roll drum rudiment lesson'; 'Seventeen Stroke Roll snare drum',short,5.72,False,not Creative Commons (link only),False,also found
16,Single Paradiddle,True,9GL8gLdPb1Y,https://www.youtube.com/watch?v=9GL8gLdPb1Y,Gavin Harrison's Paradiddle Challenge n° 2 - 110 bpm di Luca Fortunato,Luca Fortunato Drum,https://www.youtube.com/channel/UCmiV9nU0Up1HOU8xukWFRZw,249,no,,CC-BY,Creative Commons Attribution license (reuse allowed),86,720,1280,30.0,False,20201208,1545,three-quarter,yes,thumbnail (auto),0.84,110,True,False,demo,CC 'Eleven Stroke Roll practice pad'; CC 'Flam Paradiddle drum'; CC 'Flam Paradiddle practice pad'; CC 'Flam Paradiddle-Diddle practice pad'; CC 'Flam Paradiddle-Diddle rudiment'; CC 'Flam Paradiddle-Diddle snare'; CC 'Flam Paradiddle-Diddle'; CC 'Flam practice pad'; CC 'Nine Stroke Roll practice pa,vertical,8.28,True,,False,pick
16,Single Paradiddle,True,Q4OhlaYX9sQ,https://www.youtube.com/watch?v=Q4OhlaYX9sQ,"If you want to increase your paradiddle speed, try this simple approach… slowly at first. #Drummer",Freddy Charles,https://www.youtube.com/channel/UC1xkrycozgUqLLCmwSSGAdA,1080,no,,CC-BY,Creative Commons Attribution license (reuse allowed),89,720,1280,30.0,False,20231129,8238,three-quarter,yes,thumbnail (auto),0.69,,True,False,demo,CC 'Double Paradiddle drum'; CC 'Double Paradiddle lesson'; CC 'Double Paradiddle rudiment'; CC 'Double Paradiddle snare'; CC 'Double Paradiddle'; CC 'paradiddle diddle rudiment'; CC 'paradiddle rudiment'; CC 'paradiddlediddle rudiment',vertical,8.07,True,,False,pick
16,Single Paradiddle,True,VV5y-4Ia1TQ,https://www.youtube.com/watch?v=VV5y-4Ia1TQ,Paradiddle ( RLRR LRLL ) da 96 bpm fino a 200 bpm,Luca Fortunato Drum,https://www.youtube.com/channel/UCmiV9nU0Up1HOU8xukWFRZw,249,no,,CC-BY,Creative Commons Attribution license (reuse allowed),420,810,1440,30,False,20191029,231,three-quarter,yes,thumbnail (auto),1.0,96 200,True,False,demo,CC 'Double Paradiddle practice pad'; CC 'Single Paradiddle practice pad'; CC 'Single Paradiddle-Diddle practice pad'; CC 'Single Paradiddle-Diddle snare'; CC 'Triple Paradiddle practice pad'; CC 'Triple Paradiddle rudiment'; CC 'how to play Single Paradiddle'; CC 'paradiddle rudiment',vertical,7.95,True,,False,pick
16,Single Paradiddle,True,QQULodvl0d0,https://www.youtube.com/watch?v=QQULodvl0d0,Paradiddle Play,University of Vermont,https://www.youtube.com/channel/UCSM5tnXrwqMWZtdBhXDMA1g,7920,no,,CC-BY,Creative Commons Attribution license (reuse allowed),221,1920,1080,30.0,False,20150225,3636,three-quarter,yes,thumbnail (auto),0.74,,True,False,demo,CC '6 stroke roll rudiment'; CC 'Double Paradiddle drum'; CC 'Double Paradiddle lesson'; CC 'Double Paradiddle rudiment'; CC 'Double Paradiddle snare'; CC 'Double Paradiddle'; CC 'Five Stroke Roll rudiment'; CC 'Lesson 25 drum'; CC 'Lesson 25 rudiment'; CC 'Single Paradiddle drum'; CC 'Single Paradi,,7.92,True,,False,pick
16,Single Paradiddle,True,VBqvD2r6c9o,https://www.youtube.com/watch?v=VBqvD2r6c9o,Trpl Paradiddle + Dbl Paradiddle + Sgl Paradiddle Luca Fortunato Drum Lucky piedi alternati 130 Bpm,Luca Fortunato Drum,https://www.youtube.com/channel/UCmiV9nU0Up1HOU8xukWFRZw,249,no,,CC-BY,Creative Commons Attribution license (reuse allowed),128,720,1280,30.0,False,20210204,53,three-quarter,yes,thumbnail (auto),0.78,130,True,False,demo,CC 'Double Paradiddle practice pad'; CC 'Single Paradiddle drum'; CC 'Single Paradiddle practice pad'; CC 'Single Paradiddle-Diddle practice pad'; CC 'Triple Paradiddle drum'; CC 'Triple Paradiddle practice pad'; CC 'Triple Paradiddle rudiment'; CC 'Triple Paradiddle snare'; CC 'Triple Paradiddle',vertical,7.69,True,,False,pick
16,Single Paradiddle,True,Kcr7ADQcVoA,https://www.youtube.com/watch?v=Kcr7ADQcVoA,🇧🇷🥁 Double Stroke Rolls/Single Paradiddles/🔥🔥🔥#drumpractice   @SoultoneCymbalsusa #paradiddle,Jorge Gabriel Gonçalves drummer ,https://www.youtube.com/channel/UCLZpKvJERRW7zlwNgp4sbHA,32,no,,CC-BY,Creative Commons Attribution license (reuse allowed),31,720,1280,30.0,False,20260914,824,three-quarter,yes,thumbnail (auto),0.87,,True,False,demo,CC 'single stroke rudiment',short; vertical,7.67,True,,False,pick
16,Single Paradiddle,True,qzRcMY_dyrk,https://www.youtube.com/watch?v=qzRcMY_dyrk,Sai VERAMENTE fare il PARADIDDLE? DIVERTITI STUDIANDO | Tama tsp10 (+ PDF Gratuito),The GasTube Drums,https://www.youtube.com/channel/UCMoO9UpH6tzNk0FyuQh30bw,51700,no,,CC-BY,Creative Commons Attribution license (reuse allowed),290,1920,1080,50.0,True,20180724,14848,unknown,one,thumbnail (auto),,,True,False,demo,CC 'Single Paradiddle practice pad'; CC 'Single Paradiddle-Diddle practice pad'; CC 'Triple Paradiddle practice pad',8 chapters,7.67,True,,False,pick
16,Single Paradiddle,True,gtp2JOT4fXc,https://www.youtube.com/watch?v=gtp2JOT4fXc,Single paradiddle & double paradiddle Luca Fortunato Drum Lucky 70bpm in terzine  - sedicesimi - H.H,Luca Fortunato Drum,https://www.youtube.com/channel/UCmiV9nU0Up1HOU8xukWFRZw,249,no,,CC-BY,Creative Commons Attribution license (reuse allowed),150,810,1440,30.0,False,20210204,38,three-quarter,yes,thumbnail (auto),0.7,70,True,False,demo,CC 'Double Paradiddle practice pad'; CC 'Single Paradiddle practice pad'; CC 'Single Paradiddle-Diddle practice pad'; CC 'Single Paradiddle-Diddle tutorial',vertical,7.64,True,,False,pick
16,Single Paradiddle,True,2ziw4bnoQLk,https://www.youtube.com/watch?v=2ziw4bnoQLk,Faites GROOVER votre PARADIDDLE 1 ◊ iZi Drumming ◊ BATTERIE MAGAZINE 178 ◊ Cours de Batterie,iZi Drumming,https://www.youtube.com/channel/UCnt6Uku5Ev05MuUMFGuEUQA,18500,no,,CC-BY,Creative Commons Attribution license (reuse allowed),663,1920,1080,25.0,False,20210226,5576,three-quarter,one,thumbnail (auto),0.53,,True,False,demo,CC 'paradiddle rudiment',,7.0,True,,False,pick
16,Single Paradiddle,True,0NZikqYDJ-E,https://www.youtube.com/watch?v=0NZikqYDJ-E,Rudimental Biobot. The Paradiddle at 200bpm.,Ali (Alipool),https://www.youtube.com/channel/UCIEg5pQYHacshaYoqwremCA,282,no,,CC-BY,Creative Commons Attribution license (reuse allowed),240,640,480,30.0,False,20150813,181,three-quarter,yes,thumbnail (auto),0.86,200,True,False,demo,CC 'Double Paradiddle lesson'; CC 'Double Paradiddle'; CC 'Flam Paradiddle drum'; CC 'Flam Paradiddle lesson'; CC 'Flam Paradiddle rudiment'; CC 'Flam Paradiddle snare'; CC 'Flam Paradiddle'; CC 'Flam Paradiddle-Diddle drum'; CC 'Flam Paradiddle-Diddle lesson'; CC 'Flam Paradiddle-Diddle rudiment'; ,,6.9,True,,False,pick
16,Single Paradiddle,True,fOnLoDOqc8k,https://www.youtube.com/watch?v=fOnLoDOqc8k,How to Play an Inward Paradiddle 🥁 (Quick and Easy),DrumScoresOnline,https://www.youtube.com/channel/UCqoX1-UytpZkOaWbeSitd4g,5440,no,,CC-BY,Creative Commons Attribution license (reuse allowed),13,720,1280,50.0,True,20250109,7392,hands only,one,thumbnail (auto),,,True,False,demo,CC 'Single Paradiddle tutorial',short; vertical,6.55,True,,False,pick
16,Single Paradiddle,True,hBmZC3S0iTs,https://www.youtube.com/watch?v=hBmZC3S0iTs,"Drop these into your warmup routine. Single, double and triple diddles. # #Drums #jazz  #paradiddle",Freddy Charles,https://www.youtube.com/channel/UC1xkrycozgUqLLCmwSSGAdA,1080,no,,CC-BY,Creative Commons Attribution license (reuse allowed),14,720,1280,30.0,False,20231031,322,three-quarter,yes,thumbnail (auto),0.79,,True,False,demo,CC 'Triple Paradiddle tutorial',short; vertical,6.5,True,,False,pick
16,Single Paradiddle,True,3mt44tHcQBM,https://www.youtube.com/watch?v=3mt44tHcQBM,Alex Barberis   Drag Paradiddle,Alex Barberis,https://www.youtube.com/channel/UCYT4rVqnc46Hd9gUR4FyHgQ,108,no,,CC-BY,Creative Commons Attribution license (reuse allowed),162,1920,1080,30.0,False,20160205,267,side,one,thumbnail (auto),0.29,,True,False,demo,CC 'Drag Paradiddle 1 drum'; CC 'Drag Paradiddle 1 lesson'; CC 'Drag Paradiddle 1 rudiment'; CC 'Drag Paradiddle 1 snare'; CC 'Drag Paradiddle 1 tutorial'; CC 'Drag Paradiddle 1'; CC 'Drag Paradiddle 2 drum'; CC 'Drag Paradiddle 2 lesson'; CC 'Drag Paradiddle 2 rudiment'; CC 'Drag Paradiddle 2 snare,,6.47,True,,False,pick
16,Single Paradiddle,True,I289LG5hTWI,https://www.youtube.com/watch?v=I289LG5hTWI,Wrapping up for the weekend. #drum #drumsolo #rudiments #traditional grip #singlestrokes #paradiddle,Freddy Charles,https://www.youtube.com/channel/UC1xkrycozgUqLLCmwSSGAdA,1080,no,,CC-BY,Creative Commons Attribution license (reuse allowed),83,720,1280,30.0,False,20231012,246,side,one,thumbnail (auto),0.07,,True,False,demo,CC 'drum rudiments'; CC 'marching snare rudiment',vertical,6.46,True,,False,pick
16,Single Paradiddle,True,AryWqSK_0Hw,https://www.youtube.com/watch?v=AryWqSK_0Hw,Sicco Kloosterman  -  how you can use a Paradiddle on the drums,Sicco Kloosterman ,https://www.youtube.com/channel/UCO2AVw-AMRYsTMlmul1B7EQ,41,no,,CC-BY,Creative Commons Attribution license (reuse allowed),31,600,480,24.0,False,20100213,231,three-quarter,yes,thumbnail (auto),0.92,,True,False,demo,CC 'Double Paradiddle drum'; CC 'Double Paradiddle rudiment'; CC 'Double Paradiddle snare'; CC 'Double Paradiddle'; CC 'Single Paradiddle drum'; CC 'Single Paradiddle lesson'; CC 'Single Paradiddle rudiment'; CC 'Single Paradiddle tutorial'; CC 'Single Paradiddle'; CC 'Single Paradiddle-Diddle drum',short,6.45,True,,False,pick
16,Single Paradiddle,True,Rmw4ypzmpas,https://www.youtube.com/watch?v=Rmw4ypzmpas,Doble Paradiddle,Beto Diaz,https://www.youtube.com/channel/UChUHSk7s2CRolgWBFCyzwrQ,6640,no,,CC-BY,Creative Commons Attribution license (reuse allowed),216,1920,1080,25.0,False,20230409,607,front,one,thumbnail (auto),1.67,,True,False,demo,CC 'Double Paradiddle rudiment'; CC 'Double Paradiddle'; CC 'Double Ratamacue practice pad'; CC 'Double Ratamacue'; CC 'Triple Ratamacue practice pad',,6.11,True,,False,pick
16,Single Paradiddle,True,mE0q6dX5Rhc,https://www.youtube.com/watch?v=mE0q6dX5Rhc,Paradiddle Sencillo,Elvis Cervantes,https://www.youtube.com/channel/UCMcNHCt3XFTdkljJgw7Ting,1730,no,,CC-BY,Creative Commons Attribution license (reuse allowed),333,1280,720,30.0,False,20200508,466,front,one,thumbnail (auto),2.19,,True,False,demo,CC 'Single Paradiddle-Diddle tutorial',,6.07,True,,False,pick
16,Single Paradiddle,True,c5C87KWFDs0,https://www.youtube.com/watch?v=c5C87KWFDs0,Paradiddle Drum Lesson 110–120 bpm,Brendan Murphy,https://www.youtube.com/channel/UC3GSWyxPy9r3_IIq9cGgjgw,701,no,,CC-BY,Creative Commons Attribution license (reuse allowed),1185,1920,1080,30.0,False,20240830,369,three-quarter,one,thumbnail (auto),0.78,90 100 110 112 114 116 118 120 124,True,False,demo,CC 'paradiddle diddle rudiment'; CC 'paradiddlediddle rudiment',13 chapters,6.03,True,,False,pick
16,Single Paradiddle,True,YHP1h17rnDc,https://www.youtube.com/watch?v=YHP1h17rnDc,Placing the accents along the subdivisions of the single paradiddle with alternating hands.,The Progress of drumming by Michael Lattanzio,https://www.youtube.com/channel/UCtCN438X7COwi7nvb75UVQw,103,no,,CC-BY,Creative Commons Attribution license (reuse allowed),185,1280,720,30.0,False,20230331,17,three-quarter,one,thumbnail (auto),0.71,,True,False,demo,CC 'Single Paradiddle snare',,6.0,True,,False,pick
16,Single Paradiddle,True,V2HLSJwiGu4,https://www.youtube.com/watch?v=V2HLSJwiGu4,Learn to Drum - Basic Drumming - Single Paradiddle,Adlib Tuition,https://www.youtube.com/channel/UC9lnLmmpWuk0l3XHsje0VQA,7,no,,CC-BY,Creative Commons Attribution license (reuse allowed),47,1920,1080,30.0,False,20181029,22,hands only,one,thumbnail (auto),,,True,False,demo,CC 'Single Paradiddle drum'; CC 'Single Paradiddle lesson'; CC 'Single Paradiddle rudiment'; CC 'Single Paradiddle snare'; CC 'Single Paradiddle tutorial'; CC 'Single Paradiddle'; CC 'Single Paradiddle-Diddle drum'; CC 'Single Paradiddle-Diddle lesson'; CC 'Single Paradiddle-Diddle rudiment'; CC 'Si,short,5.54,True,,False,pick
16,Single Paradiddle,True,vOLzV8dWCgw,https://www.youtube.com/watch?v=vOLzV8dWCgw,Vic Firth Rudiment Lessons: Single Paradiddle,Vic Firth,https://www.youtube.com/channel/UC9N2JaiIWYR2GEN1tgHAczA,634000,yes,known channel (vic firth),Standard,,352,1280,720,60.0,True,20110225,370920,three-quarter,yes,thumbnail (auto),0.78,,True,False,demo,'Single Paradiddle drum rudiment lesson'; 'Single Paradiddle rudiment'; 'vic firth Drag Paradiddle 1'; 'vic firth Drag Paradiddle 2'; 'vic firth Flam Paradiddle'; 'vic firth Lesson 25'; 'vic firth Single Flammed Mill'; 'vic firth Single Paradiddle'; 'vic firth Single Paradiddle-Diddle'; 'vic firth T,4 chapters,12.73,False,not Creative Commons (link only),False,pick
16,Single Paradiddle,True,yuMFfxa1FTo,https://www.youtube.com/watch?v=yuMFfxa1FTo,The Ultimate Paradiddle Lesson? (ALL Inversions),Drumeo,https://www.youtube.com/channel/UCBiJBaDaM3K6vPVggLhTyWA,5630000,yes,known channel (drumeo),Standard,,340,2560,1440,24.0,False,20220121,495181,three-quarter,yes,thumbnail (auto),0.58,,True,False,demo,'Double Paradiddle drum rudiment lesson'; 'Double Paradiddle rudiment practice pad'; 'Double Paradiddle rudiment'; 'Drag Paradiddle 1 drum rudiment lesson'; 'Drag Paradiddle 1 rudiment practice pad'; 'Drag Paradiddle 1 snare drum'; 'Drag Paradiddle 2 drum rudiment lesson'; 'Drag Paradiddle 2 rudimen,6 chapters,11.78,False,not Creative Commons (link only),False,pick
16,Single Paradiddle,True,TStI3MlOreI,https://www.youtube.com/watch?v=TStI3MlOreI,5-Minute Paradiddle Chop Workout (w/ ZackGrooves),Drumeo,https://www.youtube.com/channel/UCBiJBaDaM3K6vPVggLhTyWA,5630000,yes,known channel (drumeo),Standard,,506,2560,1440,24.0,False,20230526,410680,three-quarter,yes,thumbnail (auto),0.69,,True,False,demo,'Single Paradiddle-Diddle rudiment practice pad'; 'Triple Paradiddle drum rudiment lesson'; 'Triple Paradiddle rudiment practice pad'; 'paradiddle diddle rudiment'; 'paradiddle rudiment',6 chapters; mentions click or metronome,11.75,False,not Creative Commons (link only),False,pick
16,Single Paradiddle,True,h0OoVP6VgBE,https://www.youtube.com/watch?v=h0OoVP6VgBE,How To Play A Paradiddle - Drum Rudiment Lesson,Drumeo,https://www.youtube.com/channel/UCBiJBaDaM3K6vPVggLhTyWA,5630000,yes,known channel (drumeo),Standard,,76,2560,1440,24.0,False,20221213,361220,front,yes,thumbnail (auto),1.18,,True,False,demo,'Double Paradiddle drum rudiment lesson'; 'Drag Paradiddle 1 drum rudiment lesson'; 'Flam Paradiddle drum rudiment lesson'; 'Single Paradiddle drum rudiment lesson'; 'Single Paradiddle rudiment practice pad'; 'Single Paradiddle rudiment'; 'Single Paradiddle snare drum'; 'Single Paradiddle-Diddle dru,,11.22,False,not Creative Commons (link only),False,pick
16,Single Paradiddle,True,B1IQj83NCgI,https://www.youtube.com/watch?v=B1IQj83NCgI,Developing Paradiddle Speed - Free Drum Lessons,Drumeo,https://www.youtube.com/channel/UCBiJBaDaM3K6vPVggLhTyWA,5630000,yes,known channel (drumeo),Standard,,463,1920,1080,24.0,False,20140516,5136510,hands only,one,thumbnail (auto),,,True,False,demo,'Flam Paradiddle drum rudiment lesson'; 'Triple Paradiddle drum rudiment lesson'; 'paradiddle diddle rudiment'; 'paradiddle rudiment'; 'triple strokes rudiment',,10.68,False,not Creative Commons (link only),False,pick
16,Single Paradiddle,True,dLrqiO4-wmE,https://www.youtube.com/watch?v=dLrqiO4-wmE,How to play a paradiddle beat!  #shorts,Gordo Drummer,https://www.youtube.com/channel/UCPVHI-QWb0d3q06toEZkUAA,1160000,yes,1160k subscribers,CC-BY,Creative Commons Attribution license (reuse allowed),29,720,1280,60.0,True,20220520,12340,three-quarter,yes,thumbnail (auto),0.74,,True,False,"application (groove, fill or kit)",CC 'Single Paradiddle tutorial',short; vertical,10.14,False,"application (groove, fill or kit)",False,also found
16,Single Paradiddle,True,X6o4ILMJtA8,https://www.youtube.com/watch?v=X6o4ILMJtA8,【基礎練習】パラディドルとは？　what is the paradiddle?,Jazz drummer Kazuyoshi Kuroda,https://www.youtube.com/channel/UCUdBwGS04F--S5E4I36rt3Q,69800,no,,CC-BY,Creative Commons Attribution license (reuse allowed),667,1920,1080,30.0,False,20200721,39279,no player found,no,thumbnail (auto),,,True,False,demo,CC 'Drag Paradiddle 1 practice pad'; CC 'Drag Paradiddle 2 practice pad',6 chapters,6.84,False,no player or hands in the thumbnail,False,also found
16,Single Paradiddle,True,sfqC5CG5slw,https://www.youtube.com/watch?v=sfqC5CG5slw,Semana do Paradiddle - #5. Paradiddle Simples - INWARD,ESTUDE BATERIA,https://www.youtube.com/channel/UCVN6V8fPSRXg1UCWcotqkoA,2280,no,,CC-BY,Creative Commons Attribution license (reuse allowed),201,1280,720,60.0,True,20191001,61,no player found,no,thumbnail (auto),,,True,False,demo,CC 'Single Paradiddle-Diddle tutorial'; CC 'Single Paradiddle-Diddle'; CC 'how to play Single Paradiddle-Diddle',,6.72,False,no player or hands in the thumbnail,False,also found
16,Single Paradiddle,True,SNxxvruMjo0,https://www.youtube.com/watch?v=SNxxvruMjo0,Rudiments 201.  The Paradiddle.,Ali (Alipool),https://www.youtube.com/channel/UCIEg5pQYHacshaYoqwremCA,282,no,,CC-BY,Creative Commons Attribution license (reuse allowed),653,320,240,30.0,False,20121001,278,three-quarter,yes,thumbnail (auto),0.79,,True,False,demo,CC '9 stroke roll rudiment'; CC 'Double Paradiddle drum'; CC 'Double Paradiddle lesson'; CC 'Double Paradiddle rudiment'; CC 'Double Paradiddle snare'; CC 'Double Paradiddle'; CC 'Drag Paradiddle 1 drum'; CC 'Drag Paradiddle 1 lesson'; CC 'Drag Paradiddle 1 rudiment'; CC 'Drag Paradiddle 1 snare'; C,,6.48,False,only 240p,False,also found
16,Single Paradiddle,True,Gyc0w7XcO30,https://www.youtube.com/watch?v=Gyc0w7XcO30,Paradiddle Tree,playdashdrums,https://www.youtube.com/channel/UCDVv5-WFzVwQoQURSDL7LwA,61,no,,CC-BY,Creative Commons Attribution license (reuse allowed),23,320,240,30.0,False,20110730,640,hands only,yes,thumbnail (auto),,,True,False,demo,CC '13 stroke roll rudiment'; CC '17 stroke roll rudiment'; CC 'Double Drag Tap practice pad'; CC 'Double Drag Tap rudiment'; CC 'Double Paradiddle drum'; CC 'Double Paradiddle practice pad'; CC 'Double Paradiddle rudiment'; CC 'Double Paradiddle snare'; CC 'Double Paradiddle'; CC 'Drag practice pad,short,6.12,False,only 240p,False,also found
16,Single Paradiddle,True,srwFqaSc2RA,https://www.youtube.com/watch?v=srwFqaSc2RA,How To Play Single Paradiddle 👌// Drums Rudiment Lesson 🥰// #shorts#viral#trending#drums,INDIAN DRUMMER,https://www.youtube.com/channel/UCD-sTxwSMKeIV2uN7yAO1cA,28,no,,CC-BY,Creative Commons Attribution license (reuse allowed),42,1080,1080,30.0,False,20240810,442,no player found,no,thumbnail (auto),,,True,False,demo,CC 'Single Paradiddle tutorial'; CC 'drum rudiment tutorial',short,6.06,False,no player or hands in the thumbnail,False,also found
16,Single Paradiddle,True,knF4_vtwgDQ,https://www.youtube.com/watch?v=knF4_vtwgDQ,Paradiddle Series #2,Giovanni Garry,https://www.youtube.com/channel/UCFLtTSv4PTPNNZH4J2m7mtg,422,no,,CC-BY,Creative Commons Attribution license (reuse allowed),104,1280,720,30.0,False,20180214,87,no player found,no,thumbnail (auto),,,True,False,demo,CC 'Double Paradiddle drum'; CC 'Double Paradiddle rudiment'; CC 'Double Paradiddle snare'; CC 'Double Paradiddle'; CC 'Single Paradiddle drum'; CC 'Single Paradiddle-Diddle snare'; CC 'Triple Paradiddle drum'; CC 'Triple Paradiddle snare'; CC 'how to play Double Paradiddle',,5.78,False,no player or hands in the thumbnail,False,also found
16,Single Paradiddle,True,iaV1SDyJoQ0,https://www.youtube.com/watch?v=iaV1SDyJoQ0,40 Rudimentos.    II - DIDDLE RUDIMENTS.      16. Single Paradiddle,ESTUDE BATERIA,https://www.youtube.com/channel/UCVN6V8fPSRXg1UCWcotqkoA,2280,no,,CC-BY,Creative Commons Attribution license (reuse allowed),56,1920,1080,30.0,False,20200428,74,no player found,no,thumbnail (auto),,,True,False,demo,CC '10 stroke roll rudiment'; CC '11 stroke roll rudiment'; CC '40 drum rudiments'; CC '6 stroke roll rudiment'; CC '7 stroke roll rudiment'; CC 'Double Paradiddle rudiment'; CC 'Eleven Stroke Roll drum'; CC 'Eleven Stroke Roll lesson'; CC 'Eleven Stroke Roll rudiment'; CC 'Eleven Stroke Roll snare',short,5.75,False,no player or hands in the thumbnail,False,also found
16,Single Paradiddle,True,z0p_jUovOJM,https://www.youtube.com/watch?v=z0p_jUovOJM,INWARD PARADIDDLE (feat. Left Hand),Sala de Música (Musikalische Bildung),https://www.youtube.com/channel/UC_ULWaD7VUirmHaqBIvmyAg,9,no,,CC-BY,Creative Commons Attribution license (reuse allowed),48,1920,1080,25.0,False,20210724,15,no player found,no,thumbnail (auto),,,True,False,demo,CC 'Single Paradiddle snare'; CC 'Single Paradiddle',short,5.48,False,no player or hands in the thumbnail,False,also found
16,Single Paradiddle,True,yPKuYG-FwYk,https://www.youtube.com/watch?v=yPKuYG-FwYk,Learn to Drum - Basic Drumming - Paradiddle Groove,Adlib Tuition,https://www.youtube.com/channel/UC9lnLmmpWuk0l3XHsje0VQA,7,no,,CC-BY,Creative Commons Attribution license (reuse allowed),104,1920,1080,30.0,False,20181119,163,side,yes,thumbnail (auto),0.2,,True,False,"application (groove, fill or kit)",CC 'Double Paradiddle drum'; CC 'Double Paradiddle lesson'; CC 'Double Paradiddle rudiment'; CC 'Double Paradiddle snare'; CC 'Double Paradiddle'; CC 'Single Paradiddle drum'; CC 'Single Paradiddle lesson'; CC 'Single Paradiddle rudiment'; CC 'Single Paradiddle snare'; CC 'Single Paradiddle tutorial,,5.39,False,"application (groove, fill or kit)",False,also found
16,Single Paradiddle,True,Z8I7l7yqzfY,https://www.youtube.com/watch?v=Z8I7l7yqzfY,SINGLE PARADIDDLE (feat. Left Hand) 👀,Sala de Música (Musikalische Bildung),https://www.youtube.com/channel/UC_ULWaD7VUirmHaqBIvmyAg,9,no,,CC-BY,Creative Commons Attribution license (reuse allowed),46,1920,1080,25.0,False,20210722,6,no player found,no,thumbnail (auto),,,True,False,demo,CC 'Single Paradiddle lesson'; CC 'Single Paradiddle tutorial'; CC 'Single Paradiddle',short,5.34,False,no player or hands in the thumbnail,False,also found
16,Single Paradiddle,True,egS51XzW3Gc,https://www.youtube.com/watch?v=egS51XzW3Gc,Warm-up using#paradiddle🔥🔥#rudiments with accents #drummer @SoultoneCymbalsusa #drumpractice 🇧🇷,Jorge Gabriel Gonçalves drummer ,https://www.youtube.com/channel/UCLZpKvJERRW7zlwNgp4sbHA,32,no,,CC-BY,Creative Commons Attribution license (reuse allowed),19,638,360,30.0,False,20260917,65,three-quarter,yes,thumbnail (auto),0.94,,True,False,demo,CC 'Single Paradiddle drum'; CC 'Single Paradiddle practice pad'; CC 'Single Paradiddle rudiment'; CC 'Single Paradiddle'; CC 'Single Paradiddle-Diddle drum'; CC 'Single Paradiddle-Diddle practice pad'; CC 'Single Paradiddle-Diddle rudiment'; CC 'drum rudiments'; CC 'paradiddle diddle rudiment'; CC ,short,5.23,False,only 360p,False,also found
16,Single Paradiddle,True,Tx1LINio_p0,https://www.youtube.com/watch?v=Tx1LINio_p0,Playing Some Paradiddle Based Grooves,David Krautscheid,https://www.youtube.com/channel/UCbvz_0T-re4D7oXSBCektpg,1470,no,,CC-BY,Creative Commons Attribution license (reuse allowed),262,1280,720,30.0,False,20210214,43,three-quarter,yes,thumbnail (auto),0.76,,True,False,"application (groove, fill or kit)",CC 'paradiddle rudiment',,5.16,False,"application (groove, fill or kit)",False,also found
16,Single Paradiddle,True,uHp9ON0FR2Y,https://www.youtube.com/watch?v=uHp9ON0FR2Y,Turning Rudiments Into Grooves Part I - The Paradiddle,Lone Star School of Music,https://www.youtube.com/channel/UCGcNWSaQ-koKLiFkL3UI1ZA,630,no,,CC-BY,Creative Commons Attribution license (reuse allowed),444,1920,1080,30.0,False,20181230,44,three-quarter,yes,thumbnail (auto),0.79,,True,False,"application (groove, fill or kit)",CC '40 drum rudiments'; CC 'Double Paradiddle rudiment'; CC 'Ten Stroke Roll lesson'; CC 'Ten Stroke Roll rudiment'; CC 'Ten Stroke Roll tutorial'; CC 'drum rudiment lesson'; CC 'drum rudiments'; CC 'how to play Ten Stroke Roll'; CC 'how to play Triple Paradiddle'; CC 'paradiddle diddle rudiment'; C,,5.16,False,"application (groove, fill or kit)",False,also found
16,Single Paradiddle,True,Fwf6yDLdd1A,https://www.youtube.com/watch?v=Fwf6yDLdd1A,기적의 드러밍(권낙주 드럼교재)맛보기 영상04- p102 파라디들 리듬 & 그루브/#드럼레슨 #기초레슨 #중급레슨 #드럼교재 #기적의 드러밍,권낙주의 옥토뮤직(octomusic-knj),https://www.youtube.com/channel/UChVcO6WOx6jQd7MxdqUNhdw,9410,no,,CC-BY,Creative Commons Attribution license (reuse allowed),648,1920,1080,30.0,False,20210813,696,front,yes,thumbnail (auto),2.3,,False,False,demo,CC 'hybrid rudiment',,5.14,False,title does not name this rudiment,False,also found
16,Single Paradiddle,True,NVGvdM4XcI0,https://www.youtube.com/watch?v=NVGvdM4XcI0,Alex Jadi - Extreme paradiddle groove part 1 and 2 (played on the right side),AlexJadidrummer,https://www.youtube.com/channel/UCFir93zb75e_c_oJCz4D_CQ,307,no,,CC-BY,Creative Commons Attribution license (reuse allowed),405,640,480,30.0,False,20110715,2945,front,yes,thumbnail (auto),1.26,100,True,False,"application (groove, fill or kit)",CC 'Double Paradiddle drum'; CC 'Double Paradiddle lesson'; CC 'Single Paradiddle drum'; CC 'Single Paradiddle-Diddle drum'; CC 'Single Paradiddle-Diddle'; CC 'Triple Paradiddle drum'; CC 'Triple Paradiddle',5 chapters,4.89,False,"application (groove, fill or kit)",False,also found
16,Single Paradiddle,True,ccg5igUr_AE,https://www.youtube.com/watch?v=ccg5igUr_AE,Drum fills - Paradiddle groove and Sixtuplets - Alessandro Cafagna,"Alessandro ""Kafa"" Cafagna (Official Channel)",https://www.youtube.com/channel/UCEQlndf6JC6S5B4mCUDwKuQ,1930,no,,CC-BY,Creative Commons Attribution license (reuse allowed),26,1920,1080,24.0,False,20211231,114,front,yes,thumbnail (auto),1.33,,True,False,"application (groove, fill or kit)",CC '5 stroke roll rudiment'; CC '6 stroke roll rudiment'; CC 'Double Paradiddle drum'; CC 'Double Paradiddle rudiment'; CC 'Double Paradiddle snare'; CC 'Six Stroke Roll drum'; CC 'Six Stroke Roll lesson'; CC 'Six Stroke Roll rudiment'; CC 'Six Stroke Roll'; CC 'Triple Paradiddle drum'; CC 'how to p,short; mentions click or metronome,4.82,False,"application (groove, fill or kit)",False,also found
16,Single Paradiddle,True,3p0SixDzjQc,https://www.youtube.com/watch?v=3p0SixDzjQc,Easy Paradiddle Drum Fill for Beginners! 🥁🥁,DrumScoresOnline,https://www.youtube.com/channel/UCqoX1-UytpZkOaWbeSitd4g,5440,no,,CC-BY,Creative Commons Attribution license (reuse allowed),16,720,1280,50.0,True,20241221,5085,no player found,no,thumbnail (auto),,,True,False,"application (groove, fill or kit)",CC 'Single Paradiddle tutorial',short; vertical,4.48,False,"application (groove, fill or kit); no player or hands in the thumbnail",False,also found
16,Single Paradiddle,True,n8LOaUUmy_c,https://www.youtube.com/watch?v=n8LOaUUmy_c,"Drum Solo, Practice, Jam 17- Paradiddle, Double/Triple, Rudiments | Progress | Hand Speed | Techno",CEEF Music,https://www.youtube.com/channel/UCJkGuQT5PnOtkDp2tzxnS2Q,1360,no,,CC-BY,Creative Commons Attribution license (reuse allowed),444,1920,1080,30.0,False,20200703,47,three-quarter,one,thumbnail (auto),0.65,,True,False,"application (groove, fill or kit)",CC '17 stroke roll rudiment'; CC 'Double Paradiddle drum'; CC 'Double Paradiddle snare'; CC 'Seventeen Stroke Roll drum'; CC 'Seventeen Stroke Roll rudiment'; CC 'Seventeen Stroke Roll'; CC 'Single Paradiddle drum'; CC 'Single Paradiddle-Diddle snare'; CC 'Triple Paradiddle drum'; CC 'Triple Paradid,mentions click or metronome,4.17,False,"application (groove, fill or kit)",False,also found
16,Single Paradiddle,True,hXjjM8jvGxk,https://www.youtube.com/watch?v=hXjjM8jvGxk,Paradiddle-Diddles Groove.,Cláudio Felix,https://www.youtube.com/channel/UCxnb4njjbdVVfKy5_6oLuqA,11500,no,,CC-BY,Creative Commons Attribution license (reuse allowed),51,1280,720,30.0,False,20190827,377,unknown,no,thumbnail (auto),,,True,False,"application (groove, fill or kit)",CC 'Double Paradiddle'; CC 'Single Paradiddle lesson'; CC 'Single Paradiddle rudiment'; CC 'Single Paradiddle snare'; CC 'Single Paradiddle'; CC 'Single Paradiddle-Diddle drum'; CC 'Single Paradiddle-Diddle lesson'; CC 'Single Paradiddle-Diddle rudiment'; CC 'Single Paradiddle-Diddle snare'; CC 'Sin,short,4.03,False,"application (groove, fill or kit); no player or hands in the thumbnail",False,also found
16,Single Paradiddle,True,9xsRgw9ZPZ0,https://www.youtube.com/watch?v=9xsRgw9ZPZ0,Linear Paradiddle Funk Intro,Alan Hall's Drum Teaching Videos,https://www.youtube.com/channel/UCD-GE-pTfsvTiCzk-15GTKQ,329,no,,CC-BY,Creative Commons Attribution license (reuse allowed),81,1920,1080,30.0,False,20200407,100,unknown,no,thumbnail (auto),,,True,False,"application (groove, fill or kit)",CC 'Double Paradiddle drum'; CC 'Double Paradiddle rudiment'; CC 'Double Paradiddle snare'; CC 'Double Paradiddle'; CC 'Single Paradiddle drum'; CC 'Single Paradiddle lesson'; CC 'Single Paradiddle rudiment'; CC 'Single Paradiddle snare'; CC 'Single Paradiddle tutorial'; CC 'Single Paradiddle-Diddle,6 chapters,3.8,False,"application (groove, fill or kit); no player or hands in the thumbnail",False,also found
16,Single Paradiddle,True,1o7lh5b53go,https://www.youtube.com/watch?v=1o7lh5b53go,"Paradiddle Fill Beat, Paradiddles-Short-Fill.wmv",playdashdrums,https://www.youtube.com/channel/UCDVv5-WFzVwQoQURSDL7LwA,61,no,,CC-BY,Creative Commons Attribution license (reuse allowed),26,320,240,30.0,False,20110730,979,hands only,one,thumbnail (auto),,,True,False,"application (groove, fill or kit)",CC 'Double Paradiddle drum'; CC 'Double Paradiddle rudiment'; CC 'Double Paradiddle snare'; CC 'Double Paradiddle'; CC 'Flam Paradiddle drum'; CC 'Flam Paradiddle snare'; CC 'Flam Paradiddle-Diddle drum'; CC 'Flam Paradiddle-Diddle lesson'; CC 'Flam Paradiddle-Diddle rudiment'; CC 'Flam Paradiddle-D,short,3.2,False,"application (groove, fill or kit); only 240p",False,also found
16,Single Paradiddle,True,XUi34p_SBpk,https://www.youtube.com/watch?v=XUi34p_SBpk,"26  Rudiments on the Drums, Vol. 8:  Single Paradiddle  #shorts #drums #beats #music",Good Muse Music,https://www.youtube.com/channel/UC40V15LDtWqQ7_dhUntOSZA,7420,no,,CC-BY,Creative Commons Attribution license (reuse allowed),7,720,900,30.0,False,20250118,487,no player found,no,thumbnail (auto),,,True,False,"application (groove, fill or kit)",CC 'Single Paradiddle tutorial'; CC 'drum rudiment tutorial',short; vertical,3.08,False,"application (groove, fill or kit); no player or hands in the thumbnail",False,also found
16,Single Paradiddle,True,7e7z3oO74GA,https://www.youtube.com/watch?v=7e7z3oO74GA,Single Paradiddle - Luca Fortunato - Drum Lucky - with ostinato 2 kicks Bass drum and hi hat -70 bpm,Luca Fortunato Drum,https://www.youtube.com/channel/UCmiV9nU0Up1HOU8xukWFRZw,249,no,,CC-BY,Creative Commons Attribution license (reuse allowed),128,720,1280,30.0,False,20210205,28,three-quarter,yes,thumbnail (auto),0.92,70,True,False,feet or kit (not hands on a pad),CC 'Double Paradiddle practice pad'; CC 'Single Paradiddle drum'; CC 'Single Paradiddle practice pad'; CC 'Single Paradiddle'; CC 'Single Paradiddle-Diddle practice pad'; CC 'Single Paradiddle-Diddle snare',vertical,2.58,False,feet or kit (not hands on a pad),False,also found
16,Single Paradiddle,True,CAL1tTe66u4,https://www.youtube.com/watch?v=CAL1tTe66u4,Beginners Rope Flow | The Paradiddle Pattern 🥁,Tim's Gym,https://www.youtube.com/channel/UCQaxpPq7Ztx3EKhzip_QIXQ,50200,no,,CC-BY,Creative Commons Attribution license (reuse allowed),235,2560,1440,30.0,False,20231219,5962,three-quarter,no,thumbnail (auto),0.82,,True,False,other instrument or animation,CC 'Triple Paradiddle drum'; CC 'Triple Paradiddle rudiment'; CC 'Triple Paradiddle tutorial'; CC 'paradiddle diddle rudiment'; CC 'paradiddle rudiment'; CC 'paradiddlediddle rudiment',,2.01,False,other instrument or animation; no player or hands in the thumbnail,False,also found
16,Single Paradiddle,True,KZACGWg259g,https://www.youtube.com/watch?v=KZACGWg259g,Paradiddle drum rudiment as 3D bouncing visuals with Bounce Metronome Pro,robertinventor,https://www.youtube.com/channel/UCoDTNY169IIPUivH0sI9rrw,11300,no,,CC-BY,Creative Commons Attribution license (reuse allowed),140,1280,720,30.0,False,20130309,2539,no player found,no,thumbnail (auto),,,True,False,other instrument or animation,CC '11 stroke roll rudiment'; CC '13 stroke roll rudiment'; CC 'Double Paradiddle drum'; CC 'Double Paradiddle rudiment'; CC 'Double Paradiddle'; CC 'Eleven Stroke Roll rudiment'; CC 'Single Paradiddle drum'; CC 'Single Paradiddle rudiment'; CC 'Single Paradiddle'; CC 'Single Paradiddle-Diddle drum',mentions click or metronome,1.36,False,other instrument or animation; no player or hands in the thumbnail,False,also found
16,Single Paradiddle,True,Q8xVzaAJ2Vg,https://www.youtube.com/watch?v=Q8xVzaAJ2Vg,Paradiddle with Bounce Metronome Pro,robertinventor,https://www.youtube.com/channel/UCoDTNY169IIPUivH0sI9rrw,11300,no,,CC-BY,Creative Commons Attribution license (reuse allowed),23,1280,720,30.0,False,20110522,2164,no player found,no,thumbnail (auto),,,True,False,other instrument or animation,CC 'Drag Paradiddle 2 drum'; CC 'Drag Paradiddle 2 rudiment'; CC 'Drag Paradiddle 2 snare'; CC 'Drag Paradiddle 2 tutorial'; CC 'Drag Paradiddle 2'; CC 'Single Paradiddle tutorial'; CC 'Single Paradiddle'; CC 'Single Paradiddle-Diddle tutorial'; CC 'Single Paradiddle-Diddle'; CC 'Triple Paradiddle';,short; mentions click or metronome,1.33,False,other instrument or animation; no player or hands in the thumbnail,False,also found
16,Single Paradiddle,True,RskZ9cGYlHI,https://www.youtube.com/watch?v=RskZ9cGYlHI,Paradiddle - Bounce Metronome Pro - drum rudiment,robertinventor,https://www.youtube.com/channel/UCoDTNY169IIPUivH0sI9rrw,11300,no,,CC-BY,Creative Commons Attribution license (reuse allowed),31,1280,720,30.0,False,20110330,448,no player found,no,thumbnail (auto),,,True,False,other instrument or animation,CC '5 stroke roll rudiment'; CC '9 stroke roll rudiment'; CC 'Double Paradiddle rudiment'; CC 'Nine Stroke Roll rudiment'; CC 'Nine Stroke Roll'; CC 'Single Paradiddle drum'; CC 'Single Paradiddle lesson'; CC 'Single Paradiddle rudiment'; CC 'Single Paradiddle tutorial'; CC 'Single Paradiddle'; CC ',short; mentions click or metronome,1.06,False,other instrument or animation; no player or hands in the thumbnail,False,also found
16,Single Paradiddle,True,XqDRqYOiFJc,https://www.youtube.com/watch?v=XqDRqYOiFJc,Finger Drumming Lesson 10 Paradiddle,versatile rhythms,https://www.youtube.com/channel/UCg_Qick3-E4iWe6ZqcBnptA,61,no,,CC-BY,Creative Commons Attribution license (reuse allowed),116,1920,1080,30.0,False,20191205,235,no player found,no,thumbnail (auto),,,True,False,other instrument or animation,CC 'Multiple Bounce Roll practice pad'; CC 'Triple Paradiddle lesson'; CC 'Triple Paradiddle practice pad'; CC 'Triple Paradiddle snare'; CC 'Triple Paradiddle tutorial'; CC 'paradiddle diddle rudiment'; CC 'paradiddle rudiment'; CC 'paradiddlediddle rudiment',,0.95,False,other instrument or animation; no player or hands in the thumbnail,False,also found
16,Single Paradiddle,True,-imiZIrGwXE,https://www.youtube.com/watch?v=-imiZIrGwXE,Single Paradiddle - Drum Rudiment Lesson (Drumeo),Drumeo,https://www.youtube.com/channel/UCBiJBaDaM3K6vPVggLhTyWA,5630000,yes,known channel (drumeo),Standard,,98,1920,1080,24.0,False,20161209,190452,three-quarter,one,thumbnail (auto),0.87,,True,False,demo,'Single Paradiddle drum rudiment lesson'; 'Single Paradiddle rudiment practice pad'; 'Single Paradiddle rudiment'; 'Single Paradiddle snare drum'; 'Single Paradiddle-Diddle drum rudiment lesson'; 'Single Paradiddle-Diddle rudiment'; 'paradiddle rudiment',5 chapters,10.61,False,not Creative Commons (link only),False,also found
16,Single Paradiddle,True,c27TCLyCHSM,https://www.youtube.com/watch?v=c27TCLyCHSM,Single Paradiddle: Vic Firth Rudiment Playalong,Vic Firth,https://www.youtube.com/channel/UC9N2JaiIWYR2GEN1tgHAczA,634000,yes,known channel (vic firth),Standard,,375,1280,720,30.0,False,20130405,749145,no player found,no,thumbnail (auto),,,True,False,demo,'Flam Paradiddle drum rudiment lesson'; 'Single Paradiddle drum rudiment lesson'; 'Single Paradiddle rudiment practice pad'; 'Single Paradiddle rudiment'; 'Single Paradiddle snare drum'; 'Single Paradiddle-Diddle drum rudiment lesson'; 'Single Paradiddle-Diddle rudiment practice pad'; 'Single Paradi,,10.35,False,not Creative Commons (link only),False,also found
16,Single Paradiddle,True,oL8nfBJTc4U,https://www.youtube.com/watch?v=oL8nfBJTc4U,Play Better Drums: Paradiddle Fill Ideas - Part 1,Vic Firth,https://www.youtube.com/channel/UC9N2JaiIWYR2GEN1tgHAczA,634000,yes,known channel (vic firth),Standard,,702,1920,1080,25.0,False,20150921,226298,side,yes,thumbnail (auto),0.4,,True,False,"application (groove, fill or kit)",'vic firth Triple Paradiddle',5 chapters,9.64,False,not Creative Commons (link only),False,also found
16,Single Paradiddle,True,Px5AWOL283s,https://www.youtube.com/watch?v=Px5AWOL283s,Single Paradiddle Rudiment Applications - Drum Lesson (DRUMEO),Drumeo,https://www.youtube.com/channel/UCBiJBaDaM3K6vPVggLhTyWA,5630000,yes,known channel (drumeo),Standard,,530,1920,1080,30.0,False,20111217,185856,three-quarter,one,thumbnail (auto),0.67,,True,False,"application (groove, fill or kit)",'Single Paradiddle drum rudiment lesson'; 'Single Paradiddle rudiment',5 chapters,8.61,False,not Creative Commons (link only),False,also found
16,Single Paradiddle,True,IHcqpB7fuYw,https://www.youtube.com/watch?v=IHcqpB7fuYw,Paradiddle Hand/Foot Grooves,Vic Firth,https://www.youtube.com/channel/UC9N2JaiIWYR2GEN1tgHAczA,634000,yes,known channel (vic firth),Standard,,426,1280,720,30.0,False,20150604,1245390,hands only,yes,thumbnail (auto),,,True,False,feet or kit (not hands on a pad),'vic firth Single Paradiddle-Diddle'; 'vic firth Triple Paradiddle',,6.44,False,not Creative Commons (link only),False,also found
17,Double Paradiddle,True,2ru0dMv6Dqo,https://www.youtube.com/watch?v=2ru0dMv6Dqo,How to play a DOUBLE PARADIDDLE 🥁 (Quick and Easy),DrumScoresOnline,https://www.youtube.com/channel/UCqoX1-UytpZkOaWbeSitd4g,5440,no,,CC-BY,Creative Commons Attribution license (reuse allowed),11,720,1280,50.0,True,20241114,11944,front,yes,thumbnail (auto),1.22,,True,False,demo,CC 'Double Paradiddle tutorial'; CC 'Triple Paradiddle tutorial',short; vertical,7.63,True,,False,pick
17,Double Paradiddle,True,rOl0Jn4ZtqI,https://www.youtube.com/watch?v=rOl0Jn4ZtqI,Learn to Drum -  Basic Drumming - Double Paradiddle,Adlib Tuition,https://www.youtube.com/channel/UC9lnLmmpWuk0l3XHsje0VQA,7,no,,CC-BY,Creative Commons Attribution license (reuse allowed),55,1920,1080,30.0,False,20181105,58,side,yes,thumbnail (auto),0.34,,True,False,demo,CC 'Double Paradiddle drum'; CC 'Double Paradiddle lesson'; CC 'Double Paradiddle rudiment'; CC 'Double Paradiddle snare'; CC 'Double Paradiddle tutorial'; CC 'Double Paradiddle'; CC 'drum rudiment tutorial'; CC 'paradiddle diddle rudiment'; CC 'paradiddlediddle rudiment'; CC 'rudiment of the week',short,7.21,True,,False,pick
17,Double Paradiddle,True,0WLdYNjZlL0,https://www.youtube.com/watch?v=0WLdYNjZlL0,ダブルパラディドル Double Paradiddle,山背ドラムメソッド　世界最大のフレーズ集(再生リスト)、進化するモーラー奏法とグルーヴ解説,https://www.youtube.com/channel/UCrYpF0pFjQHm7P_ItcyvbKw,6040,no,,CC-BY,Creative Commons Attribution license (reuse allowed),279,1920,1080,30.0,False,20140316,10274,three-quarter,one,thumbnail (auto),0.68,,True,False,demo,CC 'Double Paradiddle',,7.1,True,,False,pick
17,Double Paradiddle,True,raDIUBtgvbU,https://www.youtube.com/watch?v=raDIUBtgvbU,Ever Tried a Double Paradiddle Like This?? #drums #rudiments,Kseniia Levchenko ,https://www.youtube.com/channel/UCQIZrdDpnkHsu62yWX65vsA,320,no,,CC-BY,Creative Commons Attribution license (reuse allowed),24,720,1280,30.0,False,20241212,855,side,one,thumbnail (auto),0.2,,True,False,demo,CC 'Double Paradiddle tutorial'; CC 'drum rudiment tutorial',short; vertical,6.67,True,,False,pick
17,Double Paradiddle,True,i75E1o76NR4,https://www.youtube.com/watch?v=i75E1o76NR4,Double Paradiddle Rudiment .RLRLRR LRLRLL,The Progress of drumming by Michael Lattanzio,https://www.youtube.com/channel/UCtCN438X7COwi7nvb75UVQw,103,no,,CC-BY,Creative Commons Attribution license (reuse allowed),400,854,480,25.0,False,20170121,58,three-quarter,yes,thumbnail (auto),0.68,,True,False,demo,CC '40 drum rudiments'; CC 'Double Paradiddle drum'; CC 'Double Paradiddle lesson'; CC 'Double Paradiddle practice pad'; CC 'Double Paradiddle rudiment'; CC 'Double Paradiddle snare'; CC 'Double Paradiddle'; CC 'Five Stroke Roll rudiment'; CC 'Flam Paradiddle lesson'; CC 'Flam Paradiddle practice pa,,6.21,True,,False,pick
17,Double Paradiddle,True,m_7AOM-z3is,https://www.youtube.com/watch?v=m_7AOM-z3is,Drummer 문요한 - Paradiddle & Double Paradiddle 기본응용필인,문요한 Drum Company,https://www.youtube.com/channel/UC5RAUaO3NR1TwINdl7BFsSw,2080,no,,CC-BY,Creative Commons Attribution license (reuse allowed),136,640,480,30.0,False,20140724,3826,hands only,one,thumbnail (auto),,,True,False,demo,CC 'Double Paradiddle drum'; CC 'Double Paradiddle',,5.43,True,,False,pick
17,Double Paradiddle,True,6C4vcZdFuSc,https://www.youtube.com/watch?v=6C4vcZdFuSc,Double Paradiddle - Drum Rudiment Lesson (Drumeo),Drumeo,https://www.youtube.com/channel/UCBiJBaDaM3K6vPVggLhTyWA,5630000,yes,known channel (drumeo),Standard,,133,1920,1080,24.0,False,20161209,122723,three-quarter,yes,thumbnail (auto),0.85,,True,False,demo,'Double Paradiddle drum rudiment lesson'; 'Double Paradiddle rudiment practice pad'; 'Double Paradiddle rudiment'; 'Double Paradiddle snare drum'; 'vic firth Double Paradiddle',,11.54,False,not Creative Commons (link only),False,pick
17,Double Paradiddle,True,lvYCimjEdps,https://www.youtube.com/watch?v=lvYCimjEdps,Vic Firth Rudiment Lessons: Double Paradiddle,Vic Firth,https://www.youtube.com/channel/UC9N2JaiIWYR2GEN1tgHAczA,634000,yes,known channel (vic firth),Standard,,303,1280,720,30.0,False,20110430,66722,three-quarter,yes,thumbnail (auto),0.86,,True,False,demo,'Double Paradiddle drum rudiment lesson'; 'Double Paradiddle rudiment'; 'Double Paradiddle snare drum'; 'vic firth Double Paradiddle'; 'vic firth Drag Paradiddle 2',5 chapters,11.43,False,not Creative Commons (link only),False,pick
17,Double Paradiddle,True,f50fPZz7exM,https://www.youtube.com/watch?v=f50fPZz7exM,Double Paradiddle: Rudiment Breakdown by Dr. John Wooton,Vic Firth,https://www.youtube.com/channel/UC9N2JaiIWYR2GEN1tgHAczA,634000,yes,known channel (vic firth),Standard,,94,1920,1080,30.0,False,20120413,13565,three-quarter,yes,thumbnail (auto),0.8,,True,False,demo,'vic firth Double Paradiddle',,11.15,False,not Creative Commons (link only),False,pick
17,Double Paradiddle,True,glbCmUgOaKI,https://www.youtube.com/watch?v=glbCmUgOaKI,How To Play A Double Paradiddle On The Drums - Drum Rudiment Lesson,Drumeo,https://www.youtube.com/channel/UCBiJBaDaM3K6vPVggLhTyWA,5630000,yes,known channel (drumeo),Standard,,225,2560,1440,24.0,False,20230312,12666,three-quarter,yes,thumbnail (auto),0.59,,True,False,demo,'Double Paradiddle drum rudiment lesson'; 'Double Paradiddle rudiment'; 'Double Paradiddle snare drum',,11.14,False,not Creative Commons (link only),False,pick
17,Double Paradiddle,True,_DkpHe5TZWk,https://www.youtube.com/watch?v=_DkpHe5TZWk,How To Play A Double Paradiddle - Drum Rudiment Lesson,Drumeo,https://www.youtube.com/channel/UCBiJBaDaM3K6vPVggLhTyWA,5630000,yes,known channel (drumeo),Standard,,127,2560,1440,24.0,False,20221213,126114,front,yes,thumbnail (auto),1.2,,True,False,demo,'Double Paradiddle drum rudiment lesson'; 'Double Paradiddle rudiment practice pad'; 'Double Paradiddle rudiment'; 'Double Paradiddle snare drum'; 'Drag Paradiddle 2 drum rudiment lesson'; 'Single Paradiddle-Diddle drum rudiment lesson'; 'Triple Paradiddle drum rudiment lesson'; 'Triple Paradiddle s,5 chapters,11.04,False,not Creative Commons (link only),False,pick
17,Double Paradiddle,True,jyuBLVRx994,https://www.youtube.com/watch?v=jyuBLVRx994,Double Paradiddle,robertinventor,https://www.youtube.com/channel/UCoDTNY169IIPUivH0sI9rrw,11300,no,,CC-BY,Creative Commons Attribution license (reuse allowed),26,1280,720,30.0,False,20110522,1836,three-quarter,no,thumbnail (auto),0.79,,True,False,demo,CC 'Double Paradiddle drum'; CC 'Double Paradiddle lesson'; CC 'Double Paradiddle practice pad'; CC 'Double Paradiddle rudiment'; CC 'Double Paradiddle tutorial'; CC 'Double Paradiddle'; CC 'Drag Paradiddle 1 lesson'; CC 'Drag Paradiddle 1 practice pad'; CC 'Drag Paradiddle 1 tutorial'; CC 'Drag Par,short; mentions click or metronome,6.81,False,no player or hands in the thumbnail,False,also found
17,Double Paradiddle,True,dIQ9wDBby4k,https://www.youtube.com/watch?v=dIQ9wDBby4k,Rudiments 101.  The Double Paradiddle Diddle.,Ali (Alipool),https://www.youtube.com/channel/UCIEg5pQYHacshaYoqwremCA,282,no,,CC-BY,Creative Commons Attribution license (reuse allowed),608,320,240,30.0,False,20120515,1264,hands only,yes,thumbnail (auto),,,True,False,demo,CC '17 stroke roll rudiment'; CC '40 drum rudiments'; CC '9 stroke roll rudiment'; CC 'Double Paradiddle drum'; CC 'Double Paradiddle lesson'; CC 'Double Paradiddle rudiment'; CC 'Double Paradiddle snare'; CC 'Double Paradiddle tutorial'; CC 'Double Paradiddle'; CC 'Double Ratamacue drum'; CC 'Doubl,,6.24,False,only 240p,False,also found
17,Double Paradiddle,True,VQjYemHK5lY,https://www.youtube.com/watch?v=VQjYemHK5lY,[爵士鼓進階課程]☆☆☆Double Paradiddle Lesson 2 - 應用/過門/節奏延伸,null,https://www.youtube.com/channel/UCoiP3HEJH-eicv8O3AqW1AA,17300,no,,CC-BY,Creative Commons Attribution license (reuse allowed),301,1920,1080,30.0,False,20221217,843,no player found,no,thumbnail (auto),,,True,False,demo,CC 'Double Paradiddle rudiment'; CC 'Double Paradiddle snare'; CC 'Double Paradiddle',7 chapters,6.17,False,no player or hands in the thumbnail,False,also found
17,Double Paradiddle,True,IXNu5xzS0PA,https://www.youtube.com/watch?v=IXNu5xzS0PA,Double Paradiddle,null,https://www.youtube.com/channel/UCoiP3HEJH-eicv8O3AqW1AA,17300,no,,CC-BY,Creative Commons Attribution license (reuse allowed),60,1920,1080,30.0,False,20190426,90,no player found,no,thumbnail (auto),,,True,False,demo,CC 'Double Paradiddle drum'; CC 'Double Paradiddle lesson'; CC 'Double Paradiddle rudiment'; CC 'Double Paradiddle snare'; CC 'Double Paradiddle'; CC 'how to play Double Paradiddle',,5.78,False,no player or hands in the thumbnail,False,also found
17,Double Paradiddle,True,fbCVWuyv9q8,https://www.youtube.com/watch?v=fbCVWuyv9q8,DRUMMER - 문요한 Paradiddle & Double Paradiddle Rhythm [1],문요한 Drum Company,https://www.youtube.com/channel/UC5RAUaO3NR1TwINdl7BFsSw,2080,no,,CC-BY,Creative Commons Attribution license (reuse allowed),64,640,480,30.0,False,20140221,1637,no player found,no,thumbnail (auto),,,True,False,demo,CC 'Double Paradiddle drum'; CC 'Double Paradiddle lesson'; CC 'Double Paradiddle rudiment'; CC 'Double Paradiddle snare'; CC 'Double Paradiddle tutorial'; CC 'Double Paradiddle'; CC 'Single Paradiddle drum'; CC 'Single Paradiddle'; CC 'Single Paradiddle-Diddle drum'; CC 'Triple Paradiddle drum'; CC,,5.29,False,no player or hands in the thumbnail,False,also found
17,Double Paradiddle,True,fJ5iVSnNjt4,https://www.youtube.com/watch?v=fJ5iVSnNjt4,How YOU can play a Double Paradiddle Groove #drums #music #shorts,Kris Drumz Unleashed,https://www.youtube.com/channel/UCmQC-ao3sflTUC2P5zcaNYg,762,no,,CC-BY,Creative Commons Attribution license (reuse allowed),25,720,1280,24.0,False,20240611,132,three-quarter,one,thumbnail (auto),0.98,,True,False,"application (groove, fill or kit)",CC 'Double Paradiddle tutorial',short; vertical,4.35,False,"application (groove, fill or kit)",False,also found
17,Double Paradiddle,True,FCCIFUezoX4,https://www.youtube.com/watch?v=FCCIFUezoX4,"26 Rudiments on the Drums, Vol. 9:  Double Paradiddle  #shorts #drums #beats #music",Good Muse Music,https://www.youtube.com/channel/UC40V15LDtWqQ7_dhUntOSZA,7420,no,,CC-BY,Creative Commons Attribution license (reuse allowed),13,720,900,30.0,False,20250125,936,no player found,no,thumbnail (auto),,,True,False,"application (groove, fill or kit)",CC 'Double Paradiddle tutorial'; CC 'drum rudiment tutorial',short; vertical,3.19,False,"application (groove, fill or kit); no player or hands in the thumbnail",False,also found
17,Double Paradiddle,True,aG-swejg5DY,https://www.youtube.com/watch?v=aG-swejg5DY,Double Paradiddle - Luca Fortunato - Drum Lucky - with ostinato 2 kicks Bass drum and hi hat -70 bpm,Luca Fortunato Drum,https://www.youtube.com/channel/UCmiV9nU0Up1HOU8xukWFRZw,249,no,,CC-BY,Creative Commons Attribution license (reuse allowed),66,810,1440,30.0,False,20210205,61,three-quarter,yes,thumbnail (auto),0.91,70,True,False,feet or kit (not hands on a pad),CC 'Double Paradiddle drum'; CC 'Double Paradiddle practice pad'; CC 'Double Paradiddle rudiment'; CC 'Double Paradiddle snare'; CC 'Double Paradiddle'; CC 'Triple Paradiddle practice pad'; CC 'rudiment practice pad',vertical,2.72,False,feet or kit (not hands on a pad),False,also found
17,Double Paradiddle,True,jVNVRHTP9M8,https://www.youtube.com/watch?v=jVNVRHTP9M8,Double Paradiddle - Bounce Metronome Pro - drum rudiment,robertinventor,https://www.youtube.com/channel/UCoDTNY169IIPUivH0sI9rrw,11300,no,,CC-BY,Creative Commons Attribution license (reuse allowed),23,1280,720,30.0,False,20110330,792,no player found,no,thumbnail (auto),,,True,False,other instrument or animation,CC '17 stroke roll rudiment'; CC 'Double Paradiddle drum'; CC 'Double Paradiddle lesson'; CC 'Double Paradiddle rudiment'; CC 'Double Paradiddle snare'; CC 'Double Paradiddle tutorial'; CC 'Double Paradiddle'; CC 'Multiple Bounce Roll drum'; CC 'Multiple Bounce Roll lesson'; CC 'Multiple Bounce Roll,short; mentions click or metronome,1.16,False,other instrument or animation; no player or hands in the thumbnail,False,also found
17,Double Paradiddle,True,OORtUQA8AlQ,https://www.youtube.com/watch?v=OORtUQA8AlQ,Pearl Drum Rudiments - Double Paradiddle,Pearl Drums,https://www.youtube.com/channel/UCmGi7DMBXl7aTOG1HDbRWoQ,121000,yes,known channel (pearl),Standard,,86,1280,720,30.0,False,20120813,17252,three-quarter,no,thumbnail (auto),0.83,,True,False,demo,'Double Paradiddle snare drum',,10.19,False,not Creative Commons (link only),False,also found
17,Double Paradiddle,True,d3OYMy8jAmw,https://www.youtube.com/watch?v=d3OYMy8jAmw,Double Paradiddle: Vic Firth Rudiment Playalong,Vic Firth,https://www.youtube.com/channel/UC9N2JaiIWYR2GEN1tgHAczA,634000,yes,known channel (vic firth),Standard,,267,1280,720,30.0,False,20130531,169958,no player found,no,thumbnail (auto),,,True,False,demo,'Double Paradiddle drum rudiment lesson'; 'Double Paradiddle rudiment'; 'Double Paradiddle snare drum'; 'vic firth Double Drag Tap'; 'vic firth Double Paradiddle'; 'vic firth Single Paradiddle'; 'vic firth Single Paradiddle-Diddle'; 'vic firth Triple Paradiddle',,10.09,False,not Creative Commons (link only),False,also found
17,Double Paradiddle,True,PcMR_7diE5g,https://www.youtube.com/watch?v=PcMR_7diE5g,Double Paradiddle - Drum Lessons,Drumeo,https://www.youtube.com/channel/UCBiJBaDaM3K6vPVggLhTyWA,5630000,yes,known channel (drumeo),Standard,,73,640,480,30.0,False,20070811,92425,front,yes,thumbnail (auto),1.04,,True,False,demo,'Double Paradiddle drum rudiment lesson'; 'Double Paradiddle snare drum',,9.99,False,not Creative Commons (link only),False,also found
17,Double Paradiddle,True,Jdkok4whXyI,https://www.youtube.com/watch?v=Jdkok4whXyI,Jeff Queen Lesson Series: Double Paradiddle and Triplet Rolls,Vic Firth,https://www.youtube.com/channel/UC9N2JaiIWYR2GEN1tgHAczA,634000,yes,known channel (vic firth),Standard,,185,480,360,30.0,False,20150226,1298,three-quarter,yes,thumbnail (auto),0.95,,True,False,demo,'vic firth Double Paradiddle',,9.75,False,not Creative Commons (link only),False,also found
17,Double Paradiddle,True,nyKKggFbqYY,https://www.youtube.com/watch?v=nyKKggFbqYY,Using the Double Paradiddle Like a Boss - Drum Set Lesson with Stephen Taylor,Vic Firth,https://www.youtube.com/channel/UC9N2JaiIWYR2GEN1tgHAczA,634000,yes,known channel (vic firth),Standard,,434,1920,1080,30.0,False,20151229,48400,three-quarter,yes,thumbnail (auto),0.59,,True,False,"application (groove, fill or kit)",'vic firth Double Paradiddle',5 chapters,9.37,False,not Creative Commons (link only),False,also found
18,Triple Paradiddle,True,MYJGgfQW0RE,https://www.youtube.com/watch?v=MYJGgfQW0RE,Triple Paradiddle = Better Speed and Control 🥁,DrumScoresOnline,https://www.youtube.com/channel/UCqoX1-UytpZkOaWbeSitd4g,5440,no,,CC-BY,Creative Commons Attribution license (reuse allowed),10,720,1280,50.0,True,20241206,21747,front,one,thumbnail (auto),1.47,,True,False,demo,CC 'Triple Paradiddle tutorial'; CC 'triple stroke rudiment',short; vertical,6.73,True,,False,pick
18,Triple Paradiddle,True,NfnKwDNd6oY,https://www.youtube.com/watch?v=NfnKwDNd6oY,Developing Triple Paradiddle Speed - Drum Lesson (DRUMEO),Drumeo,https://www.youtube.com/channel/UCBiJBaDaM3K6vPVggLhTyWA,5630000,yes,known channel (drumeo),Standard,,372,1920,1080,24.0,False,20121227,85182,three-quarter,yes,thumbnail (auto),0.88,,True,False,demo,'Triple Paradiddle rudiment',4 chapters,11.47,False,not Creative Commons (link only),False,pick
18,Triple Paradiddle,True,jAyh8RaW1uI,https://www.youtube.com/watch?v=jAyh8RaW1uI,Triple Paradiddle - Drum Rudiment Lesson (Drumeo),Drumeo,https://www.youtube.com/channel/UCBiJBaDaM3K6vPVggLhTyWA,5630000,yes,known channel (drumeo),Standard,,100,1920,1080,24.0,False,20161209,63259,three-quarter,yes,thumbnail (auto),0.74,,True,False,demo,'Triple Paradiddle drum rudiment lesson'; 'Triple Paradiddle rudiment practice pad'; 'Triple Paradiddle rudiment'; 'vic firth Triple Paradiddle',,11.42,False,not Creative Commons (link only),False,pick
18,Triple Paradiddle,True,E0zATYGyd3A,https://www.youtube.com/watch?v=E0zATYGyd3A,Vic Firth Rudiment Lessons: Triple Paradiddle,Vic Firth,https://www.youtube.com/channel/UC9N2JaiIWYR2GEN1tgHAczA,634000,yes,known channel (vic firth),Standard,,281,1280,720,30.0,False,20110430,24647,three-quarter,yes,thumbnail (auto),0.81,,True,False,demo,'Triple Paradiddle rudiment'; 'vic firth Single Paradiddle'; 'vic firth Single Paradiddle-Diddle'; 'vic firth Triple Paradiddle',,11.26,False,not Creative Commons (link only),False,pick
18,Triple Paradiddle,True,5BSIdLTTj-Q,https://www.youtube.com/watch?v=5BSIdLTTj-Q,Triple Paradiddle: Rudiment Breakdown by Dr. John Wooton,Vic Firth,https://www.youtube.com/channel/UC9N2JaiIWYR2GEN1tgHAczA,634000,yes,known channel (vic firth),Standard,,102,1920,1080,30.0,False,20120413,10942,three-quarter,yes,thumbnail (auto),0.86,,True,False,demo,'Triple Paradiddle rudiment'; 'vic firth Triple Paradiddle',,11.12,False,not Creative Commons (link only),False,pick
18,Triple Paradiddle,True,9FhTmmix-z8,https://www.youtube.com/watch?v=9FhTmmix-z8,How To Play A Triple Paradiddle On The Drums - Drum Rudiment Lesson,Drumeo,https://www.youtube.com/channel/UCBiJBaDaM3K6vPVggLhTyWA,5630000,yes,known channel (drumeo),Standard,,169,2560,1440,24.0,False,20230312,7715,three-quarter,yes,thumbnail (auto),0.59,,True,False,demo,'Triple Paradiddle rudiment',,11.05,False,not Creative Commons (link only),False,pick
18,Triple Paradiddle,True,hmv3yQtEwc4,https://www.youtube.com/watch?v=hmv3yQtEwc4,Triple Paradiddle,robertinventor,https://www.youtube.com/channel/UCoDTNY169IIPUivH0sI9rrw,11300,no,,CC-BY,Creative Commons Attribution license (reuse allowed),51,1280,720,30.0,False,20110527,1656,no player found,no,thumbnail (auto),,,True,False,demo,CC '15 stroke roll rudiment'; CC 'Double Paradiddle rudiment'; CC 'Double Paradiddle snare'; CC 'Double Paradiddle'; CC 'Drag Paradiddle 1 drum'; CC 'Drag Paradiddle 1 rudiment'; CC 'Drag Paradiddle 1 snare'; CC 'Drag Paradiddle 1 tutorial'; CC 'Drag Paradiddle 1'; CC 'Drag Paradiddle 2 drum'; CC 'D,short; mentions click or metronome,6.29,False,no player or hands in the thumbnail,False,also found
18,Triple Paradiddle,True,m-ZxYcgMtSM,https://www.youtube.com/watch?v=m-ZxYcgMtSM,Triple Paradiddle,null,https://www.youtube.com/channel/UCoiP3HEJH-eicv8O3AqW1AA,17300,no,,CC-BY,Creative Commons Attribution license (reuse allowed),41,1920,1080,30.0,False,20190426,73,no player found,no,thumbnail (auto),,,True,False,demo,CC 'Drag Paradiddle 1 drum'; CC 'Drag Paradiddle 1 lesson'; CC 'Drag Paradiddle 1 rudiment'; CC 'Drag Paradiddle 1 snare'; CC 'Drag Paradiddle 1 tutorial'; CC 'Drag Paradiddle 1'; CC 'Drag Paradiddle 2 drum'; CC 'Drag Paradiddle 2 lesson'; CC 'Drag Paradiddle 2 rudiment'; CC 'Drag Paradiddle 2 snare,short,5.75,False,no player or hands in the thumbnail,False,also found
18,Triple Paradiddle,True,RqS0F6qVwUI,https://www.youtube.com/watch?v=RqS0F6qVwUI,Triple Paradiddle - Luca Fortunato - Drum Lucky - with ostinato 2 kicks Bass drum and hi hat 70 bpm,Luca Fortunato Drum,https://www.youtube.com/channel/UCmiV9nU0Up1HOU8xukWFRZw,249,no,,CC-BY,Creative Commons Attribution license (reuse allowed),81,720,1280,30.0,False,20210205,96,three-quarter,yes,thumbnail (auto),0.84,70,True,False,feet or kit (not hands on a pad),CC 'Triple Paradiddle drum'; CC 'Triple Paradiddle practice pad'; CC 'Triple Paradiddle rudiment'; CC 'Triple Paradiddle',vertical,2.79,False,feet or kit (not hands on a pad),False,also found
18,Triple Paradiddle,True,m8Zh8MU3WIE,https://www.youtube.com/watch?v=m8Zh8MU3WIE,Pearl Drum Rudiments - Triple Paradiddle,Pearl Drums,https://www.youtube.com/channel/UCmGi7DMBXl7aTOG1HDbRWoQ,121000,yes,known channel (pearl),Standard,,41,1280,720,30.0,False,20120813,5980,three-quarter,yes,thumbnail (auto),0.78,,True,False,demo,'Triple Paradiddle rudiment',short,11.01,False,not Creative Commons (link only),False,also found
18,Triple Paradiddle,True,3tSSWNBs6xA,https://www.youtube.com/watch?v=3tSSWNBs6xA,How To Play A Triple Paradiddle - Drum Rudiment Lesson,Drumeo,https://www.youtube.com/channel/UCBiJBaDaM3K6vPVggLhTyWA,5630000,yes,known channel (drumeo),Standard,,95,2560,1440,24.0,False,20221213,52619,front,yes,thumbnail (auto),1.23,,True,False,demo,'Triple Paradiddle drum rudiment lesson'; 'Triple Paradiddle rudiment practice pad'; 'Triple Paradiddle rudiment'; 'Triple Paradiddle snare drum'; 'paradiddle rudiment'; 'triple stroke rudiment'; 'vic firth Triple Paradiddle',,10.89,False,not Creative Commons (link only),False,also found
18,Triple Paradiddle,True,ofhcqrezUkU,https://www.youtube.com/watch?v=ofhcqrezUkU,Triple Paradiddle: Vic Firth Rudiment Playalong,Vic Firth,https://www.youtube.com/channel/UC9N2JaiIWYR2GEN1tgHAczA,634000,yes,known channel (vic firth),Standard,,330,1280,720,30.0,False,20130802,89544,no player found,no,thumbnail (auto),,,True,False,demo,'Triple Paradiddle drum rudiment lesson'; 'Triple Paradiddle rudiment'; 'Triple Paradiddle snare drum'; 'vic firth Double Paradiddle'; 'vic firth Flam Tap'; 'vic firth Pataflafla'; 'vic firth Single Paradiddle'; 'vic firth Single Paradiddle-Diddle'; 'vic firth Triple Paradiddle'; 'vic firth Triple S,,9.98,False,not Creative Commons (link only),False,also found
18,Triple Paradiddle,True,Wg_v5Y_qhOM,https://www.youtube.com/watch?v=Wg_v5Y_qhOM,Triple Paradiddle - Drum Lessons,Drumeo,https://www.youtube.com/channel/UCBiJBaDaM3K6vPVggLhTyWA,5630000,yes,known channel (drumeo),Standard,,79,640,480,30.0,False,20070811,56168,front,yes,thumbnail (auto),1.09,,True,False,demo,'Triple Paradiddle drum rudiment lesson'; 'Triple Paradiddle rudiment',,9.9,False,not Creative Commons (link only),False,also found
18,Triple Paradiddle,True,na-IEhOkPmg,https://www.youtube.com/watch?v=na-IEhOkPmg,Drum Rudiments #18 - Triple Paradiddle - DrumRudiments.com,DrumRudiments,https://www.youtube.com/channel/UCFjAPbK0sCk_5TKsgSmSQzQ,32600,no,,Standard,,35,432,360,30.0,False,20070320,284159,no player found,no,thumbnail (auto),,,True,False,demo,'Triple Paradiddle rudiment practice pad'; 'Triple Paradiddle rudiment'; 'Triple Ratamacue rudiment practice pad',short,6.18,False,not Creative Commons (link only),False,also found
19,Single Paradiddle-Diddle,True,UmMX-JGzhqk,https://www.youtube.com/watch?v=UmMX-JGzhqk,Paradiddle-diddle パラディドルディドル,山背ドラムメソッド　世界最大のフレーズ集(再生リスト)、進化するモーラー奏法とグルーヴ解説,https://www.youtube.com/channel/UCrYpF0pFjQHm7P_ItcyvbKw,6040,no,,CC-BY,Creative Commons Attribution license (reuse allowed),609,1920,1080,30.0,False,20140608,19973,three-quarter,yes,thumbnail (auto),0.92,,True,False,demo,CC 'Single Paradiddle-Diddle tutorial'; CC 'Single Paradiddle-Diddle',,8.22,True,,False,pick
19,Single Paradiddle-Diddle,True,zpo2wp_9VNU,https://www.youtube.com/watch?v=zpo2wp_9VNU,Playing the Paradiddle Diddle Fast - Drum Lesson by Freddy Charles,Freddy Charles,https://www.youtube.com/channel/UC1xkrycozgUqLLCmwSSGAdA,1080,no,,CC-BY,Creative Commons Attribution license (reuse allowed),147,1920,1080,24.0,False,20210209,3699,three-quarter,yes,thumbnail (auto),0.67,,True,False,demo,CC '6 stroke roll rudiment'; CC 'Double Paradiddle lesson'; CC 'Double Paradiddle practice pad'; CC 'Double Paradiddle rudiment'; CC 'Double Paradiddle snare'; CC 'Double Paradiddle'; CC 'Double Stroke Open Roll lesson'; CC 'Double Stroke Open Roll practice pad'; CC 'Double Stroke Open Roll rudiment,,7.93,True,,False,pick
19,Single Paradiddle-Diddle,True,7lCGppO87wU,https://www.youtube.com/watch?v=7lCGppO87wU,Paradiddle Diddle Speed Secret,Freddy Charles,https://www.youtube.com/channel/UC1xkrycozgUqLLCmwSSGAdA,1080,no,,CC-BY,Creative Commons Attribution license (reuse allowed),149,1128,1080,30.0,False,20230927,398,three-quarter,yes,thumbnail (auto),0.66,,True,False,demo,CC 'paradiddle diddle rudiment'; CC 'paradiddle rudiment'; CC 'paradiddlediddle rudiment',,7.54,True,,False,pick
19,Single Paradiddle-Diddle,True,E63YEmaQfg8,https://www.youtube.com/watch?v=E63YEmaQfg8,How to play ParaDiddle Diddle for beginners,chop_drip,https://www.youtube.com/channel/UCc9LyQKo9wfPqvCSh2AJRlw,417,no,,CC-BY,Creative Commons Attribution license (reuse allowed),225,2560,1440,30.0,False,20210131,30,three-quarter,yes,thumbnail (auto),0.7,,True,False,demo,CC '40 drum rudiments'; CC 'Seven Stroke Roll practice pad'; CC 'Single Paradiddle drum'; CC 'Single Paradiddle lesson'; CC 'Single Paradiddle practice pad'; CC 'Single Paradiddle rudiment'; CC 'Single Paradiddle snare'; CC 'Single Paradiddle'; CC 'Single Paradiddle-Diddle drum'; CC 'Single Paradidd,,7.1,True,,False,pick
19,Single Paradiddle-Diddle,True,EH00Kaz04XM,https://www.youtube.com/watch?v=EH00Kaz04XM,HOW TO PLAY A PARADIDDLE-DIDDLE,DanAdiddle,https://www.youtube.com/channel/UC6TknZWVtIbXednPBvhPyXQ,645,no,,CC-BY,Creative Commons Attribution license (reuse allowed),35,1280,720,30.0,False,20200604,58,front,yes,thumbnail (auto),1.89,,True,False,demo,CC 'Double Paradiddle drum'; CC 'Double Paradiddle lesson'; CC 'Double Paradiddle practice pad'; CC 'Double Paradiddle rudiment'; CC 'Double Paradiddle snare'; CC 'Double Paradiddle tutorial'; CC 'Double Paradiddle'; CC 'Flam Paradiddle drum'; CC 'Flam Paradiddle lesson'; CC 'Flam Paradiddle practic,short,6.71,True,,False,pick
19,Single Paradiddle-Diddle,True,hTw-SQV2VlA,https://www.youtube.com/watch?v=hTw-SQV2VlA,How to play a PARADIDDLE-DIDDLE! (Must-know drum rudiment) 🥁 #drums,DrumScoresOnline,https://www.youtube.com/channel/UCqoX1-UytpZkOaWbeSitd4g,5440,no,,CC-BY,Creative Commons Attribution license (reuse allowed),13,720,1280,50.0,True,20241029,5893,front,one,thumbnail (auto),1.21,,True,False,demo,CC 'Flam Paradiddle tutorial'; CC 'Flam Paradiddle-Diddle tutorial'; CC 'Flam tutorial'; CC 'Single Paradiddle-Diddle tutorial'; CC 'drum rudiment tutorial',short; vertical,6.51,True,,False,pick
19,Single Paradiddle-Diddle,True,gXlB9bBUMK4,https://www.youtube.com/watch?v=gXlB9bBUMK4,Vic Firth Rudiment Lessons: Paradiddle-diddle,Vic Firth,https://www.youtube.com/channel/UC9N2JaiIWYR2GEN1tgHAczA,634000,yes,known channel (vic firth),Standard,,407,1280,720,60.0,True,20110427,287663,unknown,yes,thumbnail (auto),,,True,False,demo,'vic firth Double Paradiddle'; 'vic firth Drag Paradiddle 1'; 'vic firth Flam Paradiddle-Diddle'; 'vic firth Single Paradiddle'; 'vic firth Single Paradiddle-Diddle'; 'vic firth Triple Paradiddle',5 chapters,12.18,False,not Creative Commons (link only),False,pick
19,Single Paradiddle-Diddle,True,0z58p1nd4PQ,https://www.youtube.com/watch?v=0z58p1nd4PQ,Single Paradiddle-Diddle - Drum Rudiment Lesson (Drumeo),Drumeo,https://www.youtube.com/channel/UCBiJBaDaM3K6vPVggLhTyWA,5630000,yes,known channel (drumeo),Standard,,77,1920,1080,24.0,False,20161209,93166,three-quarter,yes,thumbnail (auto),0.76,,True,False,demo,'Single Paradiddle drum rudiment lesson'; 'Single Paradiddle rudiment practice pad'; 'Single Paradiddle rudiment'; 'Single Paradiddle snare drum'; 'Single Paradiddle-Diddle drum rudiment lesson'; 'Single Paradiddle-Diddle rudiment practice pad'; 'Single Paradiddle-Diddle rudiment'; 'Single Paradiddl,,11.49,False,not Creative Commons (link only),False,pick
19,Single Paradiddle-Diddle,True,vVGsYTFy2yE,https://www.youtube.com/watch?v=vVGsYTFy2yE,How To Play A Paradiddle-Diddle - Drum Rudiment Lesson,Drumeo,https://www.youtube.com/channel/UCBiJBaDaM3K6vPVggLhTyWA,5630000,yes,known channel (drumeo),Standard,,84,2560,1440,24.0,False,20230107,86099,three-quarter,yes,thumbnail (auto),0.96,,True,False,demo,'Flam Paradiddle-Diddle drum rudiment lesson'; 'Flam Paradiddle-Diddle rudiment practice pad'; 'Flam Paradiddle-Diddle rudiment'; 'Single Paradiddle drum rudiment lesson'; 'Single Paradiddle-Diddle drum rudiment lesson'; 'Single Paradiddle-Diddle rudiment practice pad'; 'Single Paradiddle-Diddle rud,,11.47,False,not Creative Commons (link only),False,pick
19,Single Paradiddle-Diddle,True,48y27nSSBSw,https://www.youtube.com/watch?v=48y27nSSBSw,Drummer101 with Kevin Prince: Paradiddle-diddle as 32nd notes,Vic Firth,https://www.youtube.com/channel/UC9N2JaiIWYR2GEN1tgHAczA,634000,yes,known channel (vic firth),Standard,,218,1280,720,30.0,False,20150610,7812,three-quarter,yes,thumbnail (auto),0.69,,True,False,demo,'vic firth Single Paradiddle-Diddle'; 'vic firth Triple Paradiddle',,11.06,False,not Creative Commons (link only),False,pick
19,Single Paradiddle-Diddle,True,O0m-szeJcK4,https://www.youtube.com/watch?v=O0m-szeJcK4,Paradiddle-diddle: Vic Firth Rudiment Playalong,Vic Firth,https://www.youtube.com/channel/UC9N2JaiIWYR2GEN1tgHAczA,634000,yes,known channel (vic firth),Standard,,252,1280,720,30.0,False,20130703,204128,no player found,no,thumbnail (auto),,,True,False,demo,'Flam Paradiddle-Diddle rudiment practice pad'; 'Single Paradiddle-Diddle rudiment practice pad'; 'Single Paradiddle-Diddle rudiment'; 'paradiddle diddle rudiment'; 'paradiddlediddle rudiment'; 'vic firth Double Paradiddle'; 'vic firth Drag Paradiddle 1'; 'vic firth Drag Paradiddle 2'; 'vic firth Fl,,10.12,False,not Creative Commons (link only),False,pick
19,Single Paradiddle-Diddle,True,VWpMI4mqRgI,https://www.youtube.com/watch?v=VWpMI4mqRgI,Drumeo Paradiddle-Diddle Turnaround Pyramid-Challenge 180 BPM,John Palladino,https://www.youtube.com/channel/UC0QaRjqbBbdD-9uZO-kNQyg,144,no,,CC-BY,Creative Commons Attribution license (reuse allowed),22,320,240,15.0,False,20200428,198,front,yes,thumbnail (auto),1.39,180,True,False,demo,CC 'Single Paradiddle drum'; CC 'Single Paradiddle practice pad'; CC 'Single Paradiddle'; CC 'Single Paradiddle-Diddle drum'; CC 'Single Paradiddle-Diddle lesson'; CC 'Single Paradiddle-Diddle practice pad'; CC 'Single Paradiddle-Diddle rudiment'; CC 'Single Paradiddle-Diddle snare'; CC 'Single Para,short,6.42,False,only 240p; 15.0 fps,False,also found
19,Single Paradiddle-Diddle,True,ZZYY9A-lsn0,https://www.youtube.com/watch?v=ZZYY9A-lsn0,☆☆☆[爵士鼓教學]Paradiddle-diddle 在Swing律動中的應用 Part 1,null,https://www.youtube.com/channel/UCoiP3HEJH-eicv8O3AqW1AA,17300,no,,CC-BY,Creative Commons Attribution license (reuse allowed),477,1920,1080,30.0,False,20220525,623,front,no,thumbnail (auto),2.59,,True,False,demo,CC 'Flam Accent practice pad'; CC 'Flam Paradiddle practice pad'; CC 'Flam Paradiddle-Diddle practice pad'; CC 'Single Paradiddle-Diddle practice pad'; CC 'Swiss Army Triplet practice pad',,6.12,False,no player or hands in the thumbnail,False,also found
19,Single Paradiddle-Diddle,True,dl-0Qj7QrII,https://www.youtube.com/watch?v=dl-0Qj7QrII,Paradiddle diddle,null,https://www.youtube.com/channel/UCoiP3HEJH-eicv8O3AqW1AA,17300,no,,CC-BY,Creative Commons Attribution license (reuse allowed),41,1920,1080,30.0,False,20190426,61,no player found,no,thumbnail (auto),,,True,False,demo,CC 'paradiddle diddle rudiment'; CC 'paradiddlediddle rudiment',short,5.72,False,no player or hands in the thumbnail,False,also found
19,Single Paradiddle-Diddle,True,7wS5115teNM,https://www.youtube.com/watch?v=7wS5115teNM,ドラム　叩き方　パラディドルディドル　Paradiddle-diddle -,wakwakdrum k.chikada,https://www.youtube.com/channel/UCxgKo6oWXzY14yvRguu41AA,126,no,,CC-BY,Creative Commons Attribution license (reuse allowed),44,480,320,30.0,False,20120419,2654,no player found,no,thumbnail (auto),,,True,False,demo,CC 'Single Paradiddle rudiment'; CC 'Single Paradiddle'; CC 'Single Paradiddle-Diddle drum'; CC 'Single Paradiddle-Diddle lesson'; CC 'Single Paradiddle-Diddle rudiment'; CC 'Single Paradiddle-Diddle snare'; CC 'Single Paradiddle-Diddle tutorial'; CC 'Single Paradiddle-Diddle'; CC 'paradiddle diddle,short,5.37,False,only 320p; no player or hands in the thumbnail,False,also found
19,Single Paradiddle-Diddle,True,Jbgm0ZN5qY8,https://www.youtube.com/watch?v=Jbgm0ZN5qY8,Paradiddle-Diddle + Paradiddle Simples em fusas + Ostinato de Xaxado com os pés!,ESTUDE BATERIA,https://www.youtube.com/channel/UCVN6V8fPSRXg1UCWcotqkoA,2280,no,,CC-BY,Creative Commons Attribution license (reuse allowed),122,1920,1080,60.0,True,20210628,141,no player found,no,thumbnail (auto),,,True,False,"application (groove, fill or kit)",CC 'Flam Paradiddle-Diddle rudiment'; CC 'Single Paradiddle-Diddle tutorial'; CC 'Single Paradiddle-Diddle'; CC 'flam paradiddle diddle rudiment'; CC 'how to play Single Paradiddle-Diddle',,4.86,False,"application (groove, fill or kit); no player or hands in the thumbnail",False,also found
19,Single Paradiddle-Diddle,True,E3be9jDPk10,https://www.youtube.com/watch?v=E3be9jDPk10,Single Paradiddle-diddle - Drum Lessons,Drumeo,https://www.youtube.com/channel/UCBiJBaDaM3K6vPVggLhTyWA,5630000,yes,known channel (drumeo),Standard,,80,640,480,30.0,False,20070811,40164,front,yes,thumbnail (auto),1.0,,True,False,demo,'Single Paradiddle-Diddle drum rudiment lesson'; 'Single Paradiddle-Diddle rudiment'; 'Single Paradiddle-Diddle snare drum',,9.84,False,not Creative Commons (link only),False,also found
19,Single Paradiddle-Diddle,True,OkRgJwMAakw,https://www.youtube.com/watch?v=OkRgJwMAakw,Pearl Drum Rudiments - Single Paradiddle Diddle,Pearl Drums,https://www.youtube.com/channel/UCmGi7DMBXl7aTOG1HDbRWoQ,121000,yes,known channel (pearl),Standard,,48,1280,720,30.0,False,20120813,9865,no player found,no,thumbnail (auto),,,True,False,demo,'Single Paradiddle-Diddle drum rudiment lesson'; 'Single Paradiddle-Diddle rudiment practice pad',short,9.6,False,not Creative Commons (link only),False,also found
19,Single Paradiddle-Diddle,True,4vgtkbNcoY0,https://www.youtube.com/watch?v=4vgtkbNcoY0,Drummer101 with Kevin Prince: Paradiddle Diddle Hybrid,Vic Firth,https://www.youtube.com/channel/UC9N2JaiIWYR2GEN1tgHAczA,634000,yes,known channel (vic firth),Standard,,203,1280,720,30.0,False,20151021,8591,front,one,thumbnail (auto),2.91,,True,False,demo,'vic firth Single Paradiddle-Diddle',,9.57,False,not Creative Commons (link only),False,also found
19,Single Paradiddle-Diddle,True,EEsng5-99q0,https://www.youtube.com/watch?v=EEsng5-99q0,Drummer101 with Kevin Prince: Paradiddle Diddle Septuplet Fill,Vic Firth,https://www.youtube.com/channel/UC9N2JaiIWYR2GEN1tgHAczA,634000,yes,known channel (vic firth),Standard,,240,1280,706,30.0,False,20141205,20367,three-quarter,yes,thumbnail (auto),0.77,,True,False,"application (groove, fill or kit)",'vic firth Flam Paradiddle-Diddle'; 'vic firth Single Paradiddle-Diddle',,8.22,False,not Creative Commons (link only),False,also found
19,Single Paradiddle-Diddle,True,tSgwMUbiWOI,https://www.youtube.com/watch?v=tSgwMUbiWOI,DRUM LESSON - Inverted Paradiddle-Diddle Fill with Stephen Taylor,Stephen Taylor,https://www.youtube.com/channel/UCwT7TWaFxT-UZAPa9wdNChA,466000,yes,known channel (stephen taylor),Standard,,453,1920,1080,30.0,False,20140701,16595,no player found,no,thumbnail (auto),,,True,False,"application (groove, fill or kit)",'Single Paradiddle-Diddle snare drum',5 chapters,7.69,False,not Creative Commons (link only),False,also found
20,Flam,False,sYLH_slpjkY,https://www.youtube.com/watch?v=sYLH_slpjkY,Flam 플램 알려드립니다. part 1 드럼 필수 루디먼트,신동엽의드럼터치,https://www.youtube.com/channel/UCJqtO4CeDf0H-GmyM1_62Sw,3900,no,,CC-BY,Creative Commons Attribution license (reuse allowed),343,2560,1440,60.0,True,20260420,320,side,yes,thumbnail (auto),0.49,,True,False,demo,CC 'Flam Accent lesson'; CC 'Flam Accent rudiment'; CC 'Flam Tap drum'; CC 'Flam Tap lesson'; CC 'Flam Tap rudiment'; CC 'Flam Tap snare'; CC 'Flam Tap tutorial'; CC 'Flam Tap'; CC 'Flam lesson',8 chapters,8.5,True,,False,pick
20,Flam,False,WuzCga7wSDs,https://www.youtube.com/watch?v=WuzCga7wSDs,FLAM PARADIDLE-DIDLE RUDIMENT WITH NATATION | TACHNICAL MUSICIAN @klarisache,EAVE,https://www.youtube.com/channel/UCNXjDyAvZetqX_3vaXos_Pw,30,no,,CC-BY,Creative Commons Attribution license (reuse allowed),30,1920,1080,60.0,True,20190802,40,three-quarter,yes,thumbnail (auto),0.67,,True,False,demo,CC '40 drum rudiments'; CC 'Drag Paradiddle 1 drum'; CC 'Drag Paradiddle 1 lesson'; CC 'Drag Paradiddle 1 rudiment'; CC 'Drag Paradiddle 1 snare'; CC 'Drag Paradiddle 1 tutorial'; CC 'Drag Paradiddle 1'; CC 'Drag rudiment'; CC 'Drag snare'; CC 'Flam Accent drum'; CC 'Flam Accent lesson'; CC 'Flam Ac,short,8.15,True,,False,pick
20,Flam,False,y3vKTqJKG-M,https://www.youtube.com/watch?v=y3vKTqJKG-M,Vinnie Colaiuta Flam Workout from The Unreel Drum Book by Marc Atkinson,Andre Jalapit,https://www.youtube.com/channel/UC4193nOtxfEMYMHJdcnlelw,252,no,,CC-BY,Creative Commons Attribution license (reuse allowed),89,1920,1080,30.0,False,20191016,13118,hands only,one,thumbnail (auto),,,True,False,demo,CC 'Flam Paradiddle drum'; CC 'Flam drum'; CC 'Flam snare'; CC 'how to play Flam',,6.65,True,,False,pick
20,Flam,False,o8XKTSbh82E,https://www.youtube.com/watch?v=o8XKTSbh82E,DRUM EXERCISE | FLAM L R L K K,LoDi Regner,https://www.youtube.com/channel/UCuPppHBO32NiTb0g3akk5HA,63,no,,CC-BY,Creative Commons Attribution license (reuse allowed),26,1920,1080,30.0,False,20210515,86,three-quarter,one,thumbnail (auto),0.75,,True,False,demo,CC 'Flam Paradiddle drum'; CC 'Flam Paradiddle tutorial'; CC 'Flam Paradiddle'; CC 'Flam Paradiddle-Diddle drum'; CC 'Flam Paradiddle-Diddle rudiment'; CC 'Flam Paradiddle-Diddle snare'; CC 'Flam Paradiddle-Diddle tutorial'; CC 'Flam Paradiddle-Diddle'; CC 'Flam drum'; CC 'Flam lesson'; CC 'Flam sna,short,6.28,True,,False,pick
20,Flam,False,ZJQlbDz3_cM,https://www.youtube.com/watch?v=ZJQlbDz3_cM,Vic Firth Rudiment Lessons: Flam,Vic Firth,https://www.youtube.com/channel/UC9N2JaiIWYR2GEN1tgHAczA,634000,yes,known channel (vic firth),Standard,,405,1280,720,60.0,True,20121008,165951,hands only,yes,thumbnail (auto),,,True,False,demo,'Flam drum rudiment lesson'; 'Flam rudiment'; 'vic firth Flam Accent'; 'vic firth Flam Drag'; 'vic firth Flam Paradiddle'; 'vic firth Flam Paradiddle-Diddle'; 'vic firth Flam Tap'; 'vic firth Flam'; 'vic firth Flamacue'; 'vic firth Single Flammed Mill',5 chapters,12.09,False,not Creative Commons (link only),False,pick
20,Flam,False,5ujmfxvr0bQ,https://www.youtube.com/watch?v=5ujmfxvr0bQ,Flam - Drum Rudiment Lesson (Drumeo),Drumeo,https://www.youtube.com/channel/UCBiJBaDaM3K6vPVggLhTyWA,5630000,yes,known channel (drumeo),Standard,,87,1920,1080,24.0,False,20161209,287364,three-quarter,yes,thumbnail (auto),0.91,,True,False,demo,'Flam Accent drum rudiment lesson'; 'Flam Accent rudiment practice pad'; 'Flam Accent rudiment'; 'Flam Accent snare drum'; 'Flam Drag drum rudiment lesson'; 'Flam Tap drum rudiment lesson'; 'Flam Tap rudiment practice pad'; 'Flam Tap rudiment'; 'Flam drum rudiment lesson'; 'Flam rudiment practice pa,4 chapters,11.68,False,not Creative Commons (link only),False,pick
20,Flam,False,LXtBegoW_oo,https://www.youtube.com/watch?v=LXtBegoW_oo,Flattened Flam Rudiments For Better Drum Solos,Drumeo,https://www.youtube.com/channel/UCBiJBaDaM3K6vPVggLhTyWA,5630000,yes,known channel (drumeo),Standard,,155,2560,1440,24.0,False,20190726,67920,three-quarter,yes,thumbnail (auto),0.82,,True,False,demo,'Flam Accent rudiment practice pad'; 'Flam Paradiddle rudiment practice pad'; 'Flam Tap rudiment practice pad'; 'Flam drum rudiment lesson'; 'Flam rudiment practice pad'; 'Flam rudiment'; 'Flam snare drum'; 'Single Flammed Mill drum rudiment lesson'; 'Single Flammed Mill rudiment practice pad',,11.43,False,not Creative Commons (link only),False,pick
20,Flam,False,Gq7y8MVGRes,https://www.youtube.com/watch?v=Gq7y8MVGRes,"Hybrid Rudiment: ""Inverted Inverted Flam Five"" by Roger Carter",Vic Firth,https://www.youtube.com/channel/UC9N2JaiIWYR2GEN1tgHAczA,634000,yes,known channel (vic firth),Standard,,545,1280,720,30.0,False,20140327,59681,three-quarter,yes,thumbnail (auto),0.77,,True,False,demo,'vic firth Inverted Flam Tap',6 chapters,11.41,False,not Creative Commons (link only),False,pick
20,Flam,False,RPQtVXTY1Wc,https://www.youtube.com/watch?v=RPQtVXTY1Wc,Flam Exercises | Drum Lessons,Drumeo,https://www.youtube.com/channel/UCBiJBaDaM3K6vPVggLhTyWA,5630000,yes,known channel (drumeo),Standard,,74,1280,720,30.0,False,20090424,53203,three-quarter,yes,thumbnail (auto),0.77,,True,False,demo,'Flam Accent rudiment practice pad'; 'Flam Drag drum rudiment lesson'; 'Flam drum rudiment lesson'; 'Flam rudiment practice pad'; 'Flam rudiment'; 'Flam snare drum',,11.39,False,not Creative Commons (link only),False,pick
20,Flam,False,F3wDpzqG2Yc,https://www.youtube.com/watch?v=F3wDpzqG2Yc,5:13 SCV Tenors Flam Ex. Denton 2014,TX Drumline (Texas Drumline),https://www.youtube.com/channel/UCkB1GaDf9GR6BxAuzaE9CYw,395,no,,CC-BY,Creative Commons Attribution license (reuse allowed),55,1920,1080,60.0,True,20140725,654,side,no,thumbnail (auto),0.38,,True,False,demo,CC 'Flam drum'; CC 'Flam snare'; CC 'how to play Flam',short,7.63,False,no player or hands in the thumbnail,False,also found
20,Flam,False,pvvaySNyZ6A,https://www.youtube.com/watch?v=pvvaySNyZ6A,NON SOTTOVALUTARE MAI I FLAM! (+PDF Gratuito) #006,The GasTube Drums,https://www.youtube.com/channel/UCMoO9UpH6tzNk0FyuQh30bw,51700,no,,CC-BY,Creative Commons Attribution license (reuse allowed),280,1920,1080,50.0,True,20181020,3098,unknown,no,thumbnail (auto),,,True,False,demo,CC 'Eleven Stroke Roll practice pad'; CC 'Fifteen Stroke Roll practice pad'; CC 'Flam Accent practice pad'; CC 'Flam Paradiddle practice pad'; CC 'Flam Paradiddle'; CC 'Flam Tap practice pad'; CC 'Flam practice pad'; CC 'Thirteen Stroke Roll practice pad',,7.4,False,no player or hands in the thumbnail,False,also found
20,Flam,False,aZ8UpZpRyys,https://www.youtube.com/watch?v=aZ8UpZpRyys,#Flam no #Samba - André Steuernagel.,ESTUDE BATERIA,https://www.youtube.com/channel/UCVN6V8fPSRXg1UCWcotqkoA,2280,no,,CC-BY,Creative Commons Attribution license (reuse allowed),53,1920,1080,60.0,True,20200708,57,no player found,no,thumbnail (auto),,,True,False,demo,CC 'Flam tutorial',short,6.71,False,no player or hands in the thumbnail,False,also found
20,Flam,False,f-5pBZu5K_g,https://www.youtube.com/watch?v=f-5pBZu5K_g,How to play a Flam 🥁 (Essential drum rudiment lesson),DrumScoresOnline,https://www.youtube.com/channel/UCqoX1-UytpZkOaWbeSitd4g,5440,no,,CC-BY,Creative Commons Attribution license (reuse allowed),13,720,1280,50.0,True,20241212,8746,no player found,no,thumbnail (auto),,,True,False,demo,CC 'Flam Accent tutorial'; CC 'Flam Paradiddle tutorial'; CC 'Flam Paradiddle-Diddle tutorial'; CC 'drum rudiment tutorial'; CC 'single stroke rudiment',short; vertical,6.58,False,no player or hands in the thumbnail,False,also found
20,Flam,False,xeJaK0eEVw0,https://www.youtube.com/watch?v=xeJaK0eEVw0,Wilcoxon Swing Solos #11: Modern Flam Accents - The Drum Booster OnLive,TheDrumBooster,https://www.youtube.com/channel/UCLLLKQpaDZSsCoctfhIw9XQ,631,no,,CC-BY,Creative Commons Attribution license (reuse allowed),6245,1280,720,30.0,False,20210205,49,three-quarter,yes,thumbnail (auto),0.7,,True,False,demo,CC 'Flam Accent lesson'; CC 'how to play Flam',2 chapters; live: was_live,6.18,False,longer than 20 minutes,False,also found
20,Flam,False,ne3vpwVWiJE,https://www.youtube.com/watch?v=ne3vpwVWiJE,From a Flam into a groove,The Progress of drumming by Michael Lattanzio,https://www.youtube.com/channel/UCtCN438X7COwi7nvb75UVQw,103,no,,CC-BY,Creative Commons Attribution license (reuse allowed),89,2560,1440,60.0,True,20260616,7,front,yes,thumbnail (auto),1.06,,True,False,"application (groove, fill or kit)",CC 'Flam Accent drum'; CC 'Flam Paradiddle drum'; CC 'Flam Paradiddle snare'; CC 'Flam Paradiddle-Diddle drum'; CC 'Flam Paradiddle-Diddle snare'; CC 'Flam Paradiddle-Diddle'; CC 'Flam drum'; CC 'Flam snare',,5.36,False,"application (groove, fill or kit)",False,also found
20,Flam,False,LCR3oOuIv2E,https://www.youtube.com/watch?v=LCR3oOuIv2E,How to use Buddy Rich's Flam drum solo.,カバT.m,https://www.youtube.com/channel/UC_PFR0Q6tfeAf5ye61MjSwQ,27,no,,CC-BY,Creative Commons Attribution license (reuse allowed),175,1920,1080,24.0,False,20200307,63,side,yes,thumbnail (auto),0.46,,True,False,"application (groove, fill or kit)",CC 'Flam Accent drum'; CC 'Flam Accent snare'; CC 'Flam Paradiddle'; CC 'Flam Tap drum'; CC 'Flam Tap snare'; CC 'Flam Tap'; CC 'Flam drum'; CC 'Flam lesson'; CC 'Flam rudiment'; CC 'Flam snare'; CC 'Flam tutorial'; CC 'Flam'; CC 'how to play Flam Accent'; CC 'how to play Flam Tap'; CC 'how to play ,,5.22,False,"application (groove, fill or kit)",False,also found
20,Flam,False,cxpZPW-_Kh0,https://www.youtube.com/watch?v=cxpZPW-_Kh0,From Flam to Groove !,The Progress of drumming by Michael Lattanzio,https://www.youtube.com/channel/UCtCN438X7COwi7nvb75UVQw,103,no,,CC-BY,Creative Commons Attribution license (reuse allowed),81,2560,1440,30.0,False,20241018,481,no player found,no,thumbnail (auto),,,True,False,"application (groove, fill or kit)",CC 'Flam drum',,4.07,False,"application (groove, fill or kit); no player or hands in the thumbnail",False,also found
20,Flam,False,kmp8PWBP3f4,https://www.youtube.com/watch?v=kmp8PWBP3f4,"Commentary on ""Vinnie Colaiuta style drum solo?6.""flam, ruff"" enhancement. With commentary.",カバT.m,https://www.youtube.com/channel/UC_PFR0Q6tfeAf5ye61MjSwQ,27,no,,CC-BY,Creative Commons Attribution license (reuse allowed),207,1920,1080,24.0,False,20200228,122,no player found,no,thumbnail (auto),,,True,False,"application (groove, fill or kit)",CC 'rudiment slow motion'; CC 'ruff rudiment',,3.84,False,"application (groove, fill or kit); no player or hands in the thumbnail",False,also found
20,Flam,False,-OEDbiVRUAY,https://www.youtube.com/watch?v=-OEDbiVRUAY,Flam 2 groove,The Progress of drumming by Michael Lattanzio,https://www.youtube.com/channel/UCtCN438X7COwi7nvb75UVQw,103,no,,CC-BY,Creative Commons Attribution license (reuse allowed),82,1280,720,25.0,False,20240228,99,no player found,no,thumbnail (auto),,,True,False,"application (groove, fill or kit)",CC 'Flam Accent drum'; CC 'Flam Accent rudiment'; CC 'Flam Accent snare'; CC 'Flam Accent'; CC 'Flam Paradiddle drum'; CC 'Flam Paradiddle rudiment'; CC 'Flam Paradiddle snare'; CC 'Flam Paradiddle'; CC 'Flam Paradiddle-Diddle drum'; CC 'Flam Paradiddle-Diddle rudiment'; CC 'Flam Paradiddle-Diddle s,,3.8,False,"application (groove, fill or kit); no player or hands in the thumbnail",False,also found
20,Flam,False,vP4CH68kH40,https://www.youtube.com/watch?v=vP4CH68kH40,Vic Firth Rudiment Lessons: Inverted Flam Taps,Vic Firth,https://www.youtube.com/channel/UC9N2JaiIWYR2GEN1tgHAczA,634000,yes,known channel (vic firth),Standard,,289,1280,720,60.0,True,20120319,29796,three-quarter,one,thumbnail (auto),0.75,,True,False,demo,'Inverted Flam Tap drum rudiment lesson'; 'Inverted Flam Tap rudiment'; 'Inverted Flam Tap snare drum'; 'vic firth Drag'; 'vic firth Flam Accent'; 'vic firth Flam Drag'; 'vic firth Flam Paradiddle-Diddle'; 'vic firth Flam Tap'; 'vic firth Flam'; 'vic firth Flamacue'; 'vic firth Inverted Flam Tap',,11.29,False,not Creative Commons (link only),False,also found
20,Flam,False,y3AXYj-IKfs,https://www.youtube.com/watch?v=y3AXYj-IKfs,Flam: Rudiment Breakdown by Dr. John Wooton,Vic Firth,https://www.youtube.com/channel/UC9N2JaiIWYR2GEN1tgHAczA,634000,yes,known channel (vic firth),Standard,,102,1920,1080,30.0,False,20120413,21470,three-quarter,yes,thumbnail (auto),0.81,,True,False,demo,'vic firth Flam',,11.23,False,not Creative Commons (link only),False,also found
20,Flam,False,OhfjKnyk5-0,https://www.youtube.com/watch?v=OhfjKnyk5-0,How To Play A Flam - Drum Rudiment Lesson,Drumeo,https://www.youtube.com/channel/UCBiJBaDaM3K6vPVggLhTyWA,5630000,yes,known channel (drumeo),Standard,,88,2560,1440,24.0,False,20230107,107076,three-quarter,one,thumbnail (auto),0.75,,True,False,demo,'Flam Accent rudiment practice pad'; 'Flam Accent rudiment'; 'Flam Accent snare drum'; 'Flam Drag drum rudiment lesson'; 'Flam Paradiddle drum rudiment lesson'; 'Flam Paradiddle rudiment practice pad'; 'Flam Paradiddle snare drum'; 'Flam drum rudiment lesson'; 'Flam rudiment practice pad'; 'Flam rud,,10.51,False,not Creative Commons (link only),False,also found
20,Flam,False,-_L5gN-1oyA,https://www.youtube.com/watch?v=-_L5gN-1oyA,The Orlando Drummer: Your New Flam Chop,Vic Firth,https://www.youtube.com/channel/UC9N2JaiIWYR2GEN1tgHAczA,634000,yes,known channel (vic firth),Standard,,602,1280,720,24.0,False,20150224,34685,three-quarter,no,thumbnail (auto),0.62,,True,False,demo,'vic firth Flam Accent',5 chapters,10.32,False,not Creative Commons (link only),False,also found
20,Flam,False,olQ64RkN5PQ,https://www.youtube.com/watch?v=olQ64RkN5PQ,The Flam: Vic Firth Rudiment Playalong,Vic Firth,https://www.youtube.com/channel/UC9N2JaiIWYR2GEN1tgHAczA,634000,yes,known channel (vic firth),Standard,,300,1280,720,30.0,False,20130411,89193,no player found,no,thumbnail (auto),,,True,False,demo,'Flam rudiment'; 'vic firth Flam Drag'; 'vic firth Flam Paradiddle'; 'vic firth Flam Paradiddle-Diddle'; 'vic firth Flam Tap'; 'vic firth Flam'; 'vic firth Flamacue',,9.98,False,not Creative Commons (link only),False,also found
21,Flam Accent,False,9-TyxBLt8a4,https://www.youtube.com/watch?v=9-TyxBLt8a4,FLAM ACCENT RUDIMENT (WITH NATATION),EAVE,https://www.youtube.com/channel/UCNXjDyAvZetqX_3vaXos_Pw,30,no,,CC-BY,Creative Commons Attribution license (reuse allowed),45,1920,1080,60.0,True,20190724,20,three-quarter,yes,thumbnail (auto),0.74,,True,False,demo,CC 'Flam Accent drum'; CC 'Flam Accent lesson'; CC 'Flam Accent rudiment'; CC 'Flam Accent snare'; CC 'Flam Accent tutorial'; CC 'Flam Accent'; CC 'Flam drum'; CC 'Flam lesson'; CC 'Flam rudiment'; CC 'Flam snare'; CC 'marching snare rudiment',short,8.03,True,,False,pick
21,Flam Accent,False,iB4wGSW8fs4,https://www.youtube.com/watch?v=iB4wGSW8fs4,Flam Accent,Luca Fortunato Drum,https://www.youtube.com/channel/UCmiV9nU0Up1HOU8xukWFRZw,249,no,,CC-BY,Creative Commons Attribution license (reuse allowed),128,810,1440,30.0,False,20200319,27,three-quarter,yes,thumbnail (auto),0.93,,True,False,demo,CC 'Flam Accent drum'; CC 'Flam Accent practice pad'; CC 'Flam Accent rudiment'; CC 'Flam Accent snare'; CC 'Flam Accent'; CC 'Flam Paradiddle practice pad'; CC 'Flam Tap practice pad'; CC 'Flam Tap snare'; CC 'Flam practice pad'; CC 'Inverted Flam Tap drum'; CC 'Inverted Flam Tap practice pad'; CC ,vertical,7.08,True,,False,pick
21,Flam Accent,False,yfSdAkNRHaY,https://www.youtube.com/watch?v=yfSdAkNRHaY,How to play a FLAM ACCENT! 🥁,DrumScoresOnline,https://www.youtube.com/channel/UCqoX1-UytpZkOaWbeSitd4g,5440,no,,CC-BY,Creative Commons Attribution license (reuse allowed),12,720,1280,50.0,True,20241028,6776,hands only,one,thumbnail (auto),,,True,False,demo,CC 'Flam Accent tutorial'; CC 'Flam Paradiddle tutorial'; CC 'Flam Paradiddle-Diddle tutorial'; CC 'Flam Tap tutorial'; CC 'Flam tutorial'; CC 'Inverted Flam Tap tutorial'; CC 'drum rudiment tutorial',short; vertical,6.53,True,,False,pick
21,Flam Accent,False,cXvXW9ijjl4,https://www.youtube.com/watch?v=cXvXW9ijjl4,Flam Accent Exercise1,null,https://www.youtube.com/channel/UCoiP3HEJH-eicv8O3AqW1AA,17300,no,,CC-BY,Creative Commons Attribution license (reuse allowed),34,1920,1080,30.0,False,20190319,83,hands only,one,thumbnail (auto),,,True,False,demo,CC 'Flam Accent drum'; CC 'Flam Accent lesson'; CC 'Flam Accent rudiment'; CC 'Flam Accent tutorial'; CC 'Flam Accent'; CC 'Flam drum'; CC 'Flam lesson'; CC 'Flam rudiment',short,5.77,True,,False,pick
21,Flam Accent,False,nEsKR6MPn3Q,https://www.youtube.com/watch?v=nEsKR6MPn3Q,Flam Accent Exercise2,null,https://www.youtube.com/channel/UCoiP3HEJH-eicv8O3AqW1AA,17300,no,,CC-BY,Creative Commons Attribution license (reuse allowed),50,1920,1080,30.0,False,20190319,66,hands only,one,thumbnail (auto),,,True,False,demo,CC 'Flam Accent',short,5.73,True,,False,pick
21,Flam Accent,False,tKaD09YEeII,https://www.youtube.com/watch?v=tKaD09YEeII,Flam Accent - Drum Rudiment Lesson (Drumeo),Drumeo,https://www.youtube.com/channel/UCBiJBaDaM3K6vPVggLhTyWA,5630000,yes,known channel (drumeo),Standard,,92,1920,1080,24.0,False,20161209,96427,three-quarter,yes,thumbnail (auto),0.88,,True,False,demo,'Flam Accent drum rudiment lesson'; 'Flam Accent rudiment practice pad'; 'Flam Accent rudiment'; 'Flam Accent snare drum'; 'vic firth Flam Accent',,11.49,False,not Creative Commons (link only),False,pick
21,Flam Accent,False,LUXEbV34hAM,https://www.youtube.com/watch?v=LUXEbV34hAM,Flam Accent: Rudiment Breakdown by Dr. John Wooton,Vic Firth,https://www.youtube.com/channel/UC9N2JaiIWYR2GEN1tgHAczA,634000,yes,known channel (vic firth),Standard,,113,1920,1080,30.0,False,20120413,15712,three-quarter,yes,thumbnail (auto),0.87,,True,False,demo,'Flam Accent snare drum'; 'vic firth Flam Accent',,11.18,False,not Creative Commons (link only),False,pick
21,Flam Accent,False,7oEAXyKNZzI,https://www.youtube.com/watch?v=7oEAXyKNZzI,How To Play A Flam Accent On The Drums - Drum Rudiment Lesson,Drumeo,https://www.youtube.com/channel/UCBiJBaDaM3K6vPVggLhTyWA,5630000,yes,known channel (drumeo),Standard,,170,2560,1440,24.0,False,20230312,4553,three-quarter,yes,thumbnail (auto),0.82,,True,False,demo,'Flam Accent drum rudiment lesson'; 'Flam Accent rudiment'; 'Flam Accent snare drum'; 'Flam drum rudiment lesson',,10.96,False,not Creative Commons (link only),False,pick
21,Flam Accent,False,SzOthVM3mMw,https://www.youtube.com/watch?v=SzOthVM3mMw,How To Drum - Flam Accent - Drum Rudiment,Stephen Taylor,https://www.youtube.com/channel/UCwT7TWaFxT-UZAPa9wdNChA,466000,yes,known channel (stephen taylor),Standard,,173,1280,720,30.0,False,20120325,4134,three-quarter,yes,thumbnail (auto),0.64,,True,False,demo,'Flam Accent drum rudiment lesson',,10.95,False,not Creative Commons (link only),False,pick
21,Flam Accent,False,cnxSzRWg-vo,https://www.youtube.com/watch?v=cnxSzRWg-vo,Vic Firth Rudiment Lessons: Flam Accent,Vic Firth,https://www.youtube.com/channel/UC9N2JaiIWYR2GEN1tgHAczA,634000,yes,known channel (vic firth),Standard,,314,1280,720,30.0,False,20130722,51620,hands only,yes,thumbnail (auto),,,True,False,demo,'Flam Accent drum rudiment lesson'; 'Flam Accent rudiment'; 'vic firth Flam Accent'; 'vic firth Flam Drag'; 'vic firth Flam Tap'; 'vic firth Flam'; 'vic firth Flamacue',,10.89,False,not Creative Commons (link only),False,pick
21,Flam Accent,False,DV782LQHqIQ,https://www.youtube.com/watch?v=DV782LQHqIQ,Rudiments 101. The Flam Accent.,Ali (Alipool),https://www.youtube.com/channel/UCIEg5pQYHacshaYoqwremCA,282,no,,CC-BY,Creative Commons Attribution license (reuse allowed),359,320,240,30.0,False,20111222,149,hands only,yes,thumbnail (auto),,,True,False,demo,CC '13 stroke roll rudiment'; CC 'Double Stroke Open Roll drum'; CC 'Double Stroke Open Roll rudiment'; CC 'Double Stroke Open Roll snare'; CC 'Double Stroke Open Roll tutorial'; CC 'Double Stroke Open Roll'; CC 'Flam Accent drum'; CC 'Flam Accent lesson'; CC 'Flam Accent rudiment'; CC 'Flam Accent ,,5.87,False,only 240p,False,also found
21,Flam Accent,False,9Df398KtZGY,https://www.youtube.com/watch?v=9Df398KtZGY,フラムアクセント,山背ドラムメソッド　世界最大のフレーズ集(再生リスト)、進化するモーラー奏法とグルーヴ解説,https://www.youtube.com/channel/UCrYpF0pFjQHm7P_ItcyvbKw,6040,no,,CC-BY,Creative Commons Attribution license (reuse allowed),408,1920,1080,30.0,False,20140817,1845,no player found,no,thumbnail (auto),,,False,False,demo,CC 'Swiss Army Triplet snare'; CC 'how to play Flam Accent',,4.31,False,title does not name this rudiment; no player or hands in the thumbnail,False,also found
21,Flam Accent,False,HkcDVoJ8QTc,https://www.youtube.com/watch?v=HkcDVoJ8QTc,Flam Accent Madness - Free Drum Lessons,Drumeo,https://www.youtube.com/channel/UCBiJBaDaM3K6vPVggLhTyWA,5630000,yes,known channel (drumeo),Standard,,530,1920,1080,24.0,False,20120518,147516,three-quarter,one,thumbnail (auto),0.7,,True,False,demo,'Flam Accent drum rudiment lesson',5 chapters,10.57,False,not Creative Commons (link only),False,also found
21,Flam Accent,False,rJOQ-Y7Rqoo,https://www.youtube.com/watch?v=rJOQ-Y7Rqoo,Flam Accent: Vic Firth Rudiment Playalong,Vic Firth,https://www.youtube.com/channel/UC9N2JaiIWYR2GEN1tgHAczA,634000,yes,known channel (vic firth),Standard,,325,1280,720,30.0,False,20130722,106606,no player found,no,thumbnail (auto),,,True,False,demo,'Flam Accent drum rudiment lesson'; 'Flam Accent rudiment'; 'Flam Accent snare drum'; 'Flam rudiment'; 'vic firth Flam Accent'; 'vic firth Flam Drag'; 'vic firth Flam Tap'; 'vic firth Flam'; 'vic firth Flamacue',,10.01,False,not Creative Commons (link only),False,also found
21,Flam Accent,False,JQzUtDgCwnI,https://www.youtube.com/watch?v=JQzUtDgCwnI,How To Play A Flam Accent - Drum Rudiment Lesson,Drumeo,https://www.youtube.com/channel/UCBiJBaDaM3K6vPVggLhTyWA,5630000,yes,known channel (drumeo),Standard,,104,2560,1440,24.0,False,20230107,27346,unknown,one,thumbnail (auto),,,True,False,demo,'Flam Accent drum rudiment lesson'; 'Flam Accent rudiment practice pad'; 'Flam Accent rudiment'; 'Flam Accent snare drum'; 'Flam Tap snare drum'; 'Flam drum rudiment lesson'; 'Flam rudiment practice pad'; 'vic firth Flam Accent',,9.77,False,not Creative Commons (link only),False,also found
21,Flam Accent,False,zRmr6ZYkKso,https://www.youtube.com/watch?v=zRmr6ZYkKso,Flam Accent - Drum Lessons,Drumeo,https://www.youtube.com/channel/UCBiJBaDaM3K6vPVggLhTyWA,5630000,yes,known channel (drumeo),Standard,,77,640,480,30.0,False,20070810,24367,front,yes,thumbnail (auto),1.04,,True,False,demo,'Flam Accent drum rudiment lesson'; 'Flam Accent rudiment',,9.75,False,not Creative Commons (link only),False,also found
21,Flam Accent,False,IihtKe7NAYA,https://www.youtube.com/watch?v=IihtKe7NAYA,Drum Rudiments #21 - Flam Accent - DrumRudiments.com,DrumRudiments,https://www.youtube.com/channel/UCFjAPbK0sCk_5TKsgSmSQzQ,32600,no,,Standard,,39,432,360,30.0,False,20070320,300469,side,one,thumbnail (auto),0.47,,True,False,demo,'Flam Accent drum rudiment lesson'; 'Flam Accent rudiment practice pad'; 'Flam Accent rudiment'; 'Flam Accent snare drum',short,6.69,False,not Creative Commons (link only),False,also found
22,Flam Tap,False,JoPv2fKaHYw,https://www.youtube.com/watch?v=JoPv2fKaHYw,FLAM TAP RUDIMENT (WITH NATATION),EAVE,https://www.youtube.com/channel/UCNXjDyAvZetqX_3vaXos_Pw,30,no,,CC-BY,Creative Commons Attribution license (reuse allowed),49,1920,1080,60.0,True,20190723,78,three-quarter,yes,thumbnail (auto),0.68,,True,False,demo,CC 'Drag rudiment'; CC 'Flam Accent drum'; CC 'Flam Accent lesson'; CC 'Flam Accent rudiment'; CC 'Flam Accent snare'; CC 'Flam Accent tutorial'; CC 'Flam Accent'; CC 'Flam Drag drum'; CC 'Flam Drag lesson'; CC 'Flam Drag rudiment'; CC 'Flam Drag snare'; CC 'Flam Drag tutorial'; CC 'Flam Drag'; CC ',short,8.26,True,,False,pick
22,Flam Tap,False,tI8aXsEOmDQ,https://www.youtube.com/watch?v=tI8aXsEOmDQ,Flam Tap フラムタップ,山背ドラムメソッド　世界最大のフレーズ集(再生リスト)、進化するモーラー奏法とグルーヴ解説,https://www.youtube.com/channel/UCrYpF0pFjQHm7P_ItcyvbKw,6040,no,,CC-BY,Creative Commons Attribution license (reuse allowed),384,1920,1080,30.0,False,20140914,2058,three-quarter,yes,thumbnail (auto),0.73,,True,False,demo,CC 'Flam Tap drum'; CC 'Flam Tap lesson'; CC 'Flam Tap rudiment'; CC 'Flam Tap snare'; CC 'Flam Tap tutorial'; CC 'Flam Tap'; CC 'Flam tutorial'; CC 'Flamacue drum'; CC 'Flamacue rudiment'; CC 'Flamacue snare'; CC 'Flamacue tutorial'; CC 'how to play Flam Tap'; CC 'how to play Flam',,7.83,True,,False,pick
22,Flam Tap,False,AUzZyNLiF3U,https://www.youtube.com/watch?v=AUzZyNLiF3U,Flam Tap,Luca Fortunato Drum,https://www.youtube.com/channel/UCmiV9nU0Up1HOU8xukWFRZw,249,no,,CC-BY,Creative Commons Attribution license (reuse allowed),126,720,1280,30.0,False,20200317,19,three-quarter,yes,thumbnail (auto),0.9,,True,False,demo,CC 'Flam Accent snare'; CC 'Flam Tap drum'; CC 'Flam Tap lesson'; CC 'Flam Tap rudiment'; CC 'Flam Tap snare'; CC 'Flam Tap tutorial'; CC 'Flam Tap',vertical,7.02,True,,False,pick
22,Flam Tap,False,xAp6_1Q5OqY,https://www.youtube.com/watch?v=xAp6_1Q5OqY,Flam Tap,null,https://www.youtube.com/channel/UCoiP3HEJH-eicv8O3AqW1AA,17300,no,,CC-BY,Creative Commons Attribution license (reuse allowed),70,1920,1080,30.0,False,20190417,133,hands only,yes,thumbnail (auto),,,True,False,demo,CC 'Flam Accent drum'; CC 'Flam Accent lesson'; CC 'Flam Accent rudiment'; CC 'Flam Accent snare'; CC 'Flam Accent tutorial'; CC 'Flam Accent'; CC 'Flam Paradiddle drum'; CC 'Flam Paradiddle lesson'; CC 'Flam Paradiddle rudiment'; CC 'Flam Paradiddle snare'; CC 'Flam Paradiddle tutorial'; CC 'Flam P,,6.85,True,,False,pick
22,Flam Tap,False,pbNVKl8P2HY,https://www.youtube.com/watch?v=pbNVKl8P2HY,Flam Tap - Drum Rudiment Lesson (Drumeo),Drumeo,https://www.youtube.com/channel/UCBiJBaDaM3K6vPVggLhTyWA,5630000,yes,known channel (drumeo),Standard,,78,1920,1080,24.0,False,20161209,90762,three-quarter,yes,thumbnail (auto),0.93,,True,False,demo,'Flam Tap drum rudiment lesson'; 'Flam Tap rudiment practice pad'; 'Flam Tap rudiment'; 'Flam Tap snare drum'; 'vic firth Flam Tap',1 chapters,11.48,False,not Creative Commons (link only),False,pick
22,Flam Tap,False,nhF-ovLycks,https://www.youtube.com/watch?v=nhF-ovLycks,How To Play A Flam Tap - Drum Rudiment Lesson,Drumeo,https://www.youtube.com/channel/UCBiJBaDaM3K6vPVggLhTyWA,5630000,yes,known channel (drumeo),Standard,,108,2560,1440,24.0,False,20230118,49790,three-quarter,yes,thumbnail (auto),0.8,,True,False,demo,'Flam Tap drum rudiment lesson'; 'Flam Tap rudiment practice pad'; 'Flam Tap rudiment'; 'Flam Tap snare drum'; 'Flam drum rudiment lesson'; 'vic firth Flam Tap',3 chapters,11.38,False,not Creative Commons (link only),False,pick
22,Flam Tap,False,ks7KrnPjgf4,https://www.youtube.com/watch?v=ks7KrnPjgf4,Flam Tap: Rudiment Breakdown by Dr. John Wooton,Vic Firth,https://www.youtube.com/channel/UC9N2JaiIWYR2GEN1tgHAczA,634000,yes,known channel (vic firth),Standard,,105,1920,1080,30.0,False,20120413,11861,three-quarter,yes,thumbnail (auto),0.78,,True,False,demo,'Flam Tap rudiment'; 'vic firth Flam Tap',,11.13,False,not Creative Commons (link only),False,pick
22,Flam Tap,False,VeQJb8AIuB8,https://www.youtube.com/watch?v=VeQJb8AIuB8,How To Play A Flam Tap On The Drums - Drum Rudiment Lesson,Drumeo,https://www.youtube.com/channel/UCBiJBaDaM3K6vPVggLhTyWA,5630000,yes,known channel (drumeo),Standard,,185,2560,1440,24.0,False,20230312,4255,three-quarter,yes,thumbnail (auto),0.76,,True,False,demo,'Flam Tap drum rudiment lesson'; 'Flam Tap rudiment',,10.95,False,not Creative Commons (link only),False,pick
22,Flam Tap,False,GU9t348wXwo,https://www.youtube.com/watch?v=GU9t348wXwo,Flam Tap,HAJIME DRUM CHANNEL,https://www.youtube.com/channel/UC_wwEelJjRGmBi8UqMew3Sw,342,yes,known channel (drum channel),Standard,,53,1920,1440,30.0,False,20221217,17371,hands only,yes,thumbnail (auto),,,True,False,demo,'Flam Tap rudiment practice pad',short,10.7,False,not Creative Commons (link only),False,pick
22,Flam Tap,False,9Xa-wmtekRM,https://www.youtube.com/watch?v=9Xa-wmtekRM,Group Sticking 4-4-4 in Swing Groove w/Flam Tap,null,https://www.youtube.com/channel/UCoiP3HEJH-eicv8O3AqW1AA,17300,no,,CC-BY,Creative Commons Attribution license (reuse allowed),155,1920,1080,30.0,False,20190916,178,no player found,no,thumbnail (auto),,,True,False,"application (groove, fill or kit)",CC 'Flam Tap drum'; CC 'Flam Tap lesson'; CC 'Flam Tap tutorial'; CC 'Flam Tap',,3.9,False,"application (groove, fill or kit); no player or hands in the thumbnail",False,also found
22,Flam Tap,False,z5ua-veDtZM,https://www.youtube.com/watch?v=z5ua-veDtZM,Flam Tap Variation with Swing Groove,null,https://www.youtube.com/channel/UCoiP3HEJH-eicv8O3AqW1AA,17300,no,,CC-BY,Creative Commons Attribution license (reuse allowed),103,1920,1080,30.0,False,20190417,90,no player found,no,thumbnail (auto),,,True,False,"application (groove, fill or kit)",CC 'Flam Accent tutorial'; CC 'Flam Drag drum'; CC 'Flam Drag tutorial'; CC 'Flam Drag'; CC 'Flam Tap drum'; CC 'Flam Tap lesson'; CC 'Flam Tap rudiment'; CC 'Flam Tap snare'; CC 'Flam Tap tutorial'; CC 'Flam Tap'; CC 'Flam drum'; CC 'Flam snare'; CC 'Flam tutorial'; CC 'Inverted Flam Tap drum'; CC ,,3.78,False,"application (groove, fill or kit); no player or hands in the thumbnail",False,also found
22,Flam Tap,False,T_RLENV2NFw,https://www.youtube.com/watch?v=T_RLENV2NFw,How To Play Flam and Flam Tap | Rudiments for Beginners,Drum Lessons with Joe The Drummer,https://www.youtube.com/channel/UCMo739UTJ9tHKQffMBRQEZA,3620,yes,known channel (drum lessons with),Standard,,443,1920,1080,25.0,False,20220301,696,three-quarter,yes,thumbnail (auto),0.85,,True,False,demo,'Flam Tap drum rudiment lesson',,10.64,False,not Creative Commons (link only),False,also found
22,Flam Tap,False,s8zGp-lhipk,https://www.youtube.com/watch?v=s8zGp-lhipk,Flam Tap: Vic Firth Rudiment Playalong,Vic Firth,https://www.youtube.com/channel/UC9N2JaiIWYR2GEN1tgHAczA,634000,yes,known channel (vic firth),Standard,,277,1280,720,30.0,False,20130607,112640,no player found,no,thumbnail (auto),,,True,False,demo,'Flam Tap drum rudiment lesson'; 'Flam Tap rudiment practice pad'; 'Flam Tap rudiment'; 'Flam Tap snare drum'; 'Inverted Flam Tap rudiment practice pad'; 'vic firth Flam Accent'; 'vic firth Flam Drag'; 'vic firth Flam Paradiddle'; 'vic firth Flam Tap'; 'vic firth Flam'; 'vic firth Inverted Flam Tap',,10.02,False,not Creative Commons (link only),False,also found
22,Flam Tap,False,BwJuBTCcr5E,https://www.youtube.com/watch?v=BwJuBTCcr5E,Vic Firth Rudiment Lessons: Flam Tap,Vic Firth,https://www.youtube.com/channel/UC9N2JaiIWYR2GEN1tgHAczA,634000,yes,known channel (vic firth),Standard,,386,1280,720,30.0,False,20110907,101367,unknown,no,thumbnail (auto),,,True,False,demo,'Flam Tap drum rudiment lesson'; 'Flam Tap rudiment'; 'Flam Tap snare drum'; 'vic firth Flam Drag'; 'vic firth Flam Paradiddle'; 'vic firth Flam Tap'; 'vic firth Flam'; 'vic firth Inverted Flam Tap',,10.0,False,not Creative Commons (link only),False,also found
22,Flam Tap,False,8nm2PKFBeLQ,https://www.youtube.com/watch?v=8nm2PKFBeLQ,Pearl Drum Rudiments - Flam Tap,Pearl Drums,https://www.youtube.com/channel/UCmGi7DMBXl7aTOG1HDbRWoQ,121000,yes,known channel (pearl),Standard,,42,1280,720,30.0,False,20120813,16966,no player found,no,thumbnail (auto),,,True,False,demo,'Flam Tap drum rudiment lesson'; 'Flam Tap rudiment'; 'Flam Tap snare drum',short,9.69,False,not Creative Commons (link only),False,also found
22,Flam Tap,False,FU1Jq1xm4Mk,https://www.youtube.com/watch?v=FU1Jq1xm4Mk,A Fresh Approach to Snare Drum: Lesson 8 (A): Flam Tap,Vic Firth,https://www.youtube.com/channel/UC9N2JaiIWYR2GEN1tgHAczA,634000,yes,known channel (vic firth),Standard,,214,720,480,30.0,False,20110823,2783,front,one,thumbnail (auto),1.83,,True,False,demo,'Flam Tap snare drum'; 'vic firth Flam Tap',,8.38,False,not Creative Commons (link only),False,also found
23,Flamacue,False,FciVy14Z4Zc,https://www.youtube.com/watch?v=FciVy14Z4Zc,FLAMACUE RUDIMENT (WITH NATATION),EAVE,https://www.youtube.com/channel/UCNXjDyAvZetqX_3vaXos_Pw,30,no,,CC-BY,Creative Commons Attribution license (reuse allowed),61,1920,1080,60.0,True,20190723,38,three-quarter,yes,thumbnail (auto),0.71,,True,False,demo,CC '5 stroke roll rudiment'; CC 'Double Ratamacue drum'; CC 'Double Ratamacue lesson'; CC 'Double Ratamacue rudiment'; CC 'Double Ratamacue snare'; CC 'Double Ratamacue tutorial'; CC 'Double Ratamacue'; CC 'Five Stroke Roll drum'; CC 'Five Stroke Roll'; CC 'Flam Accent drum'; CC 'Flam Accent lesson',,8.14,True,,False,pick
23,Flamacue,False,GTZWL-UMTyg,https://www.youtube.com/watch?v=GTZWL-UMTyg,フラマキュー Flamacue,山背ドラムメソッド　世界最大のフレーズ集(再生リスト)、進化するモーラー奏法とグルーヴ解説,https://www.youtube.com/channel/UCrYpF0pFjQHm7P_ItcyvbKw,6040,no,,CC-BY,Creative Commons Attribution license (reuse allowed),239,1920,1080,30.0,False,20141019,1976,three-quarter,yes,thumbnail (auto),0.67,,True,False,demo,CC 'Flamacue drum'; CC 'Flamacue lesson'; CC 'Flamacue rudiment'; CC 'Flamacue snare'; CC 'Flamacue tutorial'; CC 'Flamacue'; CC 'how to play Flamacue',,7.82,True,,False,pick
23,Flamacue,False,ByntyiW7uQU,https://www.youtube.com/watch?v=ByntyiW7uQU,Vic Firth Rudiment Lessons: Flamacue,Vic Firth,https://www.youtube.com/channel/UC9N2JaiIWYR2GEN1tgHAczA,634000,yes,known channel (vic firth),Standard,,593,1280,720,30.0,False,20120125,93035,three-quarter,yes,thumbnail (auto),0.84,,True,False,demo,'Flamacue drum rudiment lesson'; 'Flamacue rudiment'; 'Flamacue snare drum'; 'vic firth Flam Accent'; 'vic firth Flam Drag'; 'vic firth Flam Tap'; 'vic firth Flam'; 'vic firth Flamacue'; 'vic firth Lesson 25'; 'vic firth Pataflafla'; 'vic firth Single Flammed Mill'; 'vic firth Single Paradiddle'; 'v,4 chapters,11.49,False,not Creative Commons (link only),False,pick
23,Flamacue,False,M9x7LNWdois,https://www.youtube.com/watch?v=M9x7LNWdois,Flamacue - Drum Rudiment Lesson (Drumeo),Drumeo,https://www.youtube.com/channel/UCBiJBaDaM3K6vPVggLhTyWA,5630000,yes,known channel (drumeo),Standard,,94,1920,1080,24.0,False,20161209,71110,three-quarter,yes,thumbnail (auto),0.82,,True,False,demo,'Flamacue drum rudiment lesson'; 'Flamacue rudiment practice pad'; 'Flamacue rudiment'; 'Flamacue snare drum'; 'vic firth Flamacue',,11.44,False,not Creative Commons (link only),False,pick
23,Flamacue,False,cVHQWfRDa_c,https://www.youtube.com/watch?v=cVHQWfRDa_c,Flamacue: Rudiment Breakdown by Dr. John Wooton,Vic Firth,https://www.youtube.com/channel/UC9N2JaiIWYR2GEN1tgHAczA,634000,yes,known channel (vic firth),Standard,,118,1920,1080,30.0,False,20120413,12147,three-quarter,yes,thumbnail (auto),0.8,,True,False,demo,'vic firth Flamacue',,11.13,False,not Creative Commons (link only),False,pick
23,Flamacue,False,4AizCP7DTPI,https://www.youtube.com/watch?v=4AizCP7DTPI,How To Play A Flamacue On The Drums - Drum Rudiment Lesson,Drumeo,https://www.youtube.com/channel/UCBiJBaDaM3K6vPVggLhTyWA,5630000,yes,known channel (drumeo),Standard,,174,2560,1440,24.0,False,20230312,5687,three-quarter,yes,thumbnail (auto),0.76,,True,False,demo,'Flamacue drum rudiment lesson'; 'Flamacue rudiment',,11.0,False,not Creative Commons (link only),False,pick
23,Flamacue,False,9lJ9DhVRX70,https://www.youtube.com/watch?v=9lJ9DhVRX70,How To Play A Flamacue - Drum Rudiment Lesson,Drumeo,https://www.youtube.com/channel/UCBiJBaDaM3K6vPVggLhTyWA,5630000,yes,known channel (drumeo),Standard,,153,2560,1440,24.0,False,20230118,27599,three-quarter,one,thumbnail (auto),0.91,,True,False,demo,'Flam Accent drum rudiment lesson'; 'Flam drum rudiment lesson'; 'Flamacue drum rudiment lesson'; 'Flamacue rudiment practice pad'; 'Flamacue rudiment'; 'Flamacue snare drum'; 'vic firth Flamacue',,10.28,False,not Creative Commons (link only),False,pick
23,Flamacue,False,InGODzXyPq8,https://www.youtube.com/watch?v=InGODzXyPq8,40 Rudimentos - III. FLAM RUDIMENTS - 23. Flamacue,ESTUDE BATERIA,https://www.youtube.com/channel/UCVN6V8fPSRXg1UCWcotqkoA,2280,no,,CC-BY,Creative Commons Attribution license (reuse allowed),39,1920,1080,60.0,True,20200622,79,no player found,no,thumbnail (auto),,,True,False,demo,CC '15 stroke roll rudiment'; CC '40 drum rudiments'; CC 'Drag Paradiddle 2'; CC 'Drag rudiment'; CC 'Fifteen Stroke Roll rudiment'; CC 'Flam Accent drum'; CC 'Flam Accent lesson'; CC 'Flam Accent rudiment'; CC 'Flam Accent snare'; CC 'Flam Accent tutorial'; CC 'Flam Accent'; CC 'Flam Drag drum'; CC,short,6.76,False,no player or hands in the thumbnail,False,also found
23,Flamacue,False,DHdICShOBAA,https://www.youtube.com/watch?v=DHdICShOBAA,Flamacue,null,https://www.youtube.com/channel/UCoiP3HEJH-eicv8O3AqW1AA,17300,no,,CC-BY,Creative Commons Attribution license (reuse allowed),77,1920,1080,30.0,False,20190430,23,no player found,no,thumbnail (auto),,,True,False,demo,CC 'Flamacue drum'; CC 'Flamacue lesson'; CC 'Flamacue rudiment'; CC 'Flamacue tutorial'; CC 'Flamacue'; CC 'Single Flammed Mill drum'; CC 'Single Flammed Mill rudiment'; CC 'Single Flammed Mill tutorial'; CC 'Single Flammed Mill'; CC 'flamadiddle rudiment'; CC 'how to play Flamacue',,5.55,False,no player or hands in the thumbnail,False,also found
23,Flamacue,False,NjoI4lZkwqo,https://www.youtube.com/watch?v=NjoI4lZkwqo,Pearl Drum Rudiments - Flamacue,Pearl Drums,https://www.youtube.com/channel/UCmGi7DMBXl7aTOG1HDbRWoQ,121000,yes,known channel (pearl),Standard,,51,1920,1080,30.0,False,20130723,1849,unknown,no,thumbnail (auto),,,True,False,demo,'Flamacue drum rudiment lesson'; 'Flamacue rudiment'; 'Flamacue snare drum'; 'vic firth Flamacue',short,9.31,False,not Creative Commons (link only),False,also found
23,Flamacue,False,dtMPoa5Wf-o,https://www.youtube.com/watch?v=dtMPoa5Wf-o,A Fresh Approach to Snare Drum: Lesson 12 (D) Flamacue,Vic Firth,https://www.youtube.com/channel/UC9N2JaiIWYR2GEN1tgHAczA,634000,yes,known channel (vic firth),Standard,,187,720,480,30.0,False,20110823,1234,front,yes,thumbnail (auto),1.28,,True,False,demo,'Flamacue snare drum'; 'vic firth Flamacue',4 chapters,9.24,False,not Creative Commons (link only),False,also found
23,Flamacue,False,Tx1by0J2FV0,https://www.youtube.com/watch?v=Tx1by0J2FV0,Flamacue - Drum Lessons,Drumeo,https://www.youtube.com/channel/UCBiJBaDaM3K6vPVggLhTyWA,5630000,yes,known channel (drumeo),Standard,,94,640,480,30.0,False,20070811,33253,no player found,no,thumbnail (auto),,,True,False,demo,'Flamacue drum rudiment lesson'; 'Flamacue rudiment',,8.81,False,not Creative Commons (link only),False,also found
23,Flamacue,False,9l-hEpmpzkM,https://www.youtube.com/watch?v=9l-hEpmpzkM,Snare Rudiment: Flamacue,Rudimental Lick of the Week,https://www.youtube.com/channel/UC59cdVwbhsqSnHo4JWEq5Ag,93,yes,known channel (rudimental),Standard,,14,1920,1080,10.0,False,20160208,106,no player found,no,thumbnail (auto),,,True,False,demo,'Flamacue rudiment practice pad'; 'Flamacue snare drum',short,7.81,False,not Creative Commons (link only),False,also found
23,Flamacue,False,FbjkpkcNaig,https://www.youtube.com/watch?v=FbjkpkcNaig,Drum Rudiments #23 - Flamacue - DrumRudiments.com,DrumRudiments,https://www.youtube.com/channel/UCFjAPbK0sCk_5TKsgSmSQzQ,32600,no,,Standard,,27,432,360,30.0,False,20070320,280290,no player found,no,thumbnail (auto),,,True,False,demo,'Flamacue drum rudiment lesson'; 'Flamacue rudiment practice pad'; 'Flamacue rudiment'; 'Flamacue snare drum'; 'vic firth Flamacue',short,6.18,False,not Creative Commons (link only),False,also found
24,Flam Paradiddle,False,ziEvGDjz4Wg,https://www.youtube.com/watch?v=ziEvGDjz4Wg,FLAM PARADIDDLE RUDIMENT WITH NATATION,EAVE,https://www.youtube.com/channel/UCNXjDyAvZetqX_3vaXos_Pw,30,no,,CC-BY,Creative Commons Attribution license (reuse allowed),56,1920,1080,60.0,True,20190731,31,three-quarter,yes,thumbnail (auto),0.71,,True,False,demo,CC 'Flam Accent drum'; CC 'Flam Accent lesson'; CC 'Flam Accent rudiment'; CC 'Flam Accent tutorial'; CC 'Flam Accent'; CC 'Flam Paradiddle drum'; CC 'Flam Paradiddle lesson'; CC 'Flam Paradiddle rudiment'; CC 'Flam Paradiddle tutorial'; CC 'Flam Paradiddle'; CC 'Flam Paradiddle-Diddle drum'; CC 'Fl,short,8.1,True,,False,pick
24,Flam Paradiddle,False,4_xWnXHYiR4,https://www.youtube.com/watch?v=4_xWnXHYiR4,Flam Paradiddle - Drum Rudiment Lesson (Drumeo),Drumeo,https://www.youtube.com/channel/UCBiJBaDaM3K6vPVggLhTyWA,5630000,yes,known channel (drumeo),Standard,,78,1920,1080,24.0,False,20161209,49090,three-quarter,yes,thumbnail (auto),0.86,,True,False,demo,'Flam Paradiddle drum rudiment lesson'; 'Flam Paradiddle rudiment practice pad'; 'Flam Paradiddle rudiment'; 'Flam Paradiddle snare drum'; 'Flam Paradiddle-Diddle drum rudiment lesson'; 'Flam Paradiddle-Diddle rudiment practice pad'; 'Flam Paradiddle-Diddle rudiment'; 'Flam rudiment'; 'Single Paradi,1 chapters,11.38,False,not Creative Commons (link only),False,pick
24,Flam Paradiddle,False,irSUsg_vvq0,https://www.youtube.com/watch?v=irSUsg_vvq0,Flam Paradiddle: Rudiment Breakdown by Dr. John Wooton,Vic Firth,https://www.youtube.com/channel/UC9N2JaiIWYR2GEN1tgHAczA,634000,yes,known channel (vic firth),Standard,,107,1920,1080,30.0,False,20120413,10195,three-quarter,yes,thumbnail (auto),0.8,,True,False,demo,'Flam Paradiddle rudiment'; 'vic firth Flam Paradiddle'; 'vic firth Flam Paradiddle-Diddle',,11.1,False,not Creative Commons (link only),False,pick
24,Flam Paradiddle,False,52qkMZyyyrc,https://www.youtube.com/watch?v=52qkMZyyyrc,Pearl Drum Rudiments - Flam Paradiddle,Pearl Drums,https://www.youtube.com/channel/UCmGi7DMBXl7aTOG1HDbRWoQ,121000,yes,known channel (pearl),Standard,,38,1280,720,30.0,False,20120813,4628,three-quarter,yes,thumbnail (auto),0.9,,True,False,demo,'Flam Paradiddle rudiment',short,10.97,False,not Creative Commons (link only),False,pick
24,Flam Paradiddle,False,916tpAVb34g,https://www.youtube.com/watch?v=916tpAVb34g,How To Play A Flam Paradiddle On The Drums - Drum Rudiment Lesson,Drumeo,https://www.youtube.com/channel/UCBiJBaDaM3K6vPVggLhTyWA,5630000,yes,known channel (drumeo),Standard,,177,2560,1440,24.0,False,20230312,4151,three-quarter,yes,thumbnail (auto),0.78,,True,False,demo,'Flam Paradiddle drum rudiment lesson'; 'Flam Paradiddle rudiment',,10.95,False,not Creative Commons (link only),False,pick
24,Flam Paradiddle,False,ATt8oQ7v7SU,https://www.youtube.com/watch?v=ATt8oQ7v7SU,Vic Firth Rudiment Lessons: Flam Paradiddle,Vic Firth,https://www.youtube.com/channel/UC9N2JaiIWYR2GEN1tgHAczA,634000,yes,known channel (vic firth),Standard,,310,1280,720,30.0,False,20120206,62508,hands only,yes,thumbnail (auto),,,True,False,demo,'Flam Paradiddle drum rudiment lesson'; 'Flam Paradiddle rudiment'; 'Flam Paradiddle snare drum'; 'Flam Paradiddle-Diddle drum rudiment lesson'; 'Flam Paradiddle-Diddle rudiment'; 'vic firth Double Paradiddle'; 'vic firth Drag Paradiddle 1'; 'vic firth Flam Drag'; 'vic firth Flam Paradiddle'; 'vic f,4 chapters,10.92,False,not Creative Commons (link only),False,pick
24,Flam Paradiddle,False,zxACwK1VxVY,https://www.youtube.com/watch?v=zxACwK1VxVY,40 Rudimentos - 24. Flam Paradiddle *,ESTUDE BATERIA,https://www.youtube.com/channel/UCVN6V8fPSRXg1UCWcotqkoA,2280,no,,CC-BY,Creative Commons Attribution license (reuse allowed),55,1920,1080,60.0,True,20200629,138,no player found,no,thumbnail (auto),,,True,False,demo,CC '40 drum rudiments'; CC 'Drag Paradiddle 1 drum'; CC 'Drag Paradiddle 1 lesson'; CC 'Drag Paradiddle 1 rudiment'; CC 'Drag Paradiddle 1 snare'; CC 'Drag Paradiddle 1 tutorial'; CC 'Drag Paradiddle 1'; CC 'Drag Paradiddle 2 drum'; CC 'Drag Paradiddle 2 lesson'; CC 'Drag Paradiddle 2 rudiment'; CC ,short,6.86,False,no player or hands in the thumbnail,False,also found
24,Flam Paradiddle,False,leNp0zF0-qs,https://www.youtube.com/watch?v=leNp0zF0-qs,Flam Paradiddle 爵士鼓教學,null,https://www.youtube.com/channel/UCoiP3HEJH-eicv8O3AqW1AA,17300,no,,CC-BY,Creative Commons Attribution license (reuse allowed),33,1920,1080,30.0,False,20180625,284,no player found,no,thumbnail (auto),,,True,False,demo,CC 'Flam Paradiddle drum'; CC 'Flam Paradiddle lesson'; CC 'Flam Paradiddle rudiment'; CC 'Flam Paradiddle snare'; CC 'Flam Paradiddle'; CC 'Flam Paradiddle-Diddle drum'; CC 'Flam Paradiddle-Diddle lesson'; CC 'Flam Paradiddle-Diddle rudiment'; CC 'flam paradiddle diddle rudiment',short,5.98,False,no player or hands in the thumbnail,False,also found
24,Flam Paradiddle,False,NirrZ-xqeug,https://www.youtube.com/watch?v=NirrZ-xqeug,Flam Paradiddle,null,https://www.youtube.com/channel/UCoiP3HEJH-eicv8O3AqW1AA,17300,no,,CC-BY,Creative Commons Attribution license (reuse allowed),33,1920,1080,30.0,False,20190326,46,no player found,no,thumbnail (auto),,,True,False,demo,CC 'Flam Accent'; CC 'Flam Paradiddle drum'; CC 'Flam Paradiddle'; CC 'Flam Paradiddle-Diddle drum'; CC 'Flam Paradiddle-Diddle'; CC 'Flam drum'; CC 'Flam'; CC 'how to play Flam Accent'; CC 'how to play Flam Paradiddle'; CC 'how to play Flam Paradiddle-Diddle'; CC 'how to play Flam',short,5.67,False,no player or hands in the thumbnail,False,also found
24,Flam Paradiddle,False,EiqlilXfWts,https://www.youtube.com/watch?v=EiqlilXfWts,Flam Paradiddle 4 4 4 on Swing Groove 爵士鼓教學進階,null,https://www.youtube.com/channel/UCoiP3HEJH-eicv8O3AqW1AA,17300,no,,CC-BY,Creative Commons Attribution license (reuse allowed),112,1920,1080,30.0,False,20191111,490,no player found,no,thumbnail (auto),,,True,False,"application (groove, fill or kit)",CC 'Flam Paradiddle tutorial'; CC 'Flam Paradiddle',,4.08,False,"application (groove, fill or kit); no player or hands in the thumbnail",False,also found
24,Flam Paradiddle,False,TSQeZ4McenU,https://www.youtube.com/watch?v=TSQeZ4McenU,Flam Paradiddle on Samba Ostinato,null,https://www.youtube.com/channel/UCoiP3HEJH-eicv8O3AqW1AA,17300,no,,CC-BY,Creative Commons Attribution license (reuse allowed),50,1920,1080,30.0,False,20190326,90,hands only,one,thumbnail (auto),,,True,False,"application (groove, fill or kit)",CC 'Double Paradiddle'; CC 'Drag Paradiddle 1 lesson'; CC 'Drag Paradiddle 1'; CC 'Drag Paradiddle 2 drum'; CC 'Drag Paradiddle 2'; CC 'Flam Accent'; CC 'Flam Drag drum'; CC 'Flam Drag'; CC 'Flam Paradiddle drum'; CC 'Flam Paradiddle lesson'; CC 'Flam Paradiddle rudiment'; CC 'Flam Paradiddle snare',short,3.78,False,"application (groove, fill or kit)",False,also found
24,Flam Paradiddle,False,ydKsUzNMXxM,https://www.youtube.com/watch?v=ydKsUzNMXxM,Pearl Drum Rudiments - Flam Paradiddle,Pearl Drums,https://www.youtube.com/channel/UCmGi7DMBXl7aTOG1HDbRWoQ,121000,yes,known channel (pearl),Standard,,64,1920,1080,30.0,False,20130723,1937,three-quarter,yes,thumbnail (auto),0.76,,True,False,demo,'Flam Paradiddle drum rudiment lesson'; 'Flam Paradiddle rudiment'; 'Flam Paradiddle-Diddle drum rudiment lesson'; 'Flam Paradiddle-Diddle rudiment'; 'vic firth Flam Paradiddle',,10.81,False,not Creative Commons (link only),False,also found
24,Flam Paradiddle,False,QX43A2VViIE,https://www.youtube.com/watch?v=QX43A2VViIE,"A Fresh Approach to Snare Drum: Lesson 9 (B): Single 7, Flam Paradiddle",Vic Firth,https://www.youtube.com/channel/UC9N2JaiIWYR2GEN1tgHAczA,634000,yes,known channel (vic firth),Standard,,269,720,480,30.0,False,20110823,1779,three-quarter,yes,thumbnail (auto),0.95,,True,False,demo,'Flam Paradiddle snare drum',5 chapters,9.8,False,not Creative Commons (link only),False,also found
24,Flam Paradiddle,False,mFJvKONt1_Y,https://www.youtube.com/watch?v=mFJvKONt1_Y,How To Play A Flam Paradiddle - Drum Rudiment Lesson,Drumeo,https://www.youtube.com/channel/UCBiJBaDaM3K6vPVggLhTyWA,5630000,yes,known channel (drumeo),Standard,,137,2560,1440,24.0,False,20230118,26958,unknown,one,thumbnail (auto),,,True,False,demo,'Double Paradiddle drum rudiment lesson'; 'Flam Paradiddle drum rudiment lesson'; 'Flam Paradiddle rudiment practice pad'; 'Flam Paradiddle rudiment'; 'Flam Paradiddle snare drum'; 'Flam Paradiddle-Diddle drum rudiment lesson'; 'Flam Paradiddle-Diddle rudiment practice pad'; 'Flam Paradiddle-Diddle ,,9.77,False,not Creative Commons (link only),False,also found
24,Flam Paradiddle,False,zszbnRMRYQQ,https://www.youtube.com/watch?v=zszbnRMRYQQ,Pearl Drum Rudiments - Flam Paradiddle,Pearl Drums,https://www.youtube.com/channel/UCmGi7DMBXl7aTOG1HDbRWoQ,121000,yes,known channel (pearl),Standard,,259,2560,1440,30.0,False,20221018,1807,no player found,no,thumbnail (auto),,,True,False,demo,'Flam Paradiddle rudiment',,9.3,False,not Creative Commons (link only),False,also found
24,Flam Paradiddle,False,s0HHUnoRxsE,https://www.youtube.com/watch?v=s0HHUnoRxsE,"A Fresh Approach to Snare Drum: Lesson 10 (B): Flam Paradiddle, part 2",Vic Firth,https://www.youtube.com/channel/UC9N2JaiIWYR2GEN1tgHAczA,634000,yes,known channel (vic firth),Standard,,225,720,480,30.0,False,20110823,1483,hands only,one,thumbnail (auto),,,True,False,demo,'Flam Paradiddle snare drum'; 'vic firth Flam Paradiddle',7 chapters,8.27,False,not Creative Commons (link only),False,also found
25,Single Flammed Mill,False,a7NCISaeu9M,https://www.youtube.com/watch?v=a7NCISaeu9M,Single Flammed Mill - Drum Rudiment Lesson (Drumeo),Drumeo,https://www.youtube.com/channel/UCBiJBaDaM3K6vPVggLhTyWA,5630000,yes,known channel (drumeo),Standard,,91,1920,1080,24.0,False,20161209,48312,three-quarter,yes,thumbnail (auto),0.87,,True,False,demo,'Single Flammed Mill drum rudiment lesson'; 'Single Flammed Mill rudiment practice pad'; 'Single Flammed Mill rudiment'; 'Single Flammed Mill snare drum'; 'flammed mill rudiment'; 'vic firth Single Flammed Mill',,11.37,False,not Creative Commons (link only),False,pick
25,Single Flammed Mill,False,sE331NrAB1Y,https://www.youtube.com/watch?v=sE331NrAB1Y,Single Flammed Mill - Drum Rudiment Lessons,drumlessonscom,https://www.youtube.com/channel/UCfr1feUzluBz9_faEz3-iIA,169000,yes,169k subscribers,Standard,,219,1920,1080,30.0,False,20111006,8416,three-quarter,yes,thumbnail (auto),0.93,,True,False,demo,'Single Flammed Mill drum rudiment lesson',,11.07,False,not Creative Commons (link only),False,pick
25,Single Flammed Mill,False,bjQwq_6BDSU,https://www.youtube.com/watch?v=bjQwq_6BDSU,Drum pad exercise with single flammed mill and swiss army triplets (drum lesson + free PDF),Derek’s Drum Channel ,https://www.youtube.com/channel/UCgIjcXsAdMiV3dBBGh4dvlA,13100,yes,known channel (drum channel),Standard,,434,1920,1080,25.0,False,20230609,381,three-quarter,yes,thumbnail (auto),0.76,50 130,True,False,demo,'Single Flammed Mill rudiment practice pad'; 'Swiss Army Triplet rudiment practice pad',6 chapters,11.03,False,not Creative Commons (link only),False,pick
25,Single Flammed Mill,False,tRZgrBalG8U,https://www.youtube.com/watch?v=tRZgrBalG8U,How To Play A Flammed Mill On The Drums - Drum Rudiment Lesson,Drumeo,https://www.youtube.com/channel/UCBiJBaDaM3K6vPVggLhTyWA,5630000,yes,known channel (drumeo),Standard,,173,2560,1440,24.0,False,20230312,5134,three-quarter,yes,thumbnail (auto),0.76,,True,False,demo,'Single Flammed Mill drum rudiment lesson'; 'Single Flammed Mill rudiment'; 'flammed mill rudiment',,10.98,False,not Creative Commons (link only),False,pick
25,Single Flammed Mill,False,rmmsQhf0-fU,https://www.youtube.com/watch?v=rmmsQhf0-fU,How To Drum - The Flammed Mill (Single Windmill) - Rudiment,Stephen Taylor,https://www.youtube.com/channel/UCwT7TWaFxT-UZAPa9wdNChA,466000,yes,known channel (stephen taylor),Standard,,357,854,480,30.0,False,20120716,7394,three-quarter,yes,thumbnail (auto),0.92,,True,False,demo,'Single Flammed Mill drum rudiment lesson'; 'Single Flammed Mill rudiment practice pad'; 'Single Flammed Mill snare drum'; 'flammed mill rudiment',4 chapters,10.05,False,not Creative Commons (link only),False,pick
25,Single Flammed Mill,False,sVf0GIkh0-M,https://www.youtube.com/watch?v=sVf0GIkh0-M,シングルフラムドミル Single Flammed Mill,山背ドラムメソッド　世界最大のフレーズ集(再生リスト)、進化するモーラー奏法とグルーヴ解説,https://www.youtube.com/channel/UCrYpF0pFjQHm7P_ItcyvbKw,6040,no,,CC-BY,Creative Commons Attribution license (reuse allowed),430,1920,1080,30.0,False,20150219,902,unknown,no,thumbnail (auto),,,True,False,demo,CC 'Single Flammed Mill drum'; CC 'Single Flammed Mill lesson'; CC 'Single Flammed Mill rudiment'; CC 'Single Flammed Mill snare'; CC 'Single Flammed Mill tutorial'; CC 'Single Flammed Mill'; CC 'flammed mill rudiment'; CC 'how to play Single Flammed Mill',,6.18,False,no player or hands in the thumbnail,False,also found
25,Single Flammed Mill,False,Ek04HF-7n-Y,https://www.youtube.com/watch?v=Ek04HF-7n-Y,Single Flammed Mill,null,https://www.youtube.com/channel/UCoiP3HEJH-eicv8O3AqW1AA,17300,no,,CC-BY,Creative Commons Attribution license (reuse allowed),92,1920,1080,30.0,False,20190430,79,no player found,no,thumbnail (auto),,,True,False,demo,CC 'Flamacue drum'; CC 'Flamacue rudiment'; CC 'Flamacue tutorial'; CC 'Flamacue'; CC 'Inverted Flam Tap rudiment'; CC 'Multiple Bounce Roll drum'; CC 'Multiple Bounce Roll rudiment'; CC 'Multiple Bounce Roll snare'; CC 'Pataflafla rudiment'; CC 'Pataflafla'; CC 'Single Flammed Mill drum'; CC 'Singl,,5.76,False,no player or hands in the thumbnail,False,also found
25,Single Flammed Mill,False,3Ug35W_xp7g,https://www.youtube.com/watch?v=3Ug35W_xp7g,Rudiments 101. Single Flammed Mill.,Ali (Alipool),https://www.youtube.com/channel/UCIEg5pQYHacshaYoqwremCA,282,no,,CC-BY,Creative Commons Attribution license (reuse allowed),496,320,240,30.0,False,20120207,94,no player found,no,thumbnail (auto),,,True,False,demo,'Single Flammed Mill drum rudiment lesson'; CC 'Drag Paradiddle 1 drum'; CC 'Drag Paradiddle 1 lesson'; CC 'Drag Paradiddle 1 rudiment'; CC 'Drag Paradiddle 1 snare'; CC 'Drag Paradiddle 1 tutorial'; CC 'Drag Paradiddle 1'; CC 'Flam Accent lesson'; CC 'Flam Drag drum'; CC 'Flam Drag lesson'; CC 'Fla,,4.79,False,only 240p; no player or hands in the thumbnail,False,also found
25,Single Flammed Mill,False,mlLUjZmGXuU,https://www.youtube.com/watch?v=mlLUjZmGXuU,How To Play A Flammed Mill - Drum Rudiment Lesson,Drumeo,https://www.youtube.com/channel/UCBiJBaDaM3K6vPVggLhTyWA,5630000,yes,known channel (drumeo),Standard,,159,2560,1440,24.0,False,20230118,12725,unknown,one,thumbnail (auto),,,True,False,demo,'Flam Accent rudiment practice pad'; 'Flam Paradiddle drum rudiment lesson'; 'Flam drum rudiment lesson'; 'Flam rudiment practice pad'; 'Single Flammed Mill drum rudiment lesson'; 'Single Flammed Mill rudiment practice pad'; 'Single Flammed Mill rudiment'; 'Single Flammed Mill snare drum'; 'flammed ,,9.64,False,not Creative Commons (link only),False,also found
25,Single Flammed Mill,False,iuJLFkoDtJA,https://www.youtube.com/watch?v=iuJLFkoDtJA,Flammed Mill: Rudiment Breakdown by Dr. John Wooton,Vic Firth,https://www.youtube.com/channel/UC9N2JaiIWYR2GEN1tgHAczA,634000,yes,known channel (vic firth),Standard,,108,1920,1080,30.0,False,20120413,7126,hands only,one,thumbnail (auto),,,True,False,demo,'flammed mill rudiment'; 'vic firth Single Flammed Mill',,9.54,False,not Creative Commons (link only),False,also found
25,Single Flammed Mill,False,59YIQY7Ywkc,https://www.youtube.com/watch?v=59YIQY7Ywkc,Single Flammed Mill - Drum Lessons,Drumeo,https://www.youtube.com/channel/UCBiJBaDaM3K6vPVggLhTyWA,5630000,yes,known channel (drumeo),Standard,,80,640,480,30.0,False,20070811,14159,three-quarter,one,thumbnail (auto),0.69,,True,False,demo,'Single Flammed Mill drum rudiment lesson'; 'Single Flammed Mill snare drum'; 'flammed mill rudiment'; 'vic firth Single Flammed Mill',,9.16,False,not Creative Commons (link only),False,also found
25,Single Flammed Mill,False,lR3RrjwHxH0,https://www.youtube.com/watch?v=lR3RrjwHxH0,Snare Rudiment: Single Flammed Mill,Rudimental Lick of the Week,https://www.youtube.com/channel/UC59cdVwbhsqSnHo4JWEq5Ag,93,yes,known channel (rudimental),Standard,,14,1920,1080,10.0,False,20160208,43,no player found,no,thumbnail (auto),,,True,False,demo,'Single Flammed Mill rudiment'; 'Single Flammed Mill snare drum',short,7.66,False,not Creative Commons (link only),False,also found
25,Single Flammed Mill,False,-cke7bit6mg,https://www.youtube.com/watch?v=-cke7bit6mg,DRUM LESSON - SINGLE FLAMMED MILL,George Shepherd,https://www.youtube.com/channel/UCx6SEzEfSpkdp2cfrSkVM0Q,2700,no,,Standard,,44,320,266,30.0,False,20061209,21024,no player found,no,thumbnail (auto),,,True,False,demo,'Single Flammed Mill drum rudiment lesson',short,5.73,False,not Creative Commons (link only),False,also found
26,Flam Paradiddle-Diddle,False,f1ZHkCfsSSE,https://www.youtube.com/watch?v=f1ZHkCfsSSE,26. Flam Paradiddle-Diddle. #40rudimentos,ESTUDE BATERIA,https://www.youtube.com/channel/UCVN6V8fPSRXg1UCWcotqkoA,2280,no,,CC-BY,Creative Commons Attribution license (reuse allowed),31,1920,1080,60.0,True,20210611,33,front,yes,thumbnail (auto),1.1,60,True,False,demo,CC '40 drum rudiments'; CC 'Flam Accent drum'; CC 'Flam Accent lesson'; CC 'Flam Accent rudiment'; CC 'Flam Accent snare'; CC 'Flam Accent tutorial'; CC 'Flam Accent'; CC 'Flam Paradiddle drum'; CC 'Flam Paradiddle lesson'; CC 'Flam Paradiddle rudiment'; CC 'Flam Paradiddle snare'; CC 'Flam Paradidd,short,8.11,True,,False,pick
26,Flam Paradiddle-Diddle,False,RjYzWZ-qbE0,https://www.youtube.com/watch?v=RjYzWZ-qbE0,Vic Firth Rudiment Lessons: Flam Paradiddle Diddle,Vic Firth,https://www.youtube.com/channel/UC9N2JaiIWYR2GEN1tgHAczA,634000,yes,known channel (vic firth),Standard,,289,1280,720,60.0,True,20120302,38933,hands only,yes,thumbnail (auto),,,True,False,demo,'Flam Paradiddle-Diddle drum rudiment lesson'; 'Flam Paradiddle-Diddle rudiment'; 'Flam Paradiddle-Diddle snare drum'; 'flam paradiddle diddle rudiment'; 'vic firth Drag Paradiddle 1'; 'vic firth Flam Paradiddle'; 'vic firth Flam Paradiddle-Diddle'; 'vic firth Flam'; 'vic firth Single Dragadiddle'; ,,11.84,False,not Creative Commons (link only),False,pick
26,Flam Paradiddle-Diddle,False,PMahmw1FmKA,https://www.youtube.com/watch?v=PMahmw1FmKA,Flam Paradiddle-Diddle - Drum Rudiment Lesson (Drumeo),Drumeo,https://www.youtube.com/channel/UCBiJBaDaM3K6vPVggLhTyWA,5630000,yes,known channel (drumeo),Standard,,78,1920,1080,24.0,False,20161209,32176,three-quarter,yes,thumbnail (auto),0.78,,True,False,demo,'Flam Paradiddle drum rudiment lesson'; 'Flam Paradiddle rudiment practice pad'; 'Flam Paradiddle rudiment'; 'Flam Paradiddle snare drum'; 'Flam Paradiddle-Diddle drum rudiment lesson'; 'Flam Paradiddle-Diddle rudiment practice pad'; 'Flam Paradiddle-Diddle rudiment'; 'Flam Paradiddle-Diddle snare d,1 chapters,11.3,False,not Creative Commons (link only),False,pick
26,Flam Paradiddle-Diddle,False,maTGMBmEkOM,https://www.youtube.com/watch?v=maTGMBmEkOM,Flam Paradiddle-diddle: Rudiment Breakdown by Dr. John Wooton,Vic Firth,https://www.youtube.com/channel/UC9N2JaiIWYR2GEN1tgHAczA,634000,yes,known channel (vic firth),Standard,,106,1920,1080,30.0,False,20120413,8320,three-quarter,yes,thumbnail (auto),0.79,,True,False,demo,'Flam Paradiddle-Diddle rudiment'; 'vic firth Flam Paradiddle'; 'vic firth Flam Paradiddle-Diddle',,11.07,False,not Creative Commons (link only),False,pick
26,Flam Paradiddle-Diddle,False,_AYihCx_F5k,https://www.youtube.com/watch?v=_AYihCx_F5k,Pearl Drum Rudiments - Flam Paradiddle-Diddle,Pearl Drums,https://www.youtube.com/channel/UCmGi7DMBXl7aTOG1HDbRWoQ,121000,yes,known channel (pearl),Standard,,64,1920,1080,30.0,False,20130723,4590,three-quarter,yes,thumbnail (auto),0.73,,True,False,demo,'Flam Paradiddle rudiment'; 'Flam Paradiddle-Diddle drum rudiment lesson'; 'Flam Paradiddle-Diddle rudiment'; 'Flam Paradiddle-Diddle snare drum'; 'flam paradiddle diddle rudiment'; 'vic firth Flam Paradiddle-Diddle',,10.96,False,not Creative Commons (link only),False,pick
26,Flam Paradiddle-Diddle,False,elTi6GP34aU,https://www.youtube.com/watch?v=elTi6GP34aU,How To Play A Flam Paradiddle-Diddle On The Drums - Drum Rudiment Lesson,Drumeo,https://www.youtube.com/channel/UCBiJBaDaM3K6vPVggLhTyWA,5630000,yes,known channel (drumeo),Standard,,241,2560,1440,24.0,False,20230312,3550,three-quarter,yes,thumbnail (auto),0.83,,True,False,demo,'Flam Paradiddle-Diddle drum rudiment lesson'; 'Flam Paradiddle-Diddle rudiment'; 'Flam Paradiddle-Diddle snare drum'; 'flam paradiddle diddle rudiment',,10.92,False,not Creative Commons (link only),False,pick
26,Flam Paradiddle-Diddle,False,-jg29Ersgf4,https://www.youtube.com/watch?v=-jg29Ersgf4,Flam Paradiddle-diddle,null,https://www.youtube.com/channel/UCoiP3HEJH-eicv8O3AqW1AA,17300,no,,CC-BY,Creative Commons Attribution license (reuse allowed),86,1920,1080,30.0,False,20190408,102,no player found,no,thumbnail (auto),,,True,False,demo,CC 'Drag Paradiddle 1 drum'; CC 'Drag Paradiddle 1 lesson'; CC 'Drag Paradiddle 1 rudiment'; CC 'Drag Paradiddle 1 snare'; CC 'Drag Paradiddle 1 tutorial'; CC 'Drag Paradiddle 1'; CC 'Drag Paradiddle 2 drum'; CC 'Drag Paradiddle 2 lesson'; CC 'Drag Paradiddle 2 rudiment'; CC 'Drag Paradiddle 2 snare,,5.81,False,no player or hands in the thumbnail,False,also found
26,Flam Paradiddle-Diddle,False,ek3AKKMSLAY,https://www.youtube.com/watch?v=ek3AKKMSLAY,How To Play A Flam Paradiddle-Diddle - Drum Rudiment Lesson,Drumeo,https://www.youtube.com/channel/UCBiJBaDaM3K6vPVggLhTyWA,5630000,yes,known channel (drumeo),Standard,,133,2560,1440,24.0,False,20230118,11729,three-quarter,one,thumbnail (auto),0.75,,True,False,demo,'Flam Paradiddle rudiment practice pad'; 'Flam Paradiddle rudiment'; 'Flam Paradiddle snare drum'; 'Flam Paradiddle-Diddle drum rudiment lesson'; 'Flam Paradiddle-Diddle rudiment practice pad'; 'Flam Paradiddle-Diddle rudiment'; 'Flam Paradiddle-Diddle snare drum'; 'Flam rudiment practice pad'; 'Sin,,10.13,False,not Creative Commons (link only),False,also found
26,Flam Paradiddle-Diddle,False,KtGePS_0ajU,https://www.youtube.com/watch?v=KtGePS_0ajU,Pearl Drum Rudiments - Flam Paradiddle Diddle,Pearl Drums,https://www.youtube.com/channel/UCmGi7DMBXl7aTOG1HDbRWoQ,121000,yes,known channel (pearl),Standard,,46,1280,720,30.0,False,20120813,8733,front,one,thumbnail (auto),1.07,,True,False,demo,'flam paradiddle diddle rudiment',short,9.58,False,not Creative Commons (link only),False,also found
26,Flam Paradiddle-Diddle,False,_Y6A87nyZts,https://www.youtube.com/watch?v=_Y6A87nyZts,Flam Paradiddle-diddle - Drum Lessons,Drumeo,https://www.youtube.com/channel/UCBiJBaDaM3K6vPVggLhTyWA,5630000,yes,known channel (drumeo),Standard,,75,640,480,30.0,False,20070811,29630,no player found,no,thumbnail (auto),,,True,False,demo,'Flam Paradiddle-Diddle drum rudiment lesson'; 'Flam Paradiddle-Diddle rudiment'; 'Flam Paradiddle-Diddle snare drum'; 'flam paradiddle diddle rudiment',,8.79,False,not Creative Commons (link only),False,also found
26,Flam Paradiddle-Diddle,False,kAoyjfhMbbw,https://www.youtube.com/watch?v=kAoyjfhMbbw,Snare Rudiment: Flam Paradiddle Diddle,Rudimental Lick of the Week,https://www.youtube.com/channel/UC59cdVwbhsqSnHo4JWEq5Ag,93,yes,known channel (rudimental),Standard,,11,1920,1080,10.0,False,20160208,51,no player found,no,thumbnail (auto),,,True,False,demo,'Flam Paradiddle snare drum'; 'Flam Paradiddle-Diddle snare drum',short,7.69,False,not Creative Commons (link only),False,also found
26,Flam Paradiddle-Diddle,False,VOHVEM41E9I,https://www.youtube.com/watch?v=VOHVEM41E9I,Drum Rudiments #26 - Flam Paradiddle-Diddle -DrumRudiments,DrumRudiments,https://www.youtube.com/channel/UCFjAPbK0sCk_5TKsgSmSQzQ,32600,no,,Standard,,23,432,360,30.0,False,20070320,168354,no player found,no,thumbnail (auto),,,True,False,demo,'Flam Paradiddle rudiment practice pad'; 'Flam Paradiddle rudiment'; 'Flam Paradiddle-Diddle drum rudiment lesson'; 'Flam Paradiddle-Diddle rudiment practice pad'; 'Flam Paradiddle-Diddle rudiment'; 'Flam Paradiddle-Diddle snare drum'; 'Flamacue rudiment practice pad'; 'Single Paradiddle-Diddle drum,short,6.09,False,not Creative Commons (link only),False,also found
27,Pataflafla,False,pG5DgTdkjt0,https://www.youtube.com/watch?v=pG5DgTdkjt0,Vic Firth Rudiment Lessons: Pataflafla,Vic Firth,https://www.youtube.com/channel/UC9N2JaiIWYR2GEN1tgHAczA,634000,yes,known channel (vic firth),Standard,,271,1280,720,60.0,True,20120216,237658,hands only,yes,thumbnail (auto),,,True,False,demo,'Pataflafla drum rudiment lesson'; 'Pataflafla rudiment'; 'Pataflafla snare drum'; 'pata fla fla rudiment'; 'vic firth Flam Paradiddle'; 'vic firth Flamacue'; 'vic firth Pataflafla'; 'vic firth Swiss Army Triplet',,12.15,False,not Creative Commons (link only),False,pick
27,Pataflafla,False,QWdSPLOmlg8,https://www.youtube.com/watch?v=QWdSPLOmlg8,Pataflafla - Drum Rudiment Lesson (Drumeo),Drumeo,https://www.youtube.com/channel/UCBiJBaDaM3K6vPVggLhTyWA,5630000,yes,known channel (drumeo),Standard,,74,1920,1080,24.0,False,20161209,71171,three-quarter,yes,thumbnail (auto),0.89,,True,False,demo,'Pataflafla drum rudiment lesson'; 'Pataflafla rudiment practice pad'; 'Pataflafla rudiment'; 'Pataflafla snare drum'; 'pata fla fla rudiment'; 'vic firth Pataflafla',,11.44,False,not Creative Commons (link only),False,pick
27,Pataflafla,False,x2Jf6XQmC_A,https://www.youtube.com/watch?v=x2Jf6XQmC_A,How To Play A Pataflafla On The Drums - Drum Rudiment Lesson,Drumeo,https://www.youtube.com/channel/UCBiJBaDaM3K6vPVggLhTyWA,5630000,yes,known channel (drumeo),Standard,,181,2560,1440,24.0,False,20230312,24315,three-quarter,yes,thumbnail (auto),0.81,,True,False,demo,'Pataflafla drum rudiment lesson'; 'Pataflafla rudiment'; 'Pataflafla snare drum'; 'pata fla fla rudiment',,11.25,False,not Creative Commons (link only),False,pick
27,Pataflafla,False,SLjKPr78uEk,https://www.youtube.com/watch?v=SLjKPr78uEk,Pataflafla: Rudiment Breakdown by Dr. John Wooton,Vic Firth,https://www.youtube.com/channel/UC9N2JaiIWYR2GEN1tgHAczA,634000,yes,known channel (vic firth),Standard,,100,1920,1080,30.0,False,20120413,12727,three-quarter,yes,thumbnail (auto),0.81,,True,False,demo,'pata fla fla rudiment'; 'vic firth Pataflafla',,11.14,False,not Creative Commons (link only),False,pick
27,Pataflafla,False,VjmjH8M7_0o,https://www.youtube.com/watch?v=VjmjH8M7_0o,Pearl Drum Rudiments - Pataflafla,Pearl Drums,https://www.youtube.com/channel/UCmGi7DMBXl7aTOG1HDbRWoQ,121000,yes,known channel (pearl),Standard,,57,1920,1080,30.0,False,20130723,5729,three-quarter,yes,thumbnail (auto),0.95,,True,False,demo,'Pataflafla rudiment',short,11.0,False,not Creative Commons (link only),False,pick
27,Pataflafla,False,tbAOxNyzj1M,https://www.youtube.com/watch?v=tbAOxNyzj1M,Pataflafla,null,https://www.youtube.com/channel/UCoiP3HEJH-eicv8O3AqW1AA,17300,no,,CC-BY,Creative Commons Attribution license (reuse allowed),91,1920,1080,30.0,False,20190430,54,no player found,no,thumbnail (auto),,,True,False,demo,CC 'Flam Accent practice pad'; CC 'Flam Drag practice pad'; CC 'Flam Paradiddle practice pad'; CC 'Flam Tap practice pad'; CC 'Flam practice pad'; CC 'Inverted Flam Tap drum'; CC 'Inverted Flam Tap practice pad'; CC 'Inverted Flam Tap rudiment'; CC 'Inverted Flam Tap'; CC 'Pataflafla drum'; CC 'Pata,,5.7,False,no player or hands in the thumbnail,False,also found
27,Pataflafla,False,y6bjYnofc00,https://www.youtube.com/watch?v=y6bjYnofc00,Pata fla fla flam rudiment over the Samba ostinato ..,The Progress of drumming by Michael Lattanzio,https://www.youtube.com/channel/UCtCN438X7COwi7nvb75UVQw,103,no,,CC-BY,Creative Commons Attribution license (reuse allowed),19,1280,720,25.0,False,20240108,85,three-quarter,yes,thumbnail (auto),0.88,,True,False,"application (groove, fill or kit)",CC 'Flam Accent drum'; CC 'Flam Accent lesson'; CC 'Flam Accent rudiment'; CC 'Flam Accent tutorial'; CC 'Flam Accent'; CC 'Flam drum'; CC 'Flam lesson'; CC 'Flam rudiment'; CC 'pata fla fla rudiment',short,4.27,False,"application (groove, fill or kit)",False,also found
27,Pataflafla,False,sxSAfzXnjWQ,https://www.youtube.com/watch?v=sxSAfzXnjWQ,How To Drum - The Pataflafla,Stephen Taylor,https://www.youtube.com/channel/UCwT7TWaFxT-UZAPa9wdNChA,466000,yes,known channel (stephen taylor),Standard,,286,1280,720,30.0,False,20110719,4344,three-quarter,yes,thumbnail (auto),0.75,,True,False,demo,'Pataflafla drum rudiment lesson'; 'Pataflafla rudiment'; 'Pataflafla snare drum',,10.96,False,not Creative Commons (link only),False,also found
27,Pataflafla,False,vaP72Bw3K3o,https://www.youtube.com/watch?v=vaP72Bw3K3o,How To Play A Pataflafla - Drum Rudiment Lesson,Drumeo,https://www.youtube.com/channel/UCBiJBaDaM3K6vPVggLhTyWA,5630000,yes,known channel (drumeo),Standard,,143,2560,1440,24.0,False,20230118,33082,unknown,one,thumbnail (auto),,,True,False,demo,'Flam Accent drum rudiment lesson'; 'Pataflafla drum rudiment lesson'; 'Pataflafla rudiment practice pad'; 'Pataflafla rudiment'; 'Pataflafla snare drum'; 'pata fla fla rudiment',,9.81,False,not Creative Commons (link only),False,also found
27,Pataflafla,False,T4Ge4oERuBw,https://www.youtube.com/watch?v=T4Ge4oERuBw,Pearl Drum Rudiments - Pataflafla,Pearl Drums,https://www.youtube.com/channel/UCmGi7DMBXl7aTOG1HDbRWoQ,121000,yes,known channel (pearl),Standard,,54,1280,720,30.0,False,20120813,15977,no player found,no,thumbnail (auto),,,True,False,demo,'Pataflafla rudiment'; 'pata fla fla rudiment',short,9.68,False,not Creative Commons (link only),False,also found
27,Pataflafla,False,1yo80hKEwGA,https://www.youtube.com/watch?v=1yo80hKEwGA,Pataflafla - Drum Lessons,Drumeo,https://www.youtube.com/channel/UCBiJBaDaM3K6vPVggLhTyWA,5630000,yes,known channel (drumeo),Standard,,88,640,480,30.0,False,20070811,57238,front,one,thumbnail (auto),1.19,,True,False,demo,'Pataflafla drum rudiment lesson'; 'Pataflafla rudiment',,8.9,False,not Creative Commons (link only),False,also found
27,Pataflafla,False,CMqsudoXxn8,https://www.youtube.com/watch?v=CMqsudoXxn8,Rudiment: Alternated Cheese Pataflafla,Rudimental Lick of the Week,https://www.youtube.com/channel/UC59cdVwbhsqSnHo4JWEq5Ag,93,yes,known channel (rudimental),Standard,,12,1920,1080,10.0,False,20160203,971,no player found,no,thumbnail (auto),,,True,False,demo,'Pataflafla rudiment',short,8.2,False,not Creative Commons (link only),False,also found
28,Swiss Army Triplet,False,LUO5LFtKI0c,https://www.youtube.com/watch?v=LUO5LFtKI0c,Swiss Army Tripletの使い方【ルーディメンツ】How to get faster to play rudiments that swiss army triplet?,Jazz drummer Kazuyoshi Kuroda,https://www.youtube.com/channel/UCUdBwGS04F--S5E4I36rt3Q,69800,no,,CC-BY,Creative Commons Attribution license (reuse allowed),309,1920,1080,30.0,False,20200330,9271,three-quarter,yes,thumbnail (auto),0.57,,True,False,demo,CC 'Swiss Army Triplet drum'; CC 'Swiss Army Triplet lesson'; CC 'Swiss Army Triplet rudiment'; CC 'Swiss Army Triplet snare'; CC 'Swiss Army Triplet tutorial'; CC 'Swiss Army Triplet'; CC 'how to play Swiss Army Triplet',5 chapters,8.09,True,,False,pick
28,Swiss Army Triplet,False,WgzUjgxqzk8,https://www.youtube.com/watch?v=WgzUjgxqzk8,爵士鼓教學 Swiss Army Triplet在 Swing Groove裡的應用,null,https://www.youtube.com/channel/UCoiP3HEJH-eicv8O3AqW1AA,17300,no,,CC-BY,Creative Commons Attribution license (reuse allowed),165,1920,1080,30.0,False,20190510,412,hands only,one,thumbnail (auto),,,True,False,demo,CC 'Swiss Army Triplet drum'; CC 'Swiss Army Triplet lesson'; CC 'Swiss Army Triplet rudiment'; CC 'Swiss Army Triplet snare'; CC 'Swiss Army Triplet tutorial'; CC 'Swiss Army Triplet'; CC 'how to play Swiss Army Triplet',,6.05,True,,False,pick
28,Swiss Army Triplet,False,ZVnNoNs1iBk,https://www.youtube.com/watch?v=ZVnNoNs1iBk,Swiss Army Triplet - Drum Rudiment Lesson (Drumeo),Drumeo,https://www.youtube.com/channel/UCBiJBaDaM3K6vPVggLhTyWA,5630000,yes,known channel (drumeo),Standard,,103,1920,1080,24.0,False,20161209,217717,three-quarter,yes,thumbnail (auto),0.75,,True,False,demo,'Swiss Army Triplet drum rudiment lesson'; 'Swiss Army Triplet rudiment practice pad'; 'Swiss Army Triplet rudiment'; 'Swiss Army Triplet snare drum'; 'Triple Paradiddle drum rudiment lesson',,11.64,False,not Creative Commons (link only),False,pick
28,Swiss Army Triplet,False,7qG28fQvWps,https://www.youtube.com/watch?v=7qG28fQvWps,How To Play A Swiss Army Triplet On The Drums - Drum Rudiment Lesson,Drumeo,https://www.youtube.com/channel/UCBiJBaDaM3K6vPVggLhTyWA,5630000,yes,known channel (drumeo),Standard,,183,2560,1440,24.0,False,20230312,26023,three-quarter,yes,thumbnail (auto),0.84,,True,False,demo,'Swiss Army Triplet drum rudiment lesson'; 'Swiss Army Triplet rudiment practice pad'; 'Swiss Army Triplet rudiment'; 'Swiss Army Triplet snare drum',2 chapters,11.27,False,not Creative Commons (link only),False,pick
28,Swiss Army Triplet,False,LYS3uxLLlYY,https://www.youtube.com/watch?v=LYS3uxLLlYY,Swiss Army Triplet: Rudiment Breakdown by Dr. John Wooton,Vic Firth,https://www.youtube.com/channel/UC9N2JaiIWYR2GEN1tgHAczA,634000,yes,known channel (vic firth),Standard,,115,1920,1080,30.0,False,20120413,24368,three-quarter,yes,thumbnail (auto),0.76,,True,False,demo,'Swiss Army Triplet drum rudiment lesson'; 'Swiss Army Triplet rudiment'; 'Swiss Army Triplet snare drum'; 'vic firth Swiss Army Triplet',,11.25,False,not Creative Commons (link only),False,pick
28,Swiss Army Triplet,False,FwuzL7gkFdQ,https://www.youtube.com/watch?v=FwuzL7gkFdQ,Pearl Drum Rudiments - Swiss Army Triplet,Pearl Drums,https://www.youtube.com/channel/UCmGi7DMBXl7aTOG1HDbRWoQ,121000,yes,known channel (pearl),Standard,,52,1280,720,30.0,False,20120813,18092,three-quarter,yes,thumbnail (auto),0.78,,True,False,demo,'Swiss Army Triplet drum rudiment lesson'; 'Swiss Army Triplet rudiment',short,11.2,False,not Creative Commons (link only),False,pick
28,Swiss Army Triplet,False,25OLV06lI8A,https://www.youtube.com/watch?v=25OLV06lI8A,Vic Firth Rudiment Lessons: Swiss Army Triplet and Flammed Mill,Vic Firth,https://www.youtube.com/channel/UC9N2JaiIWYR2GEN1tgHAczA,634000,yes,known channel (vic firth),Standard,,421,1280,720,30.0,False,20120109,115908,three-quarter,one,thumbnail (auto),0.62,,True,False,demo,'Single Flammed Mill rudiment'; 'Swiss Army Triplet rudiment'; 'Swiss Army Triplet snare drum'; 'flammed mill rudiment'; 'vic firth Flam'; 'vic firth Flamacue'; 'vic firth Pataflafla'; 'vic firth Single Flammed Mill'; 'vic firth Swiss Army Triplet',4 chapters,10.53,False,not Creative Commons (link only),False,pick
28,Swiss Army Triplet,False,i5ehNOkOmHw,https://www.youtube.com/watch?v=i5ehNOkOmHw,Swiss Army Triplet - Drum Lesson by Freddy Charles,Freddy Charles,https://www.youtube.com/channel/UC1xkrycozgUqLLCmwSSGAdA,1080,no,,CC-BY,Creative Commons Attribution license (reuse allowed),156,1920,1080,24.0,False,20210217,246,no player found,no,thumbnail (auto),,,True,False,demo,CC '15 stroke roll rudiment'; CC '17 stroke roll rudiment'; CC 'Double Drag Tap lesson'; CC 'Double Drag Tap practice pad'; CC 'Double Drag Tap rudiment'; CC 'Double Stroke Open Roll lesson'; CC 'Double Stroke Open Roll practice pad'; CC 'Double Stroke Open Roll rudiment'; CC 'Double Stroke Open Rol,,5.96,False,no player or hands in the thumbnail,False,also found
28,Swiss Army Triplet,False,wbe1aT4AjcE,https://www.youtube.com/watch?v=wbe1aT4AjcE,爵士鼓教學 Swiss Army Triplet,null,https://www.youtube.com/channel/UCoiP3HEJH-eicv8O3AqW1AA,17300,no,,CC-BY,Creative Commons Attribution license (reuse allowed),71,1920,1080,30.0,False,20190430,52,no player found,no,thumbnail (auto),,,True,False,demo,CC 'Inverted Flam Tap drum'; CC 'Pataflafla rudiment'; CC 'Pataflafla snare'; CC 'Pataflafla tutorial'; CC 'Swiss Army Triplet drum'; CC 'Swiss Army Triplet lesson'; CC 'Swiss Army Triplet rudiment'; CC 'Swiss Army Triplet snare'; CC 'Swiss Army Triplet tutorial'; CC 'Swiss Army Triplet'; CC 'how to,,5.69,False,no player or hands in the thumbnail,False,also found
28,Swiss Army Triplet,False,haNKfauXdis,https://www.youtube.com/watch?v=haNKfauXdis,How To Play A Swiss Army Triplet - Drum Rudiment Lesson,Drumeo,https://www.youtube.com/channel/UCBiJBaDaM3K6vPVggLhTyWA,5630000,yes,known channel (drumeo),Standard,,114,2560,1440,24.0,False,20230107,100502,three-quarter,one,thumbnail (auto),0.66,,True,False,demo,'Swiss Army Triplet drum rudiment lesson'; 'Swiss Army Triplet rudiment practice pad'; 'Swiss Army Triplet rudiment'; 'Swiss Army Triplet snare drum'; 'Triple Paradiddle drum rudiment lesson'; 'Triple Paradiddle rudiment practice pad'; 'Triple Paradiddle rudiment'; 'Triple Paradiddle snare drum'; 'T,,10.5,False,not Creative Commons (link only),False,also found
28,Swiss Army Triplet,False,TrXgTjR2zwI,https://www.youtube.com/watch?v=TrXgTjR2zwI,Swiss Army Triplet - Drum Lessons,Drumeo,https://www.youtube.com/channel/UCBiJBaDaM3K6vPVggLhTyWA,5630000,yes,known channel (drumeo),Standard,,98,640,480,30.0,False,20070811,91583,three-quarter,one,thumbnail (auto),0.76,,True,False,demo,'Swiss Army Triplet rudiment',,9.48,False,not Creative Commons (link only),False,also found
28,Swiss Army Triplet,False,P8nk5doQJbg,https://www.youtube.com/watch?v=P8nk5doQJbg,Snare Rudiment: Swiss Army Triplet,Rudimental Lick of the Week,https://www.youtube.com/channel/UC59cdVwbhsqSnHo4JWEq5Ag,93,yes,known channel (rudimental),Standard,,13,1920,1080,10.0,False,20160208,181,no player found,no,thumbnail (auto),,,True,False,demo,'Swiss Army Triplet snare drum',short,7.9,False,not Creative Commons (link only),False,also found
28,Swiss Army Triplet,False,GKJFuDNF3yk,https://www.youtube.com/watch?v=GKJFuDNF3yk,Drum Rudiments #28 - Swiss Army Triplet - DrumRudiments.com,DrumRudiments,https://www.youtube.com/channel/UCFjAPbK0sCk_5TKsgSmSQzQ,32600,no,,Standard,,38,432,360,30.0,False,20070320,313657,no player found,no,thumbnail (auto),,,True,False,demo,'Swiss Army Triplet rudiment practice pad'; 'Swiss Army Triplet rudiment',short,6.2,False,not Creative Commons (link only),False,also found
28,Swiss Army Triplet,False,3kHAT-veHU0,https://www.youtube.com/watch?v=3kHAT-veHU0,Swiss Army Triplet,George Shepherd,https://www.youtube.com/channel/UCx6SEzEfSpkdp2cfrSkVM0Q,2700,no,,Standard,,40,320,266,30.0,False,20061130,116042,no player found,no,thumbnail (auto),,,True,False,demo,'Swiss Army Triplet drum rudiment lesson',short,6.03,False,not Creative Commons (link only),False,also found
29,Inverted Flam Tap,False,bIdtzrynS00,https://www.youtube.com/watch?v=bIdtzrynS00,Inverted Flam Tap - Drum Rudiment Lesson (Drumeo),Drumeo,https://www.youtube.com/channel/UCBiJBaDaM3K6vPVggLhTyWA,5630000,yes,known channel (drumeo),Standard,,99,1920,1080,24.0,False,20161209,31844,three-quarter,yes,thumbnail (auto),0.72,,True,False,demo,'Flam Tap rudiment'; 'Inverted Flam Tap drum rudiment lesson'; 'Inverted Flam Tap rudiment practice pad'; 'Inverted Flam Tap rudiment'; 'vic firth Inverted Flam Tap',,11.3,False,not Creative Commons (link only),False,pick
29,Inverted Flam Tap,False,o4ZyknqdSt8,https://www.youtube.com/watch?v=o4ZyknqdSt8,Inverted Flam Tap: Rudiment Breakdown by Dr. John Wooton,Vic Firth,https://www.youtube.com/channel/UC9N2JaiIWYR2GEN1tgHAczA,634000,yes,known channel (vic firth),Standard,,129,1920,1080,30.0,False,20120413,7109,three-quarter,yes,thumbnail (auto),0.83,,True,False,demo,'Inverted Flam Tap rudiment'; 'Inverted Flam Tap snare drum'; 'vic firth Inverted Flam Tap',,11.04,False,not Creative Commons (link only),False,pick
29,Inverted Flam Tap,False,CPLTnkh6Hnw,https://www.youtube.com/watch?v=CPLTnkh6Hnw,How To Play An Inverted Flam Tap On The Drums - Drum Rudiment Lesson,Drumeo,https://www.youtube.com/channel/UCBiJBaDaM3K6vPVggLhTyWA,5630000,yes,known channel (drumeo),Standard,,183,2560,1440,24.0,False,20230312,3572,three-quarter,yes,thumbnail (auto),0.73,,True,False,demo,'Inverted Flam Tap drum rudiment lesson'; 'Inverted Flam Tap rudiment practice pad'; 'Inverted Flam Tap rudiment'; 'Inverted Flam Tap snare drum'; 'vic firth Inverted Flam Tap',,10.92,False,not Creative Commons (link only),False,pick
29,Inverted Flam Tap,False,GrjfP17aqdc,https://www.youtube.com/watch?v=GrjfP17aqdc,Pearl Drum Rudiments - Inverted Flam Tap,Pearl Drums,https://www.youtube.com/channel/UCmGi7DMBXl7aTOG1HDbRWoQ,121000,yes,known channel (pearl),Standard,,54,1920,1080,30.0,False,20130723,2520,three-quarter,yes,thumbnail (auto),0.83,,True,False,demo,'Inverted Flam Tap drum rudiment lesson'; 'Inverted Flam Tap rudiment',short,10.86,False,not Creative Commons (link only),False,pick
29,Inverted Flam Tap,False,VQPLlzEW5fg,https://www.youtube.com/watch?v=VQPLlzEW5fg,How To Play An Inverted Flam Tap - Drum Rudiment Lesson,Drumeo,https://www.youtube.com/channel/UCBiJBaDaM3K6vPVggLhTyWA,5630000,yes,known channel (drumeo),Standard,,140,2560,1440,24.0,False,20230118,13560,three-quarter,one,thumbnail (auto),0.8,,True,False,demo,'Flam Tap drum rudiment lesson'; 'Flam Tap rudiment practice pad'; 'Flam Tap rudiment'; 'Flam Tap snare drum'; 'Inverted Flam Tap drum rudiment lesson'; 'Inverted Flam Tap rudiment practice pad'; 'Inverted Flam Tap rudiment'; 'Inverted Flam Tap snare drum'; 'vic firth Inverted Flam Tap',,10.15,False,not Creative Commons (link only),False,pick
29,Inverted Flam Tap,False,wgKdjCiMe1o,https://www.youtube.com/watch?v=wgKdjCiMe1o,Inverted Flam Tap,null,https://www.youtube.com/channel/UCoiP3HEJH-eicv8O3AqW1AA,17300,no,,CC-BY,Creative Commons Attribution license (reuse allowed),68,1920,1080,30.0,False,20190430,37,no player found,no,thumbnail (auto),,,True,False,demo,CC 'Flam Tap drum'; CC 'Flam Tap lesson'; CC 'Flam Tap snare'; CC 'Flam Tap tutorial'; CC 'Flam Tap'; CC 'Inverted Flam Tap drum'; CC 'Inverted Flam Tap lesson'; CC 'Inverted Flam Tap rudiment'; CC 'Inverted Flam Tap snare'; CC 'Inverted Flam Tap tutorial'; CC 'Inverted Flam Tap'; CC 'how to play Fl,,5.63,False,no player or hands in the thumbnail,False,also found
29,Inverted Flam Tap,False,AxwdF6mdQk4,https://www.youtube.com/watch?v=AxwdF6mdQk4,Rudiments 101.  The Inverted Flam Tap.,Ali (Alipool),https://www.youtube.com/channel/UCIEg5pQYHacshaYoqwremCA,282,no,,CC-BY,Creative Commons Attribution license (reuse allowed),311,320,240,30.0,False,20120104,126,no player found,no,thumbnail (auto),,,True,False,demo,'Inverted Flam Tap rudiment'; CC 'Drag Paradiddle 1 drum'; CC 'Drag Paradiddle 1 lesson'; CC 'Drag Paradiddle 1 rudiment'; CC 'Drag Paradiddle 1'; CC 'Drag rudiment'; CC 'Flam Accent drum'; CC 'Flam Accent lesson'; CC 'Flam Accent rudiment'; CC 'Flam Accent snare'; CC 'Flam Accent tutorial'; CC 'Fla,,4.84,False,only 240p; no player or hands in the thumbnail,False,also found
29,Inverted Flam Tap,False,IDhPiV37iuE,https://www.youtube.com/watch?v=IDhPiV37iuE,Pearl Drum Rudiments - Inverted Flam Tap,Pearl Drums,https://www.youtube.com/channel/UCmGi7DMBXl7aTOG1HDbRWoQ,121000,yes,known channel (pearl),Standard,,47,1280,720,30.0,False,20120813,11499,no player found,no,thumbnail (auto),,,True,False,demo,'Inverted Flam Tap drum rudiment lesson'; 'Inverted Flam Tap rudiment'; 'vic firth Inverted Flam Tap',short,9.62,False,not Creative Commons (link only),False,also found
29,Inverted Flam Tap,False,M4p6kAXaQTU,https://www.youtube.com/watch?v=M4p6kAXaQTU,Inverted Flam Tap - Drum Lessons,Drumeo,https://www.youtube.com/channel/UCBiJBaDaM3K6vPVggLhTyWA,5630000,yes,known channel (drumeo),Standard,,69,640,480,30.0,False,20070811,13485,no player found,no,thumbnail (auto),,,True,False,demo,'Inverted Flam Tap drum rudiment lesson',,8.65,False,not Creative Commons (link only),False,also found
29,Inverted Flam Tap,False,U_XFvuNGbyI,https://www.youtube.com/watch?v=U_XFvuNGbyI,How to Play an Inverted Flam Tap - Snare Drum TV,PatrickMcLaughlin,https://www.youtube.com/channel/UCAgxN5kyAyrmHJyXroIALKA,9520,no,,Standard,,135,1280,720,30.0,False,20111014,5872,three-quarter,yes,thumbnail (auto),0.74,,True,False,demo,'Inverted Flam Tap rudiment practice pad'; 'Inverted Flam Tap snare drum'; 'vic firth Inverted Flam Tap',,8.01,False,not Creative Commons (link only),False,also found
29,Inverted Flam Tap,False,YgxNNUNXm_k,https://www.youtube.com/watch?v=YgxNNUNXm_k,Drum Rudiments #29 - Inverted Flam Tap - DrumRudiments.com,DrumRudiments,https://www.youtube.com/channel/UCFjAPbK0sCk_5TKsgSmSQzQ,32600,no,,Standard,,29,432,360,30.0,False,20070320,153636,three-quarter,one,thumbnail (auto),0.86,,True,False,demo,'Inverted Flam Tap drum rudiment lesson'; 'Inverted Flam Tap rudiment practice pad'; 'Inverted Flam Tap rudiment'; 'Inverted Flam Tap snare drum',short,6.57,False,not Creative Commons (link only),False,also found
29,Inverted Flam Tap,False,7J_i1F2xrW4,https://www.youtube.com/watch?v=7J_i1F2xrW4,DRUM LESSON - INVERTED FLAM TAP,George Shepherd,https://www.youtube.com/channel/UCx6SEzEfSpkdp2cfrSkVM0Q,2700,no,,Standard,,31,320,266,30.0,False,20061209,14842,no player found,no,thumbnail (auto),,,True,False,demo,'Inverted Flam Tap drum rudiment lesson'; 'Inverted Flam Tap rudiment practice pad',short,5.67,False,not Creative Commons (link only),False,also found
30,Flam Drag,False,mR2lP5BEgIQ,https://www.youtube.com/watch?v=mR2lP5BEgIQ,FLAM DRAG RUDIMENT WITH NATATION,EAVE,https://www.youtube.com/channel/UCNXjDyAvZetqX_3vaXos_Pw,30,no,,CC-BY,Creative Commons Attribution license (reuse allowed),45,1920,1080,60.0,True,20190731,24,three-quarter,yes,thumbnail (auto),0.64,,True,False,demo,CC 'Drag rudiment'; CC 'Drag snare'; CC 'Flam Accent drum'; CC 'Flam Accent lesson'; CC 'Flam Accent rudiment'; CC 'Flam Accent snare'; CC 'Flam Accent'; CC 'Flam Drag drum'; CC 'Flam Drag lesson'; CC 'Flam Drag rudiment'; CC 'Flam Drag snare'; CC 'Flam Drag tutorial'; CC 'Flam Drag'; CC 'Flam drum',short,8.06,True,,False,pick
30,Flam Drag,False,aSQivfn0zaM,https://www.youtube.com/watch?v=aSQivfn0zaM,Flam Drag Grid Lesson,Roque Castaneda,https://www.youtube.com/channel/UC0OkS3KC7OOWtxex2iSSZMA,899,no,,CC-BY,Creative Commons Attribution license (reuse allowed),265,1920,1080,30.0,False,20130221,4047,three-quarter,yes,thumbnail (auto),0.97,,True,False,demo,CC 'Double Drag Tap lesson'; CC 'Double Drag Tap snare'; CC 'Double Drag Tap tutorial'; CC 'Drag Paradiddle 1 lesson'; CC 'Drag Paradiddle 1 rudiment'; CC 'Drag Paradiddle 1 snare'; CC 'Drag Paradiddle 1 tutorial'; CC 'Drag Paradiddle 2 drum'; CC 'Drag Paradiddle 2 lesson'; CC 'Drag Paradiddle 2 rud,,7.94,True,,False,pick
30,Flam Drag,False,4WaF6Tab_vg,https://www.youtube.com/watch?v=4WaF6Tab_vg,Vic Firth Rudiment Lessons: Flam Drag,Vic Firth,https://www.youtube.com/channel/UC9N2JaiIWYR2GEN1tgHAczA,634000,yes,known channel (vic firth),Standard,,317,1280,720,30.0,False,20120326,56082,three-quarter,yes,thumbnail (auto),0.77,,True,False,demo,'Double Drag Tap snare drum'; 'Flam Drag drum rudiment lesson'; 'Flam Drag rudiment'; 'Flam Drag snare drum'; 'Flam drum rudiment lesson'; 'vic firth Double Drag Tap'; 'vic firth Drag Paradiddle 1'; 'vic firth Drag Paradiddle 2'; 'vic firth Drag'; 'vic firth Flam Drag'; 'vic firth Flam Tap'; 'vic fi,2 chapters,11.4,False,not Creative Commons (link only),False,pick
30,Flam Drag,False,BxmdKPhW_aY,https://www.youtube.com/watch?v=BxmdKPhW_aY,Flam Drag - Drum Rudiment Lesson (Drumeo),Drumeo,https://www.youtube.com/channel/UCBiJBaDaM3K6vPVggLhTyWA,5630000,yes,known channel (drumeo),Standard,,102,1920,1080,24.0,False,20161209,52370,three-quarter,yes,thumbnail (auto),0.76,,True,False,demo,'Drag drum rudiment lesson'; 'Drag rudiment'; 'Drag snare drum'; 'Flam Drag drum rudiment lesson'; 'Flam Drag rudiment practice pad'; 'Flam Drag rudiment'; 'Flam Drag snare drum'; 'Flam snare drum'; 'vic firth Drag'; 'vic firth Flam Drag',,11.39,False,not Creative Commons (link only),False,pick
30,Flam Drag,False,7H0XHUzkEJ4,https://www.youtube.com/watch?v=7H0XHUzkEJ4,How To Play A Flam Drag On The Drums - Drum Rudiment Lesson,Drumeo,https://www.youtube.com/channel/UCBiJBaDaM3K6vPVggLhTyWA,5630000,yes,known channel (drumeo),Standard,,180,2560,1440,24.0,False,20230312,15475,three-quarter,yes,thumbnail (auto),0.73,,True,False,demo,'Flam Drag drum rudiment lesson',,11.18,False,not Creative Commons (link only),False,pick
30,Flam Drag,False,ctUgFnd76DQ,https://www.youtube.com/watch?v=ctUgFnd76DQ,Flam Drag: Rudiment Breakdown by Dr. John Wooton,Vic Firth,https://www.youtube.com/channel/UC9N2JaiIWYR2GEN1tgHAczA,634000,yes,known channel (vic firth),Standard,,96,1920,1080,30.0,False,20120413,7829,three-quarter,yes,thumbnail (auto),0.8,,True,False,demo,'Flam Drag drum rudiment lesson'; 'Flam Drag rudiment'; 'Flam Drag snare drum'; 'vic firth Drag'; 'vic firth Flam Drag',,11.06,False,not Creative Commons (link only),False,pick
30,Flam Drag,False,4FOTuVjdsZQ,https://www.youtube.com/watch?v=4FOTuVjdsZQ,How To Play A Flam Drag - Drum Rudiment Lesson,Drumeo,https://www.youtube.com/channel/UCBiJBaDaM3K6vPVggLhTyWA,5630000,yes,known channel (drumeo),Standard,,138,2560,1440,24.0,False,20230118,18828,three-quarter,one,thumbnail (auto),0.71,,True,False,demo,'Drag drum rudiment lesson'; 'Drag rudiment'; 'Drag snare drum'; 'Flam Drag drum rudiment lesson'; 'Flam Drag rudiment practice pad'; 'Flam Drag rudiment'; 'Flam Drag snare drum'; 'vic firth Flam Drag',,10.21,False,not Creative Commons (link only),False,pick
30,Flam Drag,False,Wkq_BurlvBE,https://www.youtube.com/watch?v=Wkq_BurlvBE,Flam Drag,null,https://www.youtube.com/channel/UCoiP3HEJH-eicv8O3AqW1AA,17300,no,,CC-BY,Creative Commons Attribution license (reuse allowed),61,1920,1080,30.0,False,20190430,66,no player found,no,thumbnail (auto),,,True,False,demo,CC 'Drag rudiment'; CC 'Flam Drag drum'; CC 'Flam Drag lesson'; CC 'Flam Drag rudiment'; CC 'Flam Drag snare'; CC 'Flam Drag tutorial'; CC 'Flam Drag'; CC 'how to play Flam Accent'; CC 'how to play Flam Drag'; CC 'how to play Flam',,5.73,False,no player or hands in the thumbnail,False,also found
30,Flam Drag,False,2hSnXwAJOmk,https://www.youtube.com/watch?v=2hSnXwAJOmk,Sticks & Pad Nights. Power Work Out dedicato ai Flam & Drag,TheDrumBooster,https://www.youtube.com/channel/UCLLLKQpaDZSsCoctfhIw9XQ,631,no,,CC-BY,Creative Commons Attribution license (reuse allowed),252,1280,720,24.0,False,20180327,62,no player found,no,thumbnail (auto),,,True,False,demo,CC 'Double Drag Tap practice pad'; CC 'Drag Paradiddle 1 practice pad'; CC 'Drag Paradiddle 2 practice pad'; CC 'Drag practice pad'; CC 'Flam Accent practice pad'; CC 'Flam Drag drum'; CC 'Flam Drag lesson'; CC 'Flam Drag practice pad'; CC 'Flam Drag rudiment'; CC 'Flam Drag snare'; CC 'Flam Drag tu,,5.72,False,no player or hands in the thumbnail,False,also found
30,Flam Drag,False,ueEnCyX6nOw,https://www.youtube.com/watch?v=ueEnCyX6nOw,Rudiments 101.  The Flam Drag.,Ali (Alipool),https://www.youtube.com/channel/UCIEg5pQYHacshaYoqwremCA,282,no,,CC-BY,Creative Commons Attribution license (reuse allowed),313,320,240,30.0,False,20120330,169,hands only,one,thumbnail (auto),,,True,False,demo,CC 'Double Drag Tap drum'; CC 'Double Drag Tap lesson'; CC 'Double Drag Tap rudiment'; CC 'Double Drag Tap snare'; CC 'Double Drag Tap tutorial'; CC 'Double Drag Tap'; CC 'Double Ratamacue rudiment'; CC 'Drag Paradiddle 2 drum'; CC 'Drag Paradiddle 2 lesson'; CC 'Drag Paradiddle 2 rudiment'; CC 'Dra,,4.89,False,only 240p,False,also found
30,Flam Drag,False,0vBil8E5Wj0,https://www.youtube.com/watch?v=0vBil8E5Wj0,Flam Drag - Drum Lessons,Drumeo,https://www.youtube.com/channel/UCBiJBaDaM3K6vPVggLhTyWA,5630000,yes,known channel (drumeo),Standard,,82,640,480,30.0,False,20070811,23513,front,yes,thumbnail (auto),1.2,,True,False,demo,'Flam Drag drum rudiment lesson'; 'Flam Drag rudiment'; 'Flam Drag snare drum',2 chapters,9.75,False,not Creative Commons (link only),False,also found
30,Flam Drag,False,MQfEeM1fKNE,https://www.youtube.com/watch?v=MQfEeM1fKNE,Hybrid Rudiment: Double Flam Drag / Vic Firth Educational Series,Vic Firth,https://www.youtube.com/channel/UC9N2JaiIWYR2GEN1tgHAczA,634000,yes,known channel (vic firth),Standard,,123,640,346,30.0,False,20130820,13905,front,yes,thumbnail (auto),1.12,,True,False,demo,'vic firth Flam Drag',,9.66,False,not Creative Commons (link only),False,also found
30,Flam Drag,False,bqqo23JLmCs,https://www.youtube.com/watch?v=bqqo23JLmCs,Hybrid Rudiment: One-handed Flam Drag / Vic Firth Educational Series,Vic Firth,https://www.youtube.com/channel/UC9N2JaiIWYR2GEN1tgHAczA,634000,yes,known channel (vic firth),Standard,,254,360,270,30.0,False,20141113,3048,front,yes,thumbnail (auto),1.02,,True,False,demo,'Flam Drag drum rudiment lesson'; 'Flam Drag rudiment'; 'vic firth Flam Drag',4 chapters,9.39,False,not Creative Commons (link only),False,also found
30,Flam Drag,False,epz-7xS28Kw,https://www.youtube.com/watch?v=epz-7xS28Kw,Pearl Drum Rudiments - Flam Drag,Pearl Drums,https://www.youtube.com/channel/UCmGi7DMBXl7aTOG1HDbRWoQ,121000,yes,known channel (pearl),Standard,,53,1920,1080,30.0,False,20130723,1620,unknown,no,thumbnail (auto),,,True,False,demo,'Flam Drag rudiment',short,9.28,False,not Creative Commons (link only),False,also found
30,Flam Drag,False,KOqbCaHHrAo,https://www.youtube.com/watch?v=KOqbCaHHrAo,Snare Rudiment: Flam Drag,Rudimental Lick of the Week,https://www.youtube.com/channel/UC59cdVwbhsqSnHo4JWEq5Ag,93,yes,known channel (rudimental),Standard,,13,1920,1080,10.0,False,20160208,94,no player found,no,thumbnail (auto),,,True,False,demo,'Flam Drag snare drum',short,7.79,False,not Creative Commons (link only),False,also found
31,Drag,False,1u9CfiWI3fE,https://www.youtube.com/watch?v=1u9CfiWI3fE,ラフの使い方【質問の答え】オールアメリカン１３７について　ルーディメンツ　How to use ruff.How to play the 137 of all american drummer.,Jazz drummer Kazuyoshi Kuroda,https://www.youtube.com/channel/UCUdBwGS04F--S5E4I36rt3Q,69800,no,,CC-BY,Creative Commons Attribution license (reuse allowed),379,1920,1080,30.0,False,20191205,1317,three-quarter,yes,thumbnail (auto),0.68,,True,False,demo,CC 'ruff rudiment',,7.75,True,,False,pick
31,Drag,False,0pWqa_yNJFw,https://www.youtube.com/watch?v=0pWqa_yNJFw,【質問の答え】ラフとドラッグの違い　What is the different from ruff and drag?　Rudiments Drums,Jazz drummer Kazuyoshi Kuroda,https://www.youtube.com/channel/UCUdBwGS04F--S5E4I36rt3Q,69800,no,,CC-BY,Creative Commons Attribution license (reuse allowed),370,1920,1080,30.0,False,20191218,2786,three-quarter,one,thumbnail (auto),0.54,,True,False,demo,CC 'Drag drum'; CC 'ruff rudiment',,6.88,True,,False,pick
31,Drag,False,O0S4kmYROvI,https://www.youtube.com/watch?v=O0S4kmYROvI,Parasite Drag Component Grouping,OpenVSP Videos,https://www.youtube.com/channel/UCgkncj4tKePKtX6mTcDHTDw,5930,no,,CC-BY,Creative Commons Attribution license (reuse allowed),154,1920,1080,30.0,False,20221215,988,three-quarter,one,thumbnail (auto),0.74,,True,False,demo,CC 'Drag tutorial',,6.7,True,,False,pick
31,Drag,False,QnMubw9P1Ow,https://www.youtube.com/watch?v=QnMubw9P1Ow,Drag - Drum Rudiment Lesson (Drumeo),Drumeo,https://www.youtube.com/channel/UCBiJBaDaM3K6vPVggLhTyWA,5630000,yes,known channel (drumeo),Standard,,95,1920,1080,24.0,False,20161209,168578,three-quarter,yes,thumbnail (auto),0.86,,True,False,demo,'Drag Paradiddle 1 drum rudiment lesson'; 'Drag Paradiddle 1 snare drum'; 'Drag drum rudiment lesson'; 'Drag rudiment practice pad'; 'Drag rudiment'; 'Drag snare drum'; 'Flam Drag drum rudiment lesson'; 'Flam Drag rudiment practice pad'; 'Flam Drag rudiment'; 'Single Drag Tap drum rudiment lesson'; ,,11.59,False,not Creative Commons (link only),False,pick
31,Drag,False,t2Tq7uKs4G8,https://www.youtube.com/watch?v=t2Tq7uKs4G8,How To Play A Drag - Drum Rudiment Lesson,Drumeo,https://www.youtube.com/channel/UCBiJBaDaM3K6vPVggLhTyWA,5630000,yes,known channel (drumeo),Standard,,90,2560,1440,24.0,False,20230107,67507,three-quarter,yes,thumbnail (auto),0.78,,True,False,demo,'Drag Paradiddle 1 drum rudiment lesson'; 'Drag Paradiddle 1 snare drum'; 'Drag drum rudiment lesson'; 'Drag rudiment practice pad'; 'Drag rudiment'; 'Drag snare drum'; 'Flam Drag drum rudiment lesson'; 'Flam Drag snare drum'; 'Single Drag Tap drum rudiment lesson'; 'Single Drag Tap rudiment practic,3 chapters,11.43,False,not Creative Commons (link only),False,pick
31,Drag,False,nQ--bjMHDfo,https://www.youtube.com/watch?v=nQ--bjMHDfo,How To Play A Drag Tap - Drum Rudiment Lesson,Drumeo,https://www.youtube.com/channel/UCBiJBaDaM3K6vPVggLhTyWA,5630000,yes,known channel (drumeo),Standard,,100,2560,1440,24.0,False,20230118,36823,three-quarter,yes,thumbnail (auto),0.82,,True,False,demo,'Double Drag Tap drum rudiment lesson'; 'Double Drag Tap rudiment practice pad'; 'Drag rudiment practice pad'; 'Drag rudiment'; 'Drag snare drum'; 'Single Drag Tap drum rudiment lesson'; 'Single Drag Tap rudiment practice pad'; 'Single Drag Tap rudiment'; 'Single Drag Tap snare drum'; 'single drag r,3 chapters,11.33,False,not Creative Commons (link only),False,pick
31,Drag,False,IJjRvUkO4kM,https://www.youtube.com/watch?v=IJjRvUkO4kM,Drag (Ruff): Rudiment Breakdown by Dr. John Wooton,Vic Firth,https://www.youtube.com/channel/UC9N2JaiIWYR2GEN1tgHAczA,634000,yes,known channel (vic firth),Standard,,89,1920,1080,30.0,False,20120413,23898,three-quarter,yes,thumbnail (auto),0.81,,True,False,demo,'vic firth Single Drag Tap',,11.25,False,not Creative Commons (link only),False,pick
31,Drag,False,hnCg9SBiaM0,https://www.youtube.com/watch?v=hnCg9SBiaM0,Drag Ghost Notes - Free Rudiment Lesson,Drumeo,https://www.youtube.com/channel/UCBiJBaDaM3K6vPVggLhTyWA,5630000,yes,known channel (drumeo),Standard,,297,1280,720,30.0,False,20101214,23487,side,yes,thumbnail (auto),0.31,,True,False,demo,'Drag drum rudiment lesson',4 chapters,11.25,False,not Creative Commons (link only),False,pick
31,Drag,False,tM8iSNmwep8,https://www.youtube.com/watch?v=tM8iSNmwep8,Essential Beginner Drum Rudiment: The Drag 🥁,DrumScoresOnline,https://www.youtube.com/channel/UCqoX1-UytpZkOaWbeSitd4g,5440,no,,CC-BY,Creative Commons Attribution license (reuse allowed),10,720,1280,50.0,True,20241210,15126,unknown,no,thumbnail (auto),,,True,False,demo,CC 'drum rudiment tutorial'; CC 'single stroke rudiment',short; vertical,6.67,False,no player or hands in the thumbnail,False,also found
31,Drag,False,tldkIeQ7buk,https://www.youtube.com/watch?v=tldkIeQ7buk,Pantera - Drag the Waters Drums,Drew's Metal Shed,https://www.youtube.com/channel/UCeYaAdNxtHPWXUBR2SY3yAQ,1060,no,,CC-BY,Creative Commons Attribution license (reuse allowed),301,1280,720,30.0,False,20161230,4242,no player found,no,thumbnail (auto),,,True,False,demo,CC 'Drag drum',,6.45,False,no player or hands in the thumbnail,False,also found
31,Drag,False,dA09MoGYMo0,https://www.youtube.com/watch?v=dA09MoGYMo0,Ruff Grouse Drumming,Dale Bohlke,https://www.youtube.com/channel/UCqiXTiJco1EfYyn3o6rAUlA,424,no,,CC-BY,Creative Commons Attribution license (reuse allowed),81,1280,720,30.0,False,20130529,167,no player found,no,thumbnail (auto),,,True,False,demo,CC 'ruff rudiment',,5.89,False,no player or hands in the thumbnail,False,also found
31,Drag,False,kcLmhV562ZA,https://www.youtube.com/watch?v=kcLmhV562ZA,ルーディメンツ、ドラッグの練習方法[森谷ドラムスクールYouTube校],森谷ドラムスクールYouTube校,https://www.youtube.com/channel/UCqvUqkn5JA_12SAni6w8xjQ,24900,no,,CC-BY,Creative Commons Attribution license (reuse allowed),166,1280,720,30.0,False,20210621,4329,three-quarter,one,thumbnail (auto),0.82,,False,False,demo,CC 'Drag practice pad',,4.95,False,title does not name this rudiment,False,also found
31,Drag,False,1chO_IyEzyY,https://www.youtube.com/watch?v=1chO_IyEzyY,Rudiments 101.  The Ruff/Drag.,Ali (Alipool),https://www.youtube.com/channel/UCIEg5pQYHacshaYoqwremCA,282,no,,CC-BY,Creative Commons Attribution license (reuse allowed),523,320,240,30.0,False,20120118,166,hands only,one,thumbnail (auto),,,True,False,demo,CC '17 stroke roll rudiment'; CC '9 stroke roll rudiment'; CC 'Double Drag Tap drum'; CC 'Double Drag Tap lesson'; CC 'Double Drag Tap rudiment'; CC 'Double Drag Tap snare'; CC 'Double Drag Tap tutorial'; CC 'Double Drag Tap'; CC 'Drag Paradiddle 2 drum'; CC 'Drag Paradiddle 2 lesson'; CC 'Drag Para,,4.89,False,only 240p,False,also found
31,Drag,False,GyPHBsWqNIE,https://www.youtube.com/watch?v=GyPHBsWqNIE,Snare Drag Groove,adventuresofjj,https://www.youtube.com/channel/UC20gi6MlvRAM9xfGRzl5gqw,8,no,,CC-BY,Creative Commons Attribution license (reuse allowed),66,1280,720,25.0,False,20160811,67,side,one,thumbnail (auto),0.2,,True,False,"application (groove, fill or kit)",CC 'Double Drag Tap drum'; CC 'Double Drag Tap lesson'; CC 'Double Drag Tap rudiment'; CC 'Double Drag Tap snare'; CC 'Double Drag Tap'; CC 'Drag Paradiddle 1 drum'; CC 'Drag Paradiddle 1 snare'; CC 'Drag Paradiddle 1'; CC 'Drag Paradiddle 2 drum'; CC 'Drag Paradiddle 2 rudiment'; CC 'Drag Paradiddl,,4.23,False,"application (groove, fill or kit)",False,also found
31,Drag,False,Bd0qQaLzUT4,https://www.youtube.com/watch?v=Bd0qQaLzUT4,Rush BPM drag sanity cinematic drum EDM Elesis nitro mash boom crazy sound excessive rhythm beat cre,Naked DRUM Freestyle Flow,https://www.youtube.com/channel/UCtKp70fsQog_T-PCRWFK00w,90,no,,CC-BY,Creative Commons Attribution license (reuse allowed),20,2560,1440,30.0,False,20260119,0,three-quarter,no,thumbnail (auto),0.58,,True,False,"application (groove, fill or kit)",CC 'Drag drum'; CC 'Drag snare',short,3.5,False,"application (groove, fill or kit); no player or hands in the thumbnail",False,also found
31,Drag,False,KlURcZs-wLk,https://www.youtube.com/watch?v=KlURcZs-wLk,Pearl Drum Rudiments - Drag,Pearl Drums,https://www.youtube.com/channel/UCmGi7DMBXl7aTOG1HDbRWoQ,121000,yes,known channel (pearl),Standard,,41,1280,720,30.0,False,20120813,6392,three-quarter,yes,thumbnail (auto),0.8,,True,False,demo,'Drag rudiment',short,11.02,False,not Creative Commons (link only),False,also found
31,Drag,False,xBmuuR-gvvQ,https://www.youtube.com/watch?v=xBmuuR-gvvQ,Vic Firth Rudiment Lessons: The Drag (Ruff),Vic Firth,https://www.youtube.com/channel/UC9N2JaiIWYR2GEN1tgHAczA,634000,yes,known channel (vic firth),Standard,,215,1280,720,60.0,True,20110426,88556,unknown,one,thumbnail (auto),,,True,False,demo,'Drag drum rudiment lesson'; 'Drag rudiment'; 'Drag snare drum'; 'Flam rudiment'; 'ruff rudiment'; 'vic firth Drag Paradiddle 1'; 'vic firth Drag'; 'vic firth Flam Drag'; 'vic firth Flam Tap'; 'vic firth Flamacue'; 'vic firth Lesson 25'; 'vic firth Pataflafla'; 'vic firth Single Drag Tap'; 'vic firt,,10.98,False,not Creative Commons (link only),False,also found
31,Drag,False,l8cXzM3QXjU,https://www.youtube.com/watch?v=l8cXzM3QXjU,Drag (Ruff): Vic Firth Rudiment Playalong,Vic Firth,https://www.youtube.com/channel/UC9N2JaiIWYR2GEN1tgHAczA,634000,yes,known channel (vic firth),Standard,,335,1280,720,30.0,False,20130419,48005,no player found,no,thumbnail (auto),,,True,False,demo,'Drag rudiment practice pad'; 'Drag rudiment'; 'ruff rudiment'; 'vic firth Drag'; 'vic firth Single Drag Tap'; 'vic firth Single Stroke Roll',,9.87,False,not Creative Commons (link only),False,also found
31,Drag,False,CdYBXEWUECg,https://www.youtube.com/watch?v=CdYBXEWUECg,How To Play A Drag On The Drums - Drum Rudiment Lesson,Drumeo,https://www.youtube.com/channel/UCBiJBaDaM3K6vPVggLhTyWA,5630000,yes,known channel (drumeo),Standard,,175,2560,1440,24.0,False,20230312,10556,unknown,no,thumbnail (auto),,,True,False,demo,'Drag Paradiddle 1 drum rudiment lesson'; 'Drag drum rudiment lesson'; 'Drag rudiment practice pad'; 'Drag rudiment'; 'Drag snare drum',,9.61,False,not Creative Commons (link only),False,also found
31,Drag,False,TmQM4xdWPPM,https://www.youtube.com/watch?v=TmQM4xdWPPM,Ralph Humphrey – The 3 Stroke Ruff on Drum Set,Drum Channel,https://www.youtube.com/channel/UC-vQ0o1-FxwJAJGOgGu0bBQ,290000,yes,known channel (drum channel),Standard,,515,448,256,24.0,False,20190225,12676,three-quarter,yes,thumbnail (auto),0.75,,True,False,"application (groove, fill or kit)",'ruff rudiment',6 chapters,8.14,False,not Creative Commons (link only),False,also found
32,Single Drag Tap,False,chLVKjBVjKQ,https://www.youtube.com/watch?v=chLVKjBVjKQ,Single Drag Tap,null,https://www.youtube.com/channel/UCoiP3HEJH-eicv8O3AqW1AA,17300,no,,CC-BY,Creative Commons Attribution license (reuse allowed),78,1920,1080,30.0,False,20190501,19,hands only,yes,thumbnail (auto),,,True,False,demo,CC 'Drag rudiment'; CC 'Single Drag Tap drum'; CC 'Single Drag Tap lesson'; CC 'Single Drag Tap rudiment'; CC 'Single Drag Tap'; CC 'single drag rudiment',,6.52,True,,False,pick
32,Single Drag Tap,False,YCJK-yd9jnc,https://www.youtube.com/watch?v=YCJK-yd9jnc,Agustín Strizzi - Charles Wilcoxon Snare Drum Solos. #6  - Roughing the Single Drag,Agustin Strizzi,https://www.youtube.com/channel/UCFsOwvtvKd6_00g4_iSBR2w,811,no,,CC-BY,Creative Commons Attribution license (reuse allowed),56,658,480,30.0,False,20110827,1555,hands only,one,thumbnail (auto),,,True,False,demo,CC '6 stroke roll rudiment'; CC 'Double Drag Tap drum'; CC 'Double Drag Tap rudiment'; CC 'Double Drag Tap snare'; CC 'Double Drag Tap'; CC 'Drag Paradiddle 1 drum'; CC 'Drag Paradiddle 1 lesson'; CC 'Drag Paradiddle 1 rudiment'; CC 'Drag Paradiddle 1 snare'; CC 'Drag Paradiddle 1 tutorial'; CC 'Dra,short,5.28,True,,False,pick
32,Single Drag Tap,False,M88cpp8Dr1Q,https://www.youtube.com/watch?v=M88cpp8Dr1Q,Vic Firth Rudiment Lessons: Single Drag Tap,Vic Firth,https://www.youtube.com/channel/UC9N2JaiIWYR2GEN1tgHAczA,634000,yes,known channel (vic firth),Standard,,313,1280,720,60.0,True,20110921,32770,three-quarter,yes,thumbnail (auto),0.71,,True,False,demo,'Double Drag Tap snare drum'; 'Single Drag Tap drum rudiment lesson'; 'Single Drag Tap rudiment'; 'Single Drag Tap snare drum'; 'single drag rudiment'; 'vic firth Double Drag Tap'; 'vic firth Drag Paradiddle 1'; 'vic firth Drag'; 'vic firth Flam Drag'; 'vic firth Single Drag Tap'; 'vic firth Single ,4 chapters,12.31,False,not Creative Commons (link only),False,pick
32,Single Drag Tap,False,A7UtXiErBh4,https://www.youtube.com/watch?v=A7UtXiErBh4,Single Drag Tap - Drum Rudiment Lesson (Drumeo),Drumeo,https://www.youtube.com/channel/UCBiJBaDaM3K6vPVggLhTyWA,5630000,yes,known channel (drumeo),Standard,,144,1920,1080,24.0,False,20161209,62654,three-quarter,yes,thumbnail (auto),0.89,,True,False,demo,'Drag Paradiddle 1 snare drum'; 'Drag drum rudiment lesson'; 'Drag rudiment practice pad'; 'Drag rudiment'; 'Drag snare drum'; 'Single Drag Tap drum rudiment lesson'; 'Single Drag Tap rudiment practice pad'; 'Single Drag Tap rudiment'; 'Single Drag Tap snare drum'; 'single drag rudiment'; 'vic firth,,11.42,False,not Creative Commons (link only),False,pick
32,Single Drag Tap,False,wiVqvbd9CUg,https://www.youtube.com/watch?v=wiVqvbd9CUg,Single Drag (Traditional Interpretation): Rudiment Breakdown by Dr. John Wooton,Vic Firth,https://www.youtube.com/channel/UC9N2JaiIWYR2GEN1tgHAczA,634000,yes,known channel (vic firth),Standard,,98,1920,1080,30.0,False,20120413,9296,three-quarter,yes,thumbnail (auto),0.84,,True,False,demo,'vic firth Single Drag Tap'; 'vic firth Single Dragadiddle',,11.09,False,not Creative Commons (link only),False,pick
32,Single Drag Tap,False,vSbnMq6QZkw,https://www.youtube.com/watch?v=vSbnMq6QZkw,Single Drag (Triplet Interpretation): Rudiment Breakdown by Dr. John Wooton,Vic Firth,https://www.youtube.com/channel/UC9N2JaiIWYR2GEN1tgHAczA,634000,yes,known channel (vic firth),Standard,,115,1920,1080,30.0,False,20120413,7154,three-quarter,yes,thumbnail (auto),0.9,,True,False,demo,'vic firth Single Drag Tap',,11.04,False,not Creative Commons (link only),False,pick
32,Single Drag Tap,False,aed80zt_nSg,https://www.youtube.com/watch?v=aed80zt_nSg,Single Drag Tap - Drum Lessons,Drumeo,https://www.youtube.com/channel/UCBiJBaDaM3K6vPVggLhTyWA,5630000,yes,known channel (drumeo),Standard,,77,640,480,30.0,False,20070811,12723,three-quarter,yes,thumbnail (auto),0.95,,True,False,demo,'Single Drag Tap drum rudiment lesson'; 'Single Drag Tap rudiment'; 'Single Drag Tap snare drum'; 'single drag rudiment',,10.14,False,not Creative Commons (link only),False,pick
32,Single Drag Tap,False,4CsjvU0evvw,https://www.youtube.com/watch?v=4CsjvU0evvw,Rudiments 101.  The Single Drag Tap.,Ali (Alipool),https://www.youtube.com/channel/UCIEg5pQYHacshaYoqwremCA,282,no,,CC-BY,Creative Commons Attribution license (reuse allowed),513,320,240,30.0,False,20120514,169,hands only,yes,thumbnail (auto),,,True,False,demo,CC '13 stroke roll rudiment'; CC 'Double Drag Tap drum'; CC 'Double Drag Tap lesson'; CC 'Double Drag Tap rudiment'; CC 'Double Drag Tap snare'; CC 'Double Drag Tap tutorial'; CC 'Double Drag Tap'; CC 'Drag Paradiddle 1 drum'; CC 'Drag Paradiddle 1 lesson'; CC 'Drag Paradiddle 1 rudiment'; CC 'Drag ,,5.89,False,only 240p,False,also found
32,Single Drag Tap,False,K5YvBraApN4,https://www.youtube.com/watch?v=K5YvBraApN4,Single Drag Tap (Triplet Interpretation): Vic Firth Rudiment Playalong,Vic Firth,https://www.youtube.com/channel/UC9N2JaiIWYR2GEN1tgHAczA,634000,yes,known channel (vic firth),Standard,,345,1280,720,30.0,False,20130819,50666,no player found,no,thumbnail (auto),,,True,False,demo,'Single Drag Tap drum rudiment lesson'; 'Single Drag Tap rudiment practice pad'; 'Single Drag Tap rudiment'; 'single drag rudiment'; 'vic firth Double Drag Tap'; 'vic firth Drag'; 'vic firth Pataflafla'; 'vic firth Single Drag Tap'; 'vic firth Single Paradiddle'; 'vic firth Single Stroke Roll'; 'vic,,9.88,False,not Creative Commons (link only),False,also found
32,Single Drag Tap,False,wiKL977ZPc8,https://www.youtube.com/watch?v=wiKL977ZPc8,Single Drag Tap (Duple Interpretation): Vic Firth Rudiment Playalong,Vic Firth,https://www.youtube.com/channel/UC9N2JaiIWYR2GEN1tgHAczA,634000,yes,known channel (vic firth),Standard,,278,1280,720,30.0,False,20130819,32462,no player found,no,thumbnail (auto),,,True,False,demo,'Single Drag Tap drum rudiment lesson'; 'Single Drag Tap rudiment'; 'single drag rudiment'; 'vic firth Double Drag Tap'; 'vic firth Drag Paradiddle 1'; 'vic firth Drag'; 'vic firth Single Drag Tap'; 'vic firth Single Dragadiddle'; 'vic firth Single Paradiddle',,9.8,False,not Creative Commons (link only),False,also found
32,Single Drag Tap,False,k5cab0qmQCY,https://www.youtube.com/watch?v=k5cab0qmQCY,Pearl Drum Rudiments - Single Drag Tap,Pearl Drums,https://www.youtube.com/channel/UCmGi7DMBXl7aTOG1HDbRWoQ,121000,yes,known channel (pearl),Standard,,50,1280,720,30.0,False,20120813,6801,no player found,no,thumbnail (auto),,,True,False,demo,'Single Drag Tap drum rudiment lesson'; 'single drag rudiment',short,9.53,False,not Creative Commons (link only),False,also found
32,Single Drag Tap,False,2hICDQkLoFA,https://www.youtube.com/watch?v=2hICDQkLoFA,Pearl Drum Rudiments - Single Drag Tap,Pearl Drums,https://www.youtube.com/channel/UCmGi7DMBXl7aTOG1HDbRWoQ,121000,yes,known channel (pearl),Standard,,57,1920,1080,30.0,False,20130723,1251,unknown,no,thumbnail (auto),,,True,False,demo,'Single Drag Tap drum rudiment lesson'; 'single drag rudiment',short,9.24,False,not Creative Commons (link only),False,also found
32,Single Drag Tap,False,7u26P6nRHDs,https://www.youtube.com/watch?v=7u26P6nRHDs,Drum Rudiments #32 - Single Drag Tap - DrumRudiments.com,DrumRudiments,https://www.youtube.com/channel/UCFjAPbK0sCk_5TKsgSmSQzQ,32600,no,,Standard,,31,432,360,30.0,False,20070320,169747,no player found,no,thumbnail (auto),,,True,False,demo,'Drag rudiment practice pad'; 'Single Drag Tap drum rudiment lesson'; 'Single Drag Tap rudiment practice pad'; 'Single Drag Tap rudiment'; 'Single Drag Tap snare drum'; 'Single Dragadiddle rudiment practice pad'; 'single drag rudiment'; 'vic firth Single Drag Tap',short,6.09,False,not Creative Commons (link only),False,also found
33,Double Drag Tap,False,Jd3dTY3vbRs,https://www.youtube.com/watch?v=Jd3dTY3vbRs,Double Drag Tap,null,https://www.youtube.com/channel/UCoiP3HEJH-eicv8O3AqW1AA,17300,no,,CC-BY,Creative Commons Attribution license (reuse allowed),65,1920,1080,30.0,False,20190501,44,hands only,one,thumbnail (auto),,,True,False,demo,CC 'Double Drag Tap drum'; CC 'Double Drag Tap lesson'; CC 'Double Drag Tap rudiment'; CC 'Double Drag Tap snare'; CC 'Double Drag Tap tutorial'; CC 'Double Drag Tap'; CC 'Drag rudiment'; CC 'Drag snare'; CC 'Single Drag Tap drum'; CC 'Single Drag Tap lesson'; CC 'Single Drag Tap rudiment'; CC 'Sing,,5.66,True,,False,pick
33,Double Drag Tap,False,rSQ7qcDkKeA,https://www.youtube.com/watch?v=rSQ7qcDkKeA,Vic Firth Rudiment Lessons: Double Drag Tap,Vic Firth,https://www.youtube.com/channel/UC9N2JaiIWYR2GEN1tgHAczA,634000,yes,known channel (vic firth),Standard,,293,1280,720,60.0,True,20120219,48263,three-quarter,yes,thumbnail (auto),0.52,,True,False,demo,'Double Drag Tap drum rudiment lesson'; 'Double Drag Tap rudiment'; 'Double Drag Tap snare drum'; 'Drag Paradiddle 2 rudiment'; 'Drag rudiment'; 'double drag rudiment'; 'vic firth Double Drag Tap'; 'vic firth Drag Paradiddle 2'; 'vic firth Drag',,12.37,False,not Creative Commons (link only),False,pick
33,Double Drag Tap,False,0Z9WF0AltLo,https://www.youtube.com/watch?v=0Z9WF0AltLo,Double Drag Tap - Drum Rudiment Lesson (Drumeo),Drumeo,https://www.youtube.com/channel/UCBiJBaDaM3K6vPVggLhTyWA,5630000,yes,known channel (drumeo),Standard,,81,1920,1080,24.0,False,20161209,40730,three-quarter,yes,thumbnail (auto),0.85,,True,False,demo,'Double Drag Tap drum rudiment lesson'; 'Double Drag Tap rudiment practice pad'; 'Double Drag Tap rudiment'; 'Double Drag Tap snare drum'; 'double drag rudiment'; 'vic firth Double Drag Tap',,11.34,False,not Creative Commons (link only),False,pick
33,Double Drag Tap,False,CfG5jAAi2R8,https://www.youtube.com/watch?v=CfG5jAAi2R8,How To Play A Double Drag Tap - Drum Rudiment Lesson,Drumeo,https://www.youtube.com/channel/UCBiJBaDaM3K6vPVggLhTyWA,5630000,yes,known channel (drumeo),Standard,,139,2560,1440,24.0,False,20230118,15472,three-quarter,yes,thumbnail (auto),0.83,,True,False,demo,'Double Drag Tap drum rudiment lesson'; 'Double Drag Tap rudiment practice pad'; 'Double Drag Tap rudiment'; 'Double Drag Tap snare drum'; 'Single Drag Tap rudiment practice pad'; 'Single Drag Tap snare drum'; 'double drag rudiment'; 'vic firth Double Drag Tap',,11.18,False,not Creative Commons (link only),False,pick
33,Double Drag Tap,False,hfbZRj0HIr8,https://www.youtube.com/watch?v=hfbZRj0HIr8,"Double Drag (""Swing"" Interpretation): Rudiment Breakdown by Dr. John Wooton",Vic Firth,https://www.youtube.com/channel/UC9N2JaiIWYR2GEN1tgHAczA,634000,yes,known channel (vic firth),Standard,,91,1920,1080,30.0,False,20120413,7466,three-quarter,yes,thumbnail (auto),0.83,,True,False,demo,'vic firth Double Drag Tap',,11.05,False,not Creative Commons (link only),False,pick
33,Double Drag Tap,False,tyApFDvVeLg,https://www.youtube.com/watch?v=tyApFDvVeLg,Pearl Drum Rudiments - Double Drag Tap,Pearl Drums,https://www.youtube.com/channel/UCmGi7DMBXl7aTOG1HDbRWoQ,121000,yes,known channel (pearl),Standard,,50,1280,720,30.0,False,20120813,4317,three-quarter,yes,thumbnail (auto),0.86,,True,False,demo,'Double Drag Tap drum rudiment lesson'; 'Double Drag Tap rudiment practice pad'; 'Double Drag Tap rudiment'; 'double drag rudiment'; 'vic firth Double Drag Tap',short,10.95,False,not Creative Commons (link only),False,pick
33,Double Drag Tap,False,Cv5b-1e_wLM,https://www.youtube.com/watch?v=Cv5b-1e_wLM,Double Drag Tap!,Karl Lindgren,https://www.youtube.com/channel/UCQ2hybDxhxbfnwBD9coZEbA,685,no,,CC-BY,Creative Commons Attribution license (reuse allowed),475,1920,1080,30.0,False,20241231,1561,no player found,no,thumbnail (auto),,,True,False,demo,'Double Drag Tap drum rudiment lesson'; 'Double Drag Tap rudiment practice pad'; CC 'Double Drag Tap drum'; CC 'Double Drag Tap lesson'; CC 'Double Drag Tap practice pad'; CC 'Double Drag Tap rudiment'; CC 'Double Drag Tap snare'; CC 'Double Drag Tap tutorial'; CC 'Double Drag Tap'; CC 'Double Parad,4 chapters,6.28,False,no player or hands in the thumbnail,False,also found
33,Double Drag Tap,False,NgL2z2iDhKY,https://www.youtube.com/watch?v=NgL2z2iDhKY,Double Drag (Straight 8th Interpretation): Rudiment Breakdown by Dr. John Wooton,Vic Firth,https://www.youtube.com/channel/UC9N2JaiIWYR2GEN1tgHAczA,634000,yes,known channel (vic firth),Standard,,85,1920,1080,30.0,False,20120413,3672,three-quarter,yes,thumbnail (auto),0.83,,True,False,demo,'double drag rudiment',,10.93,False,not Creative Commons (link only),False,also found
33,Double Drag Tap,False,ckwDgsRhsfA,https://www.youtube.com/watch?v=ckwDgsRhsfA,Pearl Drum Rudiments - Double Drag Tap,Pearl Drums,https://www.youtube.com/channel/UCmGi7DMBXl7aTOG1HDbRWoQ,121000,yes,known channel (pearl),Standard,,57,1920,1080,30.0,False,20130723,2140,three-quarter,yes,thumbnail (auto),0.74,,True,False,demo,'Double Drag Tap drum rudiment lesson'; 'Double Drag Tap rudiment'; 'double drag rudiment'; 'vic firth Double Drag Tap',short,10.83,False,not Creative Commons (link only),False,also found
33,Double Drag Tap,False,nvpfEfaScNM,https://www.youtube.com/watch?v=nvpfEfaScNM,Double Drag Tap - Drum Lessons,Drumeo,https://www.youtube.com/channel/UCBiJBaDaM3K6vPVggLhTyWA,5630000,yes,known channel (drumeo),Standard,,96,640,480,30.0,False,20070811,19966,three-quarter,yes,thumbnail (auto),0.95,,True,False,demo,'Double Drag Tap drum rudiment lesson',,10.22,False,not Creative Commons (link only),False,also found
33,Double Drag Tap,False,TniI5OTv8E8,https://www.youtube.com/watch?v=TniI5OTv8E8,How To Play A Double Drag Tap On The Drums - Drum Rudiment Lesson,Drumeo,https://www.youtube.com/channel/UCBiJBaDaM3K6vPVggLhTyWA,5630000,yes,known channel (drumeo),Standard,,176,2560,1440,24.0,False,20230312,3557,unknown,no,thumbnail (auto),,,True,False,demo,'Double Drag Tap drum rudiment lesson'; 'Double Drag Tap rudiment'; 'Double Drag Tap snare drum'; 'double drag rudiment'; 'vic firth Double Drag Tap',,9.42,False,not Creative Commons (link only),False,also found
33,Double Drag Tap,False,uynMnt7UMps,https://www.youtube.com/watch?v=uynMnt7UMps,Double Drag Tap,Rudimental Lick of the Week,https://www.youtube.com/channel/UC59cdVwbhsqSnHo4JWEq5Ag,93,yes,known channel (rudimental),Standard,,12,1920,1080,10.0,False,20160404,107,no player found,no,thumbnail (auto),,,True,False,demo,'vic firth Double Drag Tap',short,7.81,False,not Creative Commons (link only),False,also found
34,Lesson 25,False,SQkFLiVdK-M,https://www.youtube.com/watch?v=SQkFLiVdK-M,How To Play A Lesson 25 - Drum Rudiment Lesson,Drumeo,https://www.youtube.com/channel/UCBiJBaDaM3K6vPVggLhTyWA,5630000,yes,known channel (drumeo),Standard,,124,2560,1440,24.0,False,20230118,20159,three-quarter,yes,thumbnail (auto),0.86,,True,False,demo,'Flamacue drum rudiment lesson'; 'Lesson 25 drum rudiment lesson'; 'Lesson 25 rudiment practice pad'; 'Lesson 25 rudiment'; 'Lesson 25 snare drum'; 'lesson twenty five rudiment'; 'lesson twenty-five rudiment'; 'vic firth Lesson 25',,11.22,False,not Creative Commons (link only),False,pick
34,Lesson 25,False,IAiIr2pI42k,https://www.youtube.com/watch?v=IAiIr2pI42k,Lesson 25: Rudiment Breakdown by Dr. John Wooton,Vic Firth,https://www.youtube.com/channel/UC9N2JaiIWYR2GEN1tgHAczA,634000,yes,known channel (vic firth),Standard,,86,1920,1080,30.0,False,20120413,10179,three-quarter,yes,thumbnail (auto),0.76,,True,False,demo,'Lesson 25 drum rudiment lesson'; 'Lesson 25 snare drum'; 'lesson twenty five rudiment'; 'lesson twenty-five rudiment'; 'vic firth Lesson 25',,11.1,False,not Creative Commons (link only),False,pick
34,Lesson 25,False,qs02HXfthYc,https://www.youtube.com/watch?v=qs02HXfthYc,Vic Firth Rudiment Lessons: Lesson 25,Vic Firth,https://www.youtube.com/channel/UC9N2JaiIWYR2GEN1tgHAczA,634000,yes,known channel (vic firth),Standard,,237,1280,720,30.0,False,20110502,25018,hands only,yes,thumbnail (auto),,,True,False,demo,'Lesson 25 drum rudiment lesson'; 'Lesson 25 rudiment'; 'Lesson 25 snare drum'; 'lesson twenty five rudiment'; 'lesson twenty-five rudiment'; 'vic firth Lesson 25',,10.76,False,not Creative Commons (link only),False,pick
34,Lesson 25,False,z_2_hHA4HsU,https://www.youtube.com/watch?v=z_2_hHA4HsU,Lesson 25 - Drum Rudiment Lessons,drumlessonscom,https://www.youtube.com/channel/UCfr1feUzluBz9_faEz3-iIA,169000,yes,169k subscribers,Standard,,237,1920,1080,30.0,False,20111114,12851,side,one,thumbnail (auto),0.48,,True,False,demo,'Lesson 25 drum rudiment lesson'; 'Lesson 25 rudiment'; 'lesson twenty five rudiment'; 'lesson twenty-five rudiment',,10.14,False,not Creative Commons (link only),False,pick
34,Lesson 25,False,fZ99UJvFlKc,https://www.youtube.com/watch?v=fZ99UJvFlKc,Lesson 25 - Drum Rudiment Lesson (Drumeo),Drumeo,https://www.youtube.com/channel/UCBiJBaDaM3K6vPVggLhTyWA,5630000,yes,known channel (drumeo),Standard,,76,1920,1080,24.0,False,20161209,44134,front,one,thumbnail (auto),1.58,,True,False,demo,'Lesson 25 drum rudiment lesson'; 'Lesson 25 rudiment practice pad'; 'Lesson 25 rudiment'; 'Lesson 25 snare drum'; 'lesson twenty five rudiment'; 'lesson twenty-five rudiment'; 'vic firth Lesson 25',,9.86,False,not Creative Commons (link only),False,pick
34,Lesson 25,False,jt8WHEHdljQ,https://www.youtube.com/watch?v=jt8WHEHdljQ,Lesson 25: Vic Firth Rudiment Playalong,Vic Firth,https://www.youtube.com/channel/UC9N2JaiIWYR2GEN1tgHAczA,634000,yes,known channel (vic firth),Standard,,197,1280,720,30.0,False,20130712,40692,no player found,no,thumbnail (auto),,,True,False,demo,'Lesson 25 drum rudiment lesson'; 'Lesson 25 rudiment practice pad'; 'Lesson 25 rudiment'; 'lesson twenty five rudiment'; 'lesson twenty-five rudiment'; 'vic firth Lesson 25'; 'vic firth Pataflafla',,9.84,False,not Creative Commons (link only),False,also found
34,Lesson 25,False,8UQ4_ESedLk,https://www.youtube.com/watch?v=8UQ4_ESedLk,Lesson 25 - Drum Lessons,Drumeo,https://www.youtube.com/channel/UCBiJBaDaM3K6vPVggLhTyWA,5630000,yes,known channel (drumeo),Standard,,88,640,480,30.0,False,20070811,13117,front,yes,thumbnail (auto),1.25,,True,False,demo,'Lesson 25 drum rudiment lesson'; 'lesson twenty-five rudiment',,9.65,False,not Creative Commons (link only),False,also found
34,Lesson 25,False,yGWAmbEVB-Q,https://www.youtube.com/watch?v=yGWAmbEVB-Q,Lesson 25: Michael Carvin Breaks Down Drumming Rudiments,Jazz at Lincoln Center's JAZZ ACADEMY,https://www.youtube.com/channel/UC8ycFlguVIToxRB34x3g1eQ,255000,yes,255k subscribers,Standard,,170,1920,1080,24.0,False,20140521,13253,no player found,no,thumbnail (auto),,,True,False,demo,'Lesson 25 drum rudiment lesson'; 'Lesson 25 rudiment'; 'Lesson 25 snare drum'; 'lesson twenty five rudiment'; 'lesson twenty-five rudiment'; 'vic firth Lesson 25',,9.65,False,not Creative Commons (link only),False,also found
34,Lesson 25,False,nyZ-yUr8pCo,https://www.youtube.com/watch?v=nyZ-yUr8pCo,How To Play A Lesson 25 On The Drums - Drum Rudiment Lesson,Drumeo,https://www.youtube.com/channel/UCBiJBaDaM3K6vPVggLhTyWA,5630000,yes,known channel (drumeo),Standard,,176,2560,1440,24.0,False,20230312,3634,unknown,no,thumbnail (auto),,,True,False,demo,'Lesson 25 drum rudiment lesson'; 'Lesson 25 rudiment'; 'Lesson 25 snare drum'; 'lesson twenty five rudiment'; 'lesson twenty-five rudiment'; 'vic firth Lesson 25',,9.42,False,not Creative Commons (link only),False,also found
34,Lesson 25,False,U38bvd2rV-U,https://www.youtube.com/watch?v=U38bvd2rV-U,Drum Rudiments #34 - Lesson 25 - DrumRudiments.com,DrumRudiments,https://www.youtube.com/channel/UCFjAPbK0sCk_5TKsgSmSQzQ,32600,no,,Standard,,27,432,360,30.0,False,20070320,196064,no player found,no,thumbnail (auto),,,True,False,demo,'Lesson 25 drum rudiment lesson'; 'Lesson 25 rudiment practice pad'; 'Lesson 25 rudiment'; 'Lesson 25 snare drum'; 'lesson twenty five rudiment'; 'lesson twenty-five rudiment'; 'vic firth Lesson 25',short,6.12,False,not Creative Commons (link only),False,also found
35,Single Dragadiddle,False,lXi7C1LMs_g,https://www.youtube.com/watch?v=lXi7C1LMs_g,How To Play A Dragadiddle - Drum Rudiment Lesson,Drumeo,https://www.youtube.com/channel/UCBiJBaDaM3K6vPVggLhTyWA,5630000,yes,known channel (drumeo),Standard,,107,2560,1440,24.0,False,20230118,23421,three-quarter,yes,thumbnail (auto),0.86,,True,False,demo,'Drag Paradiddle 1 drum rudiment lesson'; 'Single Dragadiddle drum rudiment lesson'; 'Single Dragadiddle rudiment practice pad'; 'Single Dragadiddle rudiment'; 'Single Dragadiddle snare drum'; 'dragadiddle rudiment'; 'single drag rudiment',,11.25,False,not Creative Commons (link only),False,pick
35,Single Dragadiddle,False,7LtrRRR32Ms,https://www.youtube.com/watch?v=7LtrRRR32Ms,Vic Firth Rudiment Lessons: Single Dragadiddle (with some cheese hybrids!),Vic Firth,https://www.youtube.com/channel/UC9N2JaiIWYR2GEN1tgHAczA,634000,yes,known channel (vic firth),Standard,,226,1280,720,30.0,False,20111213,20116,three-quarter,yes,thumbnail (auto),0.81,,True,False,demo,'Single Dragadiddle drum rudiment lesson'; 'Single Dragadiddle rudiment'; 'Single Dragadiddle snare drum'; 'dragadiddle rudiment'; 'vic firth Drag Paradiddle 1'; 'vic firth Drag'; 'vic firth Single Dragadiddle'; 'vic firth Single Flammed Mill'; 'vic firth Single Paradiddle'; 'vic firth Single Paradi,,11.22,False,not Creative Commons (link only),False,pick
35,Single Dragadiddle,False,yklqDDlDWA8,https://www.youtube.com/watch?v=yklqDDlDWA8,Single Dragadiddle: Rudiment Breakdown by Dr. John Wooton,Vic Firth,https://www.youtube.com/channel/UC9N2JaiIWYR2GEN1tgHAczA,634000,yes,known channel (vic firth),Standard,,111,1920,1080,30.0,False,20120413,7311,three-quarter,yes,thumbnail (auto),0.78,,True,False,demo,'Single Dragadiddle rudiment'; 'vic firth Single Dragadiddle',,11.05,False,not Creative Commons (link only),False,pick
35,Single Dragadiddle,False,bsSySuvf5Eg,https://www.youtube.com/watch?v=bsSySuvf5Eg,How To Play A Dragadiddle On The Drums - Drum Rudiment Lesson,Drumeo,https://www.youtube.com/channel/UCBiJBaDaM3K6vPVggLhTyWA,5630000,yes,known channel (drumeo),Standard,,178,2560,1440,24.0,False,20230312,3565,three-quarter,no,thumbnail (auto),0.78,,True,False,demo,'Single Dragadiddle drum rudiment lesson'; 'Single Dragadiddle snare drum'; 'dragadiddle rudiment',,9.92,False,not Creative Commons (link only),False,pick
35,Single Dragadiddle,False,OmmmmFe8158,https://www.youtube.com/watch?v=OmmmmFe8158,Dragadiddle #1 - Drum Lessons,Drumeo,https://www.youtube.com/channel/UCBiJBaDaM3K6vPVggLhTyWA,5630000,yes,known channel (drumeo),Standard,,77,640,480,30.0,False,20070811,27825,front,yes,thumbnail (auto),1.09,,True,False,demo,'Single Dragadiddle drum rudiment lesson',,9.78,False,not Creative Commons (link only),False,pick
35,Single Dragadiddle,False,ny-CCYWGWWQ,https://www.youtube.com/watch?v=ny-CCYWGWWQ,シングルドラガディドル　ルーディメンツ解説,山背ドラムメソッド　世界最大のフレーズ集(再生リスト)、進化するモーラー奏法とグルーヴ解説,https://www.youtube.com/channel/UCrYpF0pFjQHm7P_ItcyvbKw,6040,no,,CC-BY,Creative Commons Attribution license (reuse allowed),471,1920,1080,25.0,False,20160722,4014,three-quarter,yes,thumbnail (auto),0.77,,False,False,demo,CC 'Inverted Flam Tap rudiment'; CC 'Seventeen Stroke Roll rudiment'; CC 'Single Dragadiddle drum'; CC 'Single Dragadiddle lesson'; CC 'Single Dragadiddle rudiment'; CC 'Single Dragadiddle snare'; CC 'Single Dragadiddle tutorial'; CC 'Single Dragadiddle'; CC 'dragadiddle rudiment',,5.94,False,title does not name this rudiment,False,also found
35,Single Dragadiddle,False,OEiXGUJCtG4,https://www.youtube.com/watch?v=OEiXGUJCtG4,Single Dragadiddle,null,https://www.youtube.com/channel/UCoiP3HEJH-eicv8O3AqW1AA,17300,no,,CC-BY,Creative Commons Attribution license (reuse allowed),41,1920,1080,30.0,False,20190501,33,no player found,no,thumbnail (auto),,,True,False,demo,CC 'Drag Paradiddle 1 drum'; CC 'Drag Paradiddle 1 lesson'; CC 'Drag Paradiddle 1 rudiment'; CC 'Drag Paradiddle 1 snare'; CC 'Drag Paradiddle 1 tutorial'; CC 'Drag Paradiddle 1'; CC 'Drag Paradiddle 2 drum'; CC 'Drag Paradiddle 2 lesson'; CC 'Drag Paradiddle 2 rudiment'; CC 'Drag Paradiddle 2 snare,short,5.61,False,no player or hands in the thumbnail,False,also found
35,Single Dragadiddle,False,AH9NVZokiFY,https://www.youtube.com/watch?v=AH9NVZokiFY,Dragadiddle #2 - Drum Lessons,Drumeo,https://www.youtube.com/channel/UCBiJBaDaM3K6vPVggLhTyWA,5630000,yes,known channel (drumeo),Standard,,86,640,480,30.0,False,20070811,26347,front,yes,thumbnail (auto),1.02,,True,False,demo,'Drag Paradiddle 2 drum rudiment lesson'; 'Drag Paradiddle 2 snare drum',,9.77,False,not Creative Commons (link only),False,also found
35,Single Dragadiddle,False,ip771aYGsME,https://www.youtube.com/watch?v=ip771aYGsME,Pearl Drum Rudiments - Single Dragadiddle,Pearl Drums,https://www.youtube.com/channel/UCmGi7DMBXl7aTOG1HDbRWoQ,121000,yes,known channel (pearl),Standard,,46,1280,720,30.0,False,20120813,9389,no player found,no,thumbnail (auto),,,True,False,demo,'Single Dragadiddle drum rudiment lesson'; 'Single Dragadiddle rudiment practice pad'; 'Single Dragadiddle rudiment'; 'Single Dragadiddle snare drum'; 'dragadiddle rudiment'; 'vic firth Single Dragadiddle',short,9.59,False,not Creative Commons (link only),False,also found
35,Single Dragadiddle,False,8naYRNBb8L0,https://www.youtube.com/watch?v=8naYRNBb8L0,Single Dragadiddle - Drum Lessons,Drumeo,https://www.youtube.com/channel/UCBiJBaDaM3K6vPVggLhTyWA,5630000,yes,known channel (drumeo),Standard,,83,640,480,30.0,False,20070811,42343,three-quarter,one,thumbnail (auto),0.87,,True,False,demo,'Single Dragadiddle rudiment practice pad'; 'Single Dragadiddle rudiment'; 'Single Dragadiddle snare drum',,9.35,False,not Creative Commons (link only),False,also found
35,Single Dragadiddle,False,6E8dDReB_Eo,https://www.youtube.com/watch?v=6E8dDReB_Eo,Pearl Drum Rudiments - Single Dragadiddle,Pearl Drums,https://www.youtube.com/channel/UCmGi7DMBXl7aTOG1HDbRWoQ,121000,yes,known channel (pearl),Standard,,48,1920,1080,30.0,False,20130723,1429,unknown,no,thumbnail (auto),,,True,False,demo,'Single Dragadiddle drum rudiment lesson',short,9.26,False,not Creative Commons (link only),False,also found
35,Single Dragadiddle,False,PwrfzbQr8Pc,https://www.youtube.com/watch?v=PwrfzbQr8Pc,Dragadiddle,Rudimental Lick of the Week,https://www.youtube.com/channel/UC59cdVwbhsqSnHo4JWEq5Ag,93,yes,known channel (rudimental),Standard,,15,1920,1080,10.0,False,20160404,73,no player found,no,thumbnail (auto),,,True,False,demo,'Single Dragadiddle snare drum'; 'vic firth Single Dragadiddle',short,7.75,False,not Creative Commons (link only),False,also found
36,Drag Paradiddle #1,False,5szpB1pVabM,https://www.youtube.com/watch?v=5szpB1pVabM,Drag Paradiddle # 1,Luca Fortunato Drum,https://www.youtube.com/channel/UCmiV9nU0Up1HOU8xukWFRZw,249,no,,CC-BY,Creative Commons Attribution license (reuse allowed),109,720,1280,30.0,False,20200312,48,three-quarter,yes,thumbnail (auto),0.91,,True,False,demo,CC 'Drag Paradiddle 1 drum'; CC 'Drag Paradiddle 1 lesson'; CC 'Drag Paradiddle 1 practice pad'; CC 'Drag Paradiddle 1 rudiment'; CC 'Drag Paradiddle 1 snare'; CC 'Drag Paradiddle 1'; CC 'Drag practice pad'; CC 'drag paradiddle 1 rudiment'; CC 'drag paradiddle number 1 rudiment'; CC 'how to play Dra,vertical,7.18,True,,False,pick
36,Drag Paradiddle #1,False,GoxajAdxgOM,https://www.youtube.com/watch?v=GoxajAdxgOM,ドラッグパラディドル【ルーディメンツ】レッスン２５　ドラッグパラディドルナンバー１　ナンバー２　rudiments drag paradiddle No.1 No.2 lesson 25,Jazz drummer Kazuyoshi Kuroda,https://www.youtube.com/channel/UCUdBwGS04F--S5E4I36rt3Q,69800,no,,CC-BY,Creative Commons Attribution license (reuse allowed),434,1920,1080,30.0,False,20200603,3072,three-quarter,one,thumbnail (auto),0.52,,True,False,demo,CC 'Drag Paradiddle 1 lesson'; CC 'Drag Paradiddle 1 rudiment'; CC 'Drag Paradiddle 1 tutorial'; CC 'Drag Paradiddle 1'; CC 'Drag Paradiddle 2 drum'; CC 'Drag Paradiddle 2 lesson'; CC 'Drag Paradiddle 2 rudiment'; CC 'Drag Paradiddle 2 tutorial'; CC 'Drag Paradiddle 2'; CC 'Lesson 25 rudiment'; CC ',,6.9,True,,False,pick
36,Drag Paradiddle #1,False,2rhw3nQ1Rsc,https://www.youtube.com/watch?v=2rhw3nQ1Rsc,Vic Firth Rudiment Lessons: Drag Paradiddle #1 & #2,Vic Firth,https://www.youtube.com/channel/UC9N2JaiIWYR2GEN1tgHAczA,634000,yes,known channel (vic firth),Standard,,400,1280,720,60.0,True,20120102,22577,three-quarter,yes,thumbnail (auto),0.76,,True,False,demo,'Drag Paradiddle 1 drum rudiment lesson'; 'Drag Paradiddle 1 rudiment'; 'Drag Paradiddle 2 rudiment'; 'drag paradiddle 1 rudiment'; 'vic firth Drag Paradiddle 1'; 'vic firth Drag Paradiddle 2'; 'vic firth Drag'; 'vic firth Single Dragadiddle'; 'vic firth Single Paradiddle'; 'vic firth Single Paradid,7 chapters,12.24,False,not Creative Commons (link only),False,pick
36,Drag Paradiddle #1,False,KIkL8d4VVIc,https://www.youtube.com/watch?v=KIkL8d4VVIc,Drag Paradiddle #1 - Drum Rudiment Lesson (Drumeo),Drumeo,https://www.youtube.com/channel/UCBiJBaDaM3K6vPVggLhTyWA,5630000,yes,known channel (drumeo),Standard,,69,1920,1080,24.0,False,20170404,38639,three-quarter,yes,thumbnail (auto),0.84,,True,False,demo,'Drag Paradiddle 1 drum rudiment lesson'; 'Drag Paradiddle 1 rudiment practice pad'; 'Drag Paradiddle 1 rudiment'; 'Drag Paradiddle 1 snare drum'; 'Drag Paradiddle 2 snare drum'; 'Drag drum rudiment lesson'; 'Drag rudiment'; 'Single Dragadiddle drum rudiment lesson'; 'Single Dragadiddle rudiment pra,,11.33,False,not Creative Commons (link only),False,pick
36,Drag Paradiddle #1,False,oUytLscRNo4,https://www.youtube.com/watch?v=oUytLscRNo4,How To Play A Drag Paradiddle #1 - Drum Rudiment Lesson,Drumeo,https://www.youtube.com/channel/UCBiJBaDaM3K6vPVggLhTyWA,5630000,yes,known channel (drumeo),Standard,,141,2560,1440,24.0,False,20230107,15941,three-quarter,yes,thumbnail (auto),0.88,,True,False,demo,'Drag Paradiddle 1 drum rudiment lesson'; 'Drag Paradiddle 1 rudiment practice pad'; 'Drag Paradiddle 1 rudiment'; 'Drag Paradiddle 1 snare drum'; 'Drag Paradiddle 2 snare drum'; 'Drag drum rudiment lesson'; 'Drag rudiment practice pad'; 'Drag rudiment'; 'Drag snare drum'; 'Flam Drag drum rudiment l,,11.18,False,not Creative Commons (link only),False,pick
36,Drag Paradiddle #1,False,72ZafdRaKCE,https://www.youtube.com/watch?v=72ZafdRaKCE,Drag Paradiddle #1: Rudiment Breakdown by Dr. John Wooton,Vic Firth,https://www.youtube.com/channel/UC9N2JaiIWYR2GEN1tgHAczA,634000,yes,known channel (vic firth),Standard,,102,1920,1080,30.0,False,20120413,7655,three-quarter,yes,thumbnail (auto),0.81,,True,False,demo,'Drag Paradiddle 1 rudiment'; 'drag paradiddle 1 rudiment'; 'vic firth Drag Paradiddle 1'; 'vic firth Single Dragadiddle',,11.05,False,not Creative Commons (link only),False,pick
36,Drag Paradiddle #1,False,w0tOI_cpdU8,https://www.youtube.com/watch?v=w0tOI_cpdU8,Pearl Drum Rudiments - Drag Paradiddle #1,Pearl Drums,https://www.youtube.com/channel/UCmGi7DMBXl7aTOG1HDbRWoQ,121000,yes,known channel (pearl),Standard,,60,1920,1080,30.0,False,20130723,4430,three-quarter,yes,thumbnail (auto),0.88,,True,False,demo,'Drag Paradiddle 1 rudiment',,10.96,False,not Creative Commons (link only),False,pick
36,Drag Paradiddle #1,False,wkDS9ly19cE,https://www.youtube.com/watch?v=wkDS9ly19cE,Drag Paradiddle #1,robertinventor,https://www.youtube.com/channel/UCoDTNY169IIPUivH0sI9rrw,11300,no,,CC-BY,Creative Commons Attribution license (reuse allowed),41,1280,720,30.0,False,20110522,1401,no player found,no,thumbnail (auto),,,True,False,demo,'Drag Paradiddle 1 snare drum'; 'drag paradiddle 1 rudiment'; CC 'Drag Paradiddle 1 drum'; CC 'Drag Paradiddle 1 lesson'; CC 'Drag Paradiddle 1 rudiment'; CC 'Drag Paradiddle 1 snare'; CC 'Drag Paradiddle 1 tutorial'; CC 'Drag Paradiddle 1'; CC 'Drag Paradiddle 2 drum'; CC 'Drag Paradiddle 2 lesson',short; mentions click or metronome,6.26,False,no player or hands in the thumbnail,False,also found
36,Drag Paradiddle #1,False,mtSMy9Dm-j0,https://www.youtube.com/watch?v=mtSMy9Dm-j0,Drag Paradiddle#1,null,https://www.youtube.com/channel/UCoiP3HEJH-eicv8O3AqW1AA,17300,no,,CC-BY,Creative Commons Attribution license (reuse allowed),46,1920,1080,30.0,False,20190501,49,no player found,no,thumbnail (auto),,,True,False,demo,CC 'Drag Paradiddle 1 drum'; CC 'Drag Paradiddle 1 lesson'; CC 'Drag Paradiddle 1 rudiment'; CC 'Drag Paradiddle 1 snare'; CC 'Drag Paradiddle 1 tutorial'; CC 'Drag Paradiddle 1'; CC 'Drag Paradiddle 2 drum'; CC 'Drag Paradiddle 2 lesson'; CC 'Drag Paradiddle 2 rudiment'; CC 'Drag Paradiddle 2 snare,short,5.68,False,no player or hands in the thumbnail,False,also found
36,Drag Paradiddle #1,False,qtssodMT6hc,https://www.youtube.com/watch?v=qtssodMT6hc,Pearl Drum Rudiments - Drag Paradiddle #1,Pearl Drums,https://www.youtube.com/channel/UCmGi7DMBXl7aTOG1HDbRWoQ,121000,yes,known channel (pearl),Standard,,45,1280,720,30.0,False,20120813,4001,three-quarter,yes,thumbnail (auto),0.85,,True,False,demo,'Drag Paradiddle 1 drum rudiment lesson'; 'Drag Paradiddle 1 rudiment practice pad'; 'Drag Paradiddle 1 rudiment'; 'Drag Paradiddle 1 snare drum'; 'drag paradiddle 1 rudiment',short,10.94,False,not Creative Commons (link only),False,also found
36,Drag Paradiddle #1,False,Lcqc7Oe4F1E,https://www.youtube.com/watch?v=Lcqc7Oe4F1E,How To Play A Drag Paradiddle #1 On The Drums - Drum Rudiment Lesson,Drumeo,https://www.youtube.com/channel/UCBiJBaDaM3K6vPVggLhTyWA,5630000,yes,known channel (drumeo),Standard,,189,2560,1440,24.0,False,20230312,14628,three-quarter,no,thumbnail (auto),0.77,,True,False,demo,'Drag Paradiddle 1 drum rudiment lesson'; 'Drag Paradiddle 1 rudiment'; 'Drag Paradiddle 1 snare drum'; 'Drag Paradiddle 2 rudiment'; 'drag paradiddle 1 rudiment'; 'drag paradiddle no. 1 rudiment',,10.17,False,not Creative Commons (link only),False,also found
36,Drag Paradiddle #1,False,SdM_f-rEXvA,https://www.youtube.com/watch?v=SdM_f-rEXvA,Snare Rudiment: Drag Paradiddle #1,Rudimental Lick of the Week,https://www.youtube.com/channel/UC59cdVwbhsqSnHo4JWEq5Ag,93,yes,known channel (rudimental),Standard,,19,1920,1080,10.0,False,20160209,49,no player found,no,thumbnail (auto),,,True,False,demo,'Drag Paradiddle 1 rudiment'; 'Drag Paradiddle 1 snare drum',short,7.68,False,not Creative Commons (link only),False,also found
36,Drag Paradiddle #1,False,_ADUjbu0VIM,https://www.youtube.com/watch?v=_ADUjbu0VIM,Drag Paradiddle #1 - Drum Rudiment Lesson,Niels Myrner,https://www.youtube.com/channel/UCC4I4qtkFIObozZ0D6XNGPw,57200,no,,Standard,,134,1920,1080,24.0,False,20120513,38321,hands only,one,thumbnail (auto),,,True,False,demo,'Drag Paradiddle 1 drum rudiment lesson'; 'Drag Paradiddle 1 rudiment practice pad'; 'Drag Paradiddle 1 rudiment'; 'Drag Paradiddle 1 snare drum'; 'Drag Paradiddle 2 rudiment'; 'drag paradiddle 1 rudiment'; 'drag paradiddle no. 1 rudiment'; 'vic firth Drag Paradiddle 1',,6.83,False,not Creative Commons (link only),False,also found
36,Drag Paradiddle #1,False,GhTNlmuD9u0,https://www.youtube.com/watch?v=GhTNlmuD9u0,Drum Rudiments #36 - Drag Paradiddle #1 - DrumRudiments.com,DrumRudiments,https://www.youtube.com/channel/UCFjAPbK0sCk_5TKsgSmSQzQ,32600,no,,Standard,,34,432,360,30.0,False,20070320,156674,no player found,no,thumbnail (auto),,,True,False,demo,'Drag Paradiddle 1 drum rudiment lesson'; 'Drag Paradiddle 1 rudiment practice pad'; 'Drag Paradiddle 1 rudiment'; 'Drag Paradiddle 2 rudiment practice pad'; 'Drag rudiment practice pad'; 'Drag rudiment'; 'Single Dragadiddle rudiment practice pad'; 'drag paradiddle 1 rudiment'; 'vic firth Drag Parad,short,6.08,False,not Creative Commons (link only),False,also found
37,Drag Paradiddle #2,False,ihwUkhgiybg,https://www.youtube.com/watch?v=ihwUkhgiybg,Drag Paradiddle #2 - Drum Rudiment Lesson (Drumeo),Drumeo,https://www.youtube.com/channel/UCBiJBaDaM3K6vPVggLhTyWA,5630000,yes,known channel (drumeo),Standard,,68,1920,1080,24.0,False,20161209,28410,three-quarter,yes,thumbnail (auto),0.79,,True,False,demo,'Drag Paradiddle 2 drum rudiment lesson'; 'Drag Paradiddle 2 rudiment practice pad'; 'Drag Paradiddle 2 rudiment'; 'Drag Paradiddle 2 snare drum'; 'drag paradiddle 2 rudiment'; 'drag paradiddle no. 2 rudiment'; 'dragadiddle rudiment'; 'vic firth Drag Paradiddle 2',,11.28,False,not Creative Commons (link only),False,pick
37,Drag Paradiddle #2,False,9uG5zrIPQ9c,https://www.youtube.com/watch?v=9uG5zrIPQ9c,How To Play A Drag Paradiddle #2 - Drum Rudiment Lesson,Drumeo,https://www.youtube.com/channel/UCBiJBaDaM3K6vPVggLhTyWA,5630000,yes,known channel (drumeo),Standard,,139,2560,1440,24.0,False,20230107,8927,three-quarter,yes,thumbnail (auto),0.83,,True,False,demo,'Drag Paradiddle 1 drum rudiment lesson'; 'Drag Paradiddle 1 snare drum'; 'Drag Paradiddle 2 drum rudiment lesson'; 'Drag Paradiddle 2 rudiment practice pad'; 'Drag Paradiddle 2 rudiment'; 'Drag Paradiddle 2 snare drum'; 'Drag drum rudiment lesson'; 'Drag rudiment'; 'drag paradiddle 2 rudiment'; 'dr,,11.08,False,not Creative Commons (link only),False,pick
37,Drag Paradiddle #2,False,VMFOs_ekgko,https://www.youtube.com/watch?v=VMFOs_ekgko,Drag Paradiddle #2: Rudiment Breakdown by Dr. John Wooton,Vic Firth,https://www.youtube.com/channel/UC9N2JaiIWYR2GEN1tgHAczA,634000,yes,known channel (vic firth),Standard,,112,1920,1080,30.0,False,20120413,3730,three-quarter,yes,thumbnail (auto),0.83,,True,False,demo,'Drag Paradiddle 2 drum rudiment lesson'; 'Drag Paradiddle 2 snare drum'; 'drag paradiddle 2 rudiment'; 'vic firth Drag Paradiddle 1'; 'vic firth Drag Paradiddle 2'; 'vic firth Drag',,10.93,False,not Creative Commons (link only),False,pick
37,Drag Paradiddle #2,False,spKA0gBZRBg,https://www.youtube.com/watch?v=spKA0gBZRBg,Pearl Drum Rudiments - Drag Paradiddle #2,Pearl Drums,https://www.youtube.com/channel/UCmGi7DMBXl7aTOG1HDbRWoQ,121000,yes,known channel (pearl),Standard,,50,1280,720,30.0,False,20120813,3445,three-quarter,yes,thumbnail (auto),0.77,,True,False,demo,'Drag Paradiddle 2 drum rudiment lesson'; 'Drag Paradiddle 2 rudiment practice pad'; 'Drag Paradiddle 2 snare drum'; 'drag paradiddle 2 rudiment'; 'vic firth Drag Paradiddle 2',short,10.91,False,not Creative Commons (link only),False,pick
37,Drag Paradiddle #2,False,EPYf1ySQXMI,https://www.youtube.com/watch?v=EPYf1ySQXMI,How To Play A Drag Paradiddle #2 On The Drums  - Drum Rudiment Lesson,Drumeo,https://www.youtube.com/channel/UCBiJBaDaM3K6vPVggLhTyWA,5630000,yes,known channel (drumeo),Standard,,182,2560,1440,24.0,False,20230312,4098,unknown,no,thumbnail (auto),,,True,False,demo,'Drag Paradiddle 2 drum rudiment lesson'; 'Drag Paradiddle 2 rudiment'; 'Drag Paradiddle 2 snare drum'; 'drag paradiddle 2 rudiment'; 'vic firth Drag Paradiddle 2',,9.45,False,not Creative Commons (link only),False,pick
37,Drag Paradiddle #2,False,bInWxYY_Za0,https://www.youtube.com/watch?v=bInWxYY_Za0,Drag Paradiddle#2,null,https://www.youtube.com/channel/UCoiP3HEJH-eicv8O3AqW1AA,17300,no,,CC-BY,Creative Commons Attribution license (reuse allowed),59,1920,1080,30.0,False,20190501,12,no player found,no,thumbnail (auto),,,True,False,demo,CC 'Drag Paradiddle 2 drum'; CC 'Drag Paradiddle 2 lesson'; CC 'Drag Paradiddle 2 rudiment'; CC 'Drag Paradiddle 2 snare'; CC 'Drag Paradiddle 2 tutorial'; CC 'Drag Paradiddle 2'; CC 'Drag rudiment'; CC 'Drag snare'; CC 'drag paradiddle 2 rudiment'; CC 'drag paradiddle number 2 rudiment',short,5.45,False,no player or hands in the thumbnail,False,also found
37,Drag Paradiddle #2,False,DhytkbGyZl0,https://www.youtube.com/watch?v=DhytkbGyZl0,Drag Paradiddle #2 3D with slight buzz roll type effect,robertinventor,https://www.youtube.com/channel/UCoDTNY169IIPUivH0sI9rrw,11300,no,,CC-BY,Creative Commons Attribution license (reuse allowed),50,1280,720,30.0,False,20110530,2645,no player found,no,thumbnail (auto),,,True,False,other instrument or animation,CC '13 stroke roll rudiment'; CC '15 stroke roll rudiment'; CC '9 stroke roll rudiment'; CC 'Double Drag Tap drum'; CC 'Double Drag Tap rudiment'; CC 'Drag Paradiddle 1 drum'; CC 'Drag Paradiddle 1 lesson'; CC 'Drag Paradiddle 1 rudiment'; CC 'Drag Paradiddle 1 snare'; CC 'Drag Paradiddle 1 tutorial,short; mentions click or metronome,1.37,False,other instrument or animation; no player or hands in the thumbnail,False,also found
37,Drag Paradiddle #2,False,ptixoslyIfw,https://www.youtube.com/watch?v=ptixoslyIfw,Pearl Drum Rudiments - Drag Paradiddle # 2,Pearl Drums,https://www.youtube.com/channel/UCmGi7DMBXl7aTOG1HDbRWoQ,121000,yes,known channel (pearl),Standard,,57,1920,1080,30.0,False,20130723,1924,unknown,no,thumbnail (auto),,,True,False,demo,'Drag Paradiddle 2 snare drum'; 'drag paradiddle no. 2 rudiment',short,9.31,False,not Creative Commons (link only),False,also found
37,Drag Paradiddle #2,False,X9GHtle7zjc,https://www.youtube.com/watch?v=X9GHtle7zjc,Snare Rudiment: Drag Paradiddle #2,Rudimental Lick of the Week,https://www.youtube.com/channel/UC59cdVwbhsqSnHo4JWEq5Ag,93,yes,known channel (rudimental),Standard,,24,1920,1080,10.0,False,20160403,60,no player found,no,thumbnail (auto),,,True,False,demo,'Drag Paradiddle 2 snare drum'; 'drag paradiddle 2 rudiment',short,8.71,False,not Creative Commons (link only),False,also found
37,Drag Paradiddle #2,False,fONrz_jRnD4,https://www.youtube.com/watch?v=fONrz_jRnD4,Drag Paradiddle #2 - Drum Rudiment Lesson,Niels Myrner,https://www.youtube.com/channel/UCC4I4qtkFIObozZ0D6XNGPw,57200,no,,Standard,,136,1920,1080,24.0,False,20120513,14559,front,one,thumbnail (auto),1.2,,True,False,demo,'Drag Paradiddle 2 drum rudiment lesson'; 'Drag Paradiddle 2 rudiment practice pad'; 'Drag Paradiddle 2 snare drum'; 'drag paradiddle 2 rudiment'; 'vic firth Drag Paradiddle 2',,6.67,False,not Creative Commons (link only),False,also found
37,Drag Paradiddle #2,False,2ekg7s82HRE,https://www.youtube.com/watch?v=2ekg7s82HRE,Drum Rudiments #37 - Drag Paradiddle #2 - DrumRudiments.com,DrumRudiments,https://www.youtube.com/channel/UCFjAPbK0sCk_5TKsgSmSQzQ,32600,no,,Standard,,45,432,360,30.0,False,20070320,222975,no player found,no,thumbnail (auto),,,True,False,demo,'Drag Paradiddle 2 rudiment practice pad'; 'vic firth Drag Paradiddle 2',short,6.14,False,not Creative Commons (link only),False,also found
37,Drag Paradiddle #2,False,deBHflvG58g,https://www.youtube.com/watch?v=deBHflvG58g,DRUM LESSON - DRAG PARADIDDLE #2,George Shepherd,https://www.youtube.com/channel/UCx6SEzEfSpkdp2cfrSkVM0Q,2700,no,,Standard,,48,320,266,30.0,False,20061209,58481,front,one,thumbnail (auto),1.32,,True,False,demo,'Drag Paradiddle 2 drum rudiment lesson'; 'Drag Paradiddle 2 snare drum',short,5.91,False,not Creative Commons (link only),False,also found
38,Single Ratamacue,False,FInaxWJJfa4,https://www.youtube.com/watch?v=FInaxWJJfa4,SINGLE RATAMACUE RUDIMENT WITH NATATION | TECHNICAL MUSICIAN @klarisache,EAVE,https://www.youtube.com/channel/UCNXjDyAvZetqX_3vaXos_Pw,30,no,,CC-BY,Creative Commons Attribution license (reuse allowed),96,1920,1080,60.0,True,20190801,41,three-quarter,yes,thumbnail (auto),0.64,,True,False,demo,CC 'Double Ratamacue drum'; CC 'Double Ratamacue lesson'; CC 'Double Ratamacue rudiment'; CC 'Double Ratamacue snare'; CC 'Double Ratamacue tutorial'; CC 'Double Ratamacue'; CC 'Drag rudiment'; CC 'Single Ratamacue drum'; CC 'Single Ratamacue lesson'; CC 'Single Ratamacue rudiment'; CC 'Single Ratam,,8.15,True,,False,pick
38,Single Ratamacue,False,YCJFho_gJso,https://www.youtube.com/watch?v=YCJFho_gJso,Single Ratamacue,null,https://www.youtube.com/channel/UCoiP3HEJH-eicv8O3AqW1AA,17300,no,,CC-BY,Creative Commons Attribution license (reuse allowed),69,1920,1080,30.0,False,20190501,39,front,one,thumbnail (auto),3.46,,True,False,demo,CC 'Single Ratamacue drum'; CC 'Single Ratamacue lesson'; CC 'Single Ratamacue rudiment'; CC 'Single Ratamacue snare'; CC 'Single Ratamacue',,5.64,True,,False,pick
38,Single Ratamacue,False,EqAKWvijlgA,https://www.youtube.com/watch?v=EqAKWvijlgA,Single Ratamacue - Drum Rudiment Lesson (Drumeo),Drumeo,https://www.youtube.com/channel/UCBiJBaDaM3K6vPVggLhTyWA,5630000,yes,known channel (drumeo),Standard,,73,1920,1080,24.0,False,20161209,102143,three-quarter,yes,thumbnail (auto),0.88,,True,False,demo,'Double Ratamacue drum rudiment lesson'; 'Double Ratamacue rudiment'; 'Flamacue drum rudiment lesson'; 'Single Ratamacue drum rudiment lesson'; 'Single Ratamacue rudiment practice pad'; 'Single Ratamacue rudiment'; 'Single Ratamacue snare drum'; 'Single Stroke Four drum rudiment lesson'; 'Triple Rat,,11.5,False,not Creative Commons (link only),False,pick
38,Single Ratamacue,False,TP-icZrYnkM,https://www.youtube.com/watch?v=TP-icZrYnkM,Single Ratamacue: Rudiment Breakdown by Dr. John Wooton,Vic Firth,https://www.youtube.com/channel/UC9N2JaiIWYR2GEN1tgHAczA,634000,yes,known channel (vic firth),Standard,,99,1920,1080,30.0,False,20120413,35319,front,yes,thumbnail (auto),2.01,,True,False,demo,'Single Ratamacue drum rudiment lesson'; 'Single Ratamacue rudiment'; 'vic firth Double Ratamacue'; 'vic firth Single Ratamacue',,10.82,False,not Creative Commons (link only),False,pick
38,Single Ratamacue,False,-_YGp8bKJ1c,https://www.youtube.com/watch?v=-_YGp8bKJ1c,Pearl Drum Rudiments - Single Ratamacue,Pearl Drums,https://www.youtube.com/channel/UCmGi7DMBXl7aTOG1HDbRWoQ,121000,yes,known channel (pearl),Standard,,46,1280,720,30.0,False,20120813,6785,no player found,no,thumbnail (auto),,,True,False,demo,'Single Ratamacue rudiment'; 'vic firth Single Ratamacue',short,9.53,False,not Creative Commons (link only),False,pick
38,Single Ratamacue,False,-jkcBNu2Or0,https://www.youtube.com/watch?v=-jkcBNu2Or0,Pearl Drum Rudiments - Single Ratamacue,Pearl Drums,https://www.youtube.com/channel/UCmGi7DMBXl7aTOG1HDbRWoQ,121000,yes,known channel (pearl),Standard,,204,2560,1440,30.0,False,20221027,1716,no player found,no,thumbnail (auto),,,True,False,demo,'Single Ratamacue drum rudiment lesson',,9.29,False,not Creative Commons (link only),False,pick
38,Single Ratamacue,False,EMgth2D43IU,https://www.youtube.com/watch?v=EMgth2D43IU,Single Ratamacue - Drum Lessons,Drumeo,https://www.youtube.com/channel/UCBiJBaDaM3K6vPVggLhTyWA,5630000,yes,known channel (drumeo),Standard,,83,640,480,30.0,False,20070811,51638,no player found,no,thumbnail (auto),,,True,False,demo,'Single Ratamacue drum rudiment lesson',,8.89,False,not Creative Commons (link only),False,pick
38,Single Ratamacue,False,7DSI4vtJ6tg,https://www.youtube.com/watch?v=7DSI4vtJ6tg,How to Play a Single Ratamacue - Snare Drum TV,PatrickMcLaughlin,https://www.youtube.com/channel/UCAgxN5kyAyrmHJyXroIALKA,9520,no,,Standard,,111,1280,720,30.0,False,20111014,17675,three-quarter,yes,thumbnail (auto),0.72,,True,False,demo,'Single Ratamacue drum rudiment lesson'; 'Single Ratamacue rudiment practice pad'; 'Single Ratamacue snare drum',,8.2,False,not Creative Commons (link only),False,also found
38,Single Ratamacue,False,vd3AfoBgfxg,https://www.youtube.com/watch?v=vd3AfoBgfxg,Single Ratamacue - Drum Rudiment Lesson,Niels Myrner,https://www.youtube.com/channel/UCC4I4qtkFIObozZ0D6XNGPw,57200,no,,Standard,,105,1920,1080,24.0,False,20120328,31624,hands only,one,thumbnail (auto),,,True,False,demo,'Single Ratamacue drum rudiment lesson'; 'Single Ratamacue rudiment practice pad'; 'Single Ratamacue rudiment'; 'Triple Ratamacue rudiment practice pad'; 'vic firth Single Ratamacue',,6.8,False,not Creative Commons (link only),False,also found
38,Single Ratamacue,False,GFwx-J0E7gI,https://www.youtube.com/watch?v=GFwx-J0E7gI,Drum Rudiments #38 - Single Ratamacue - DrumRudiments.com,DrumRudiments,https://www.youtube.com/channel/UCFjAPbK0sCk_5TKsgSmSQzQ,32600,no,,Standard,,36,432,360,30.0,False,20070320,280248,no player found,no,thumbnail (auto),,,True,False,demo,'Single Ratamacue rudiment practice pad'; 'Single Ratamacue rudiment'; 'Triple Ratamacue rudiment practice pad'; 'vic firth Single Ratamacue',short,6.18,False,not Creative Commons (link only),False,also found
38,Single Ratamacue,False,DFSUoDVFU9Q,https://www.youtube.com/watch?v=DFSUoDVFU9Q,DRUM LESSON - SINGLE RATAMACUE,George Shepherd,https://www.youtube.com/channel/UCx6SEzEfSpkdp2cfrSkVM0Q,2700,no,,Standard,,38,320,266,30.0,False,20061209,44007,no player found,no,thumbnail (auto),,,True,False,demo,'Single Ratamacue drum rudiment lesson',short,5.86,False,not Creative Commons (link only),False,also found
38,Single Ratamacue,False,m7EU2F2sORM,https://www.youtube.com/watch?v=m7EU2F2sORM,Cajon Tutorial: Single Ratamacue Lesson,Ross McCallum,https://www.youtube.com/channel/UCADnQYNdiDs-Dxgu66I6npQ,118000,yes,118k subscribers,Standard,,335,640,360,30.0,False,20111129,22193,hands only,yes,thumbnail (auto),,,True,False,other instrument or animation,'Single Ratamacue snare drum',7 chapters,4.74,False,not Creative Commons (link only),False,also found
39,Double Ratamacue,False,cmbpuzSAdXQ,https://www.youtube.com/watch?v=cmbpuzSAdXQ,Essential Drum Rudiments: Double Ratamacue 🥁,DrumScoresOnline,https://www.youtube.com/channel/UCqoX1-UytpZkOaWbeSitd4g,5440,no,,CC-BY,Creative Commons Attribution license (reuse allowed),10,720,1280,50.0,True,20250128,2685,hands only,yes,thumbnail (auto),,,True,False,demo,CC 'Double Ratamacue tutorial'; CC 'Double Ratamacue'; CC 'Single Ratamacue tutorial'; CC 'drum rudiment tutorial',short; vertical,7.37,True,,False,pick
39,Double Ratamacue,False,0_cwjKF1jDI,https://www.youtube.com/watch?v=0_cwjKF1jDI,Double Ratamacue - Drum Rudiment Lesson (Drumeo),Drumeo,https://www.youtube.com/channel/UCBiJBaDaM3K6vPVggLhTyWA,5630000,yes,known channel (drumeo),Standard,,52,1920,1080,24.0,False,20161209,50275,three-quarter,yes,thumbnail (auto),0.85,,True,False,demo,'Double Ratamacue drum rudiment lesson'; 'Double Ratamacue rudiment practice pad'; 'Double Ratamacue rudiment'; 'Double Ratamacue snare drum'; 'Triple Ratamacue rudiment practice pad',short,11.38,False,not Creative Commons (link only),False,pick
39,Double Ratamacue,False,iEY4VXLzFp4,https://www.youtube.com/watch?v=iEY4VXLzFp4,How To Play A Double Ratamacue - Drum Rudiment Lesson,Drumeo,https://www.youtube.com/channel/UCBiJBaDaM3K6vPVggLhTyWA,5630000,yes,known channel (drumeo),Standard,,141,2560,1440,24.0,False,20230107,17675,three-quarter,yes,thumbnail (auto),0.84,,True,False,demo,'Double Ratamacue drum rudiment lesson'; 'Double Ratamacue rudiment practice pad'; 'Double Ratamacue rudiment'; 'Double Ratamacue snare drum'; 'vic firth Double Ratamacue',,11.2,False,not Creative Commons (link only),False,pick
39,Double Ratamacue,False,7MSbP3ZHP2M,https://www.youtube.com/watch?v=7MSbP3ZHP2M,Double Ratamacue: Rudiment Breakdown by Dr. John Wooton,Vic Firth,https://www.youtube.com/channel/UC9N2JaiIWYR2GEN1tgHAczA,634000,yes,known channel (vic firth),Standard,,92,1920,1080,30.0,False,20120413,7414,three-quarter,yes,thumbnail (auto),0.78,,True,False,demo,'vic firth Double Ratamacue',,11.05,False,not Creative Commons (link only),False,pick
39,Double Ratamacue,False,DOHgVMWmHMg,https://www.youtube.com/watch?v=DOHgVMWmHMg,Pearl Drum Rudiments - Double Ratamacue,Pearl Drums,https://www.youtube.com/channel/UCmGi7DMBXl7aTOG1HDbRWoQ,121000,yes,known channel (pearl),Standard,,49,1920,1080,30.0,False,20130723,2424,three-quarter,yes,thumbnail (auto),0.89,,True,False,demo,'Double Ratamacue drum rudiment lesson'; 'Double Ratamacue rudiment'; 'vic firth Double Ratamacue',short,10.85,False,not Creative Commons (link only),False,pick
39,Double Ratamacue,False,AV9sN4OhhaM,https://www.youtube.com/watch?v=AV9sN4OhhaM,Double Ratamacue - Drum Lessons,Drumeo,https://www.youtube.com/channel/UCBiJBaDaM3K6vPVggLhTyWA,5630000,yes,known channel (drumeo),Standard,,85,640,480,30.0,False,20070811,22645,front,yes,thumbnail (auto),1.09,,True,False,demo,'Double Ratamacue drum rudiment lesson'; 'Double Ratamacue rudiment',,9.74,False,not Creative Commons (link only),False,pick
39,Double Ratamacue,False,VxJVbJe5gss,https://www.youtube.com/watch?v=VxJVbJe5gss,Double Ratamacue,null,https://www.youtube.com/channel/UCoiP3HEJH-eicv8O3AqW1AA,17300,no,,CC-BY,Creative Commons Attribution license (reuse allowed),51,1920,1080,30.0,False,20190501,48,no player found,no,thumbnail (auto),,,True,False,demo,CC 'Double Ratamacue drum'; CC 'Double Ratamacue lesson'; CC 'Double Ratamacue rudiment'; CC 'Double Ratamacue snare'; CC 'Double Ratamacue tutorial'; CC 'Double Ratamacue'; CC 'Triple Paradiddle'; CC 'Triple Ratamacue drum'; CC 'Triple Ratamacue lesson'; CC 'Triple Ratamacue rudiment'; CC 'Triple R,short,5.68,False,no player or hands in the thumbnail,False,also found
39,Double Ratamacue,False,yFykXZjt1Oo,https://www.youtube.com/watch?v=yFykXZjt1Oo,How To Play A Double Ratamacue On The Drums - Drum Rudiment Lesson,Drumeo,https://www.youtube.com/channel/UCBiJBaDaM3K6vPVggLhTyWA,5630000,yes,known channel (drumeo),Standard,,178,2560,1440,24.0,False,20230312,3738,unknown,no,thumbnail (auto),,,True,False,demo,'Double Ratamacue drum rudiment lesson'; 'Double Ratamacue rudiment'; 'Double Ratamacue snare drum',,9.43,False,not Creative Commons (link only),False,also found
39,Double Ratamacue,False,gapZHHukW2c,https://www.youtube.com/watch?v=gapZHHukW2c,Pearl Drum Rudiments - Double Ratamacue,Pearl Drums,https://www.youtube.com/channel/UCmGi7DMBXl7aTOG1HDbRWoQ,121000,yes,known channel (pearl),Standard,,48,1280,720,30.0,False,20120813,3556,unknown,no,thumbnail (auto),,,True,False,demo,'Double Ratamacue drum rudiment lesson'; 'Double Ratamacue rudiment practice pad'; 'Double Ratamacue rudiment'; 'Double Ratamacue snare drum'; 'vic firth Double Ratamacue',short,9.42,False,not Creative Commons (link only),False,also found
39,Double Ratamacue,False,8DgLYX1A-KY,https://www.youtube.com/watch?v=8DgLYX1A-KY,Double Ratamacue - Drum Rudiment Lesson,Niels Myrner,https://www.youtube.com/channel/UCC4I4qtkFIObozZ0D6XNGPw,57200,no,,Standard,,100,1920,1080,24.0,False,20120513,11750,unknown,one,thumbnail (auto),,,True,False,demo,'Double Ratamacue drum rudiment lesson'; 'Double Ratamacue rudiment practice pad'; 'Double Ratamacue rudiment',,6.63,False,not Creative Commons (link only),False,also found
39,Double Ratamacue,False,CkDD5-K7840,https://www.youtube.com/watch?v=CkDD5-K7840,Drum Rudiments #39 - Double Ratamacue - DrumRudiments.com,DrumRudiments,https://www.youtube.com/channel/UCFjAPbK0sCk_5TKsgSmSQzQ,32600,no,,Standard,,31,432,360,30.0,False,20070320,187215,no player found,no,thumbnail (auto),,,True,False,demo,'Double Ratamacue rudiment practice pad'; 'Double Ratamacue rudiment'; 'Double Ratamacue snare drum'; 'Triple Ratamacue rudiment practice pad'; 'vic firth Double Ratamacue',short,6.11,False,not Creative Commons (link only),False,also found
39,Double Ratamacue,False,Ga_vvtVcp3s,https://www.youtube.com/watch?v=Ga_vvtVcp3s,DRUM LESSON - DOUBLE RATAMACUE,George Shepherd,https://www.youtube.com/channel/UCx6SEzEfSpkdp2cfrSkVM0Q,2700,no,,Standard,,34,320,266,30.0,False,20061209,14695,no player found,no,thumbnail (auto),,,True,False,demo,'Double Ratamacue drum rudiment lesson'; 'Double Ratamacue rudiment practice pad',short,5.67,False,not Creative Commons (link only),False,also found
40,Triple Ratamacue,False,enJ1XVeepyM,https://www.youtube.com/watch?v=enJ1XVeepyM,Triple Ratamacue - Drum Rudiment Lesson (Drumeo),Drumeo,https://www.youtube.com/channel/UCBiJBaDaM3K6vPVggLhTyWA,5630000,yes,known channel (drumeo),Standard,,60,1920,1080,24.0,False,20161209,50776,three-quarter,yes,thumbnail (auto),0.78,,True,False,demo,'Triple Ratamacue drum rudiment lesson'; 'Triple Ratamacue rudiment practice pad'; 'Triple Ratamacue snare drum'; 'vic firth Triple Ratamacue',,11.38,False,not Creative Commons (link only),False,pick
40,Triple Ratamacue,False,RP5SC45FBWA,https://www.youtube.com/watch?v=RP5SC45FBWA,How To Play A Triple Ratamacue - Drum Rudiment Lesson,Drumeo,https://www.youtube.com/channel/UCBiJBaDaM3K6vPVggLhTyWA,5630000,yes,known channel (drumeo),Standard,,135,2560,1440,24.0,False,20230107,15123,three-quarter,yes,thumbnail (auto),0.84,,True,False,demo,'Triple Ratamacue drum rudiment lesson'; 'Triple Ratamacue rudiment practice pad'; 'Triple Ratamacue rudiment'; 'Triple Ratamacue snare drum'; 'vic firth Triple Ratamacue',,11.17,False,not Creative Commons (link only),False,pick
40,Triple Ratamacue,False,2czwScAsgFs,https://www.youtube.com/watch?v=2czwScAsgFs,Triple Ratamacue: Rudiment Breakdown by Dr. John Wooton,Vic Firth,https://www.youtube.com/channel/UC9N2JaiIWYR2GEN1tgHAczA,634000,yes,known channel (vic firth),Standard,,96,1920,1080,30.0,False,20120413,11188,three-quarter,yes,thumbnail (auto),0.83,,True,False,demo,'Triple Ratamacue rudiment'; 'vic firth Triple Ratamacue',,11.12,False,not Creative Commons (link only),False,pick
40,Triple Ratamacue,False,MH4mDA3HqxE,https://www.youtube.com/watch?v=MH4mDA3HqxE,Pearl Drum Rudiments - Triple Ratamacue,Pearl Drums,https://www.youtube.com/channel/UCmGi7DMBXl7aTOG1HDbRWoQ,121000,yes,known channel (pearl),Standard,,50,1280,720,30.0,False,20120813,7126,three-quarter,yes,thumbnail (auto),0.88,,True,False,demo,'Triple Ratamacue drum rudiment lesson'; 'Triple Ratamacue snare drum'; 'vic firth Triple Ratamacue',short,11.04,False,not Creative Commons (link only),False,pick
40,Triple Ratamacue,False,0CLt8XT8Lbw,https://www.youtube.com/watch?v=0CLt8XT8Lbw,Pearl Drum Rudiments - Triple Ratamacue,Pearl Drums,https://www.youtube.com/channel/UCmGi7DMBXl7aTOG1HDbRWoQ,121000,yes,known channel (pearl),Standard,,62,1920,1080,30.0,False,20130723,3813,three-quarter,yes,thumbnail (auto),0.84,,True,False,demo,'Triple Ratamacue drum rudiment lesson'; 'Triple Ratamacue snare drum',,10.93,False,not Creative Commons (link only),False,pick
40,Triple Ratamacue,False,gxnjB7Oy8dM,https://www.youtube.com/watch?v=gxnjB7Oy8dM,Rudiments 101. The Triple Ratamacue.,Ali (Alipool),https://www.youtube.com/channel/UCIEg5pQYHacshaYoqwremCA,282,no,,CC-BY,Creative Commons Attribution license (reuse allowed),457,320,240,30.0,False,20120201,152,front,yes,thumbnail (auto),1.24,,True,False,demo,'Triple Ratamacue drum rudiment lesson'; CC '40 drum rudiments'; CC '5 stroke roll rudiment'; CC '9 stroke roll rudiment'; CC 'Double Drag Tap rudiment'; CC 'Double Ratamacue drum'; CC 'Double Ratamacue lesson'; CC 'Double Ratamacue rudiment'; CC 'Double Ratamacue snare'; CC 'Double Ratamacue tutori,,5.87,False,only 240p,False,also found
40,Triple Ratamacue,False,CmTmaHSIqts,https://www.youtube.com/watch?v=CmTmaHSIqts,Triple Ratamacue,null,https://www.youtube.com/channel/UCoiP3HEJH-eicv8O3AqW1AA,17300,no,,CC-BY,Creative Commons Attribution license (reuse allowed),50,1920,1080,30.0,False,20190501,66,no player found,no,thumbnail (auto),,,True,False,demo,CC '40 essential rudiments'; CC 'Double Ratamacue drum'; CC 'Double Ratamacue lesson'; CC 'Double Ratamacue rudiment'; CC 'Double Ratamacue snare'; CC 'Double Ratamacue tutorial'; CC 'Double Ratamacue'; CC 'Single Ratamacue drum'; CC 'Single Ratamacue lesson'; CC 'Single Ratamacue rudiment'; CC 'Sin,short,5.73,False,no player or hands in the thumbnail,False,also found
40,Triple Ratamacue,False,NTlFPo09Tj8,https://www.youtube.com/watch?v=NTlFPo09Tj8,Triple Ratamacue - Drum Lessons,Drumeo,https://www.youtube.com/channel/UCBiJBaDaM3K6vPVggLhTyWA,5630000,yes,known channel (drumeo),Standard,,100,640,480,30.0,False,20070811,41794,three-quarter,yes,thumbnail (auto),0.94,,True,False,demo,'Triple Ratamacue drum rudiment lesson'; 'vic firth Triple Ratamacue',,10.35,False,not Creative Commons (link only),False,also found
40,Triple Ratamacue,False,XfHVe1seQTI,https://www.youtube.com/watch?v=XfHVe1seQTI,How To Play A Triple Ratamacue On The Drums - Drum Rudiment Lesson,Drumeo,https://www.youtube.com/channel/UCBiJBaDaM3K6vPVggLhTyWA,5630000,yes,known channel (drumeo),Standard,,178,2560,1440,24.0,False,20230312,3613,three-quarter,no,thumbnail (auto),0.74,,True,False,demo,'Triple Ratamacue drum rudiment lesson'; 'Triple Ratamacue rudiment',,9.92,False,not Creative Commons (link only),False,also found
40,Triple Ratamacue,False,NduY2gmLpO8,https://www.youtube.com/watch?v=NduY2gmLpO8,Triple Ratamacue,Rudimental Lick of the Week,https://www.youtube.com/channel/UC59cdVwbhsqSnHo4JWEq5Ag,93,yes,known channel (rudimental),Standard,,15,1920,1080,10.0,False,20160404,57,no player found,no,thumbnail (auto),,,True,False,demo,'Triple Ratamacue rudiment practice pad'; 'vic firth Triple Ratamacue',short,7.71,False,not Creative Commons (link only),False,also found
40,Triple Ratamacue,False,OOrttvxjOrw,https://www.youtube.com/watch?v=OOrttvxjOrw,Drum Rudiments #40 - Triple Ratamacue - DrumRudiments.com,DrumRudiments,https://www.youtube.com/channel/UCFjAPbK0sCk_5TKsgSmSQzQ,32600,no,,Standard,,30,432,360,30.0,False,20070320,379206,no player found,no,thumbnail (auto),,,True,False,demo,'Triple Ratamacue drum rudiment lesson'; 'Triple Ratamacue rudiment practice pad'; 'Triple Ratamacue rudiment'; 'Triple Ratamacue snare drum'; 'vic firth Triple Ratamacue',short,6.23,False,not Creative Commons (link only),False,also found
40,Triple Ratamacue,False,JhNmIvjVWWE,https://www.youtube.com/watch?v=JhNmIvjVWWE,DRUM LESSON - TRIPLE RATAMACUE,George Shepherd,https://www.youtube.com/channel/UCx6SEzEfSpkdp2cfrSkVM0Q,2700,no,,Standard,,32,320,266,30.0,False,20061209,35506,no player found,no,thumbnail (auto),,,True,False,demo,'Triple Ratamacue drum rudiment lesson',short,5.82,False,not Creative Commons (link only),False,also found
